2.436353949327713705e-03,4.082270024809986353e-04,1.965480089187622070e+00,1.947912931442260742e+00,1.944570064544677734e+00,1.925461173057556152e+00,1.924826502799987793e+00,1.909276604652404785e+00,1.892768740653991699e+00,1.865061998367309570e+00,1.866775631904602051e+00,1.847598910331726074e+00,1.847808480262756348e+00,1.824537634849548340e+00,1.821906924247741699e+00,1.817385911941528320e+00,1.807100057601928711e+00
2.600530095197632965e-03,3.593736037146300077e-04,1.728329062461853027e+00,1.716096162796020508e+00,1.708611845970153809e+00,1.693320631980895996e+00,1.683358669281005859e+00,1.677583456039428711e+00,1.658077478408813477e+00,1.662565827369689941e+00,1.650130867958068848e+00,1.623897790908813477e+00,1.625977754592895508e+00,1.609556078910827637e+00,1.612504243850708008e+00,1.597619771957397461e+00,1.587882161140441895e+00
2.764706241067552660e-03,3.158293548040091991e-04,1.521880388259887695e+00,1.500935077667236328e+00,1.500774979591369629e+00,1.488798618316650391e+00,1.477630853652954102e+00,1.470504283905029297e+00,1.460638403892517090e+00,1.448812007904052734e+00,1.444534778594970703e+00,1.434968471527099609e+00,1.427361607551574707e+00,1.418933868408203125e+00,1.414369940757751465e+00,1.399104356765747070e+00,1.408195972442626953e+00
2.928882386937472354e-03,2.810393925756216049e-04,1.342965126037597656e+00,1.337078213691711426e+00,1.332098484039306641e+00,1.322560429573059082e+00,1.306568980216979980e+00,1.305234313011169434e+00,1.292039275169372559e+00,1.298515319824218750e+00,1.290013790130615234e+00,1.285733938217163086e+00,1.272023558616638184e+00,1.264859080314636230e+00,1.260517597198486328e+00,1.255065798759460449e+00,1.253082633018493652e+00
3.093058532807391615e-03,2.498890971764922142e-04,1.192826151847839355e+00,1.183861374855041504e+00,1.175209045410156250e+00,1.174343109130859375e+00,1.170560121536254883e+00,1.165768384933471680e+00,1.159869313240051270e+00,1.148317337036132812e+00,1.150037527084350586e+00,1.146938681602478027e+00,1.136643409729003906e+00,1.120826601982116699e+00,1.118562221527099609e+00,1.116636157035827637e+00,1.109328031539916992e+00
3.257234678677311309e-03,2.240434259874746203e-04,1.065668106079101562e+00,1.064462184906005859e+00,1.057825326919555664e+00,1.051781058311462402e+00,1.042929410934448242e+00,1.044089555740356445e+00,1.045223355293273926e+00,1.030721902847290039e+00,1.031902432441711426e+00,1.021003603935241699e+00,1.018897771835327148e+00,1.005779743194580078e+00,1.009825587272644043e+00,1.005280494689941406e+00,9.969467520713806152e-01
3.421410824547230570e-03,2.013478660956025124e-04,9.578118920326232910e-01,9.575046896934509277e-01,9.560381770133972168e-01,9.414186477661132812e-01,9.387505650520324707e-01,9.415106177330017090e-01,9.339487552642822266e-01,9.256772994995117188e-01,9.180396199226379395e-01,9.179201126098632812e-01,9.163240194320678711e-01,9.118287563323974609e-01,9.083333611488342285e-01,9.049685597419738770e-01,8.953802585601806641e-01
3.585586970417150264e-03,1.827940723160281777e-04,8.704938888549804688e-01,8.628565073013305664e-01,8.592128753662109375e-01,8.563585877418518066e-01,8.586506247520446777e-01,8.453857302665710449e-01,8.435795903205871582e-01,8.426508903503417969e-01,8.423714637756347656e-01,8.415782451629638672e-01,8.335360884666442871e-01,8.337905406951904297e-01,8.246333003044128418e-01,8.175050616264343262e-01,8.139378428459167480e-01
3.749763116287069525e-03,1.653878425713628531e-04,7.858595252037048340e-01,7.804861068725585938e-01,7.815731763839721680e-01,7.719088196754455566e-01,7.687600851058959961e-01,7.605476975440979004e-01,7.664827704429626465e-01,7.668684720993041992e-01,7.558727264404296875e-01,7.586280703544616699e-01,7.544779181480407715e-01,7.556915283203125000e-01,7.481813430786132812e-01,7.465692162513732910e-01,7.408975958824157715e-01
3.913939262156988785e-03,1.509552967036142945e-04,7.146505117416381836e-01,7.129411101341247559e-01,7.074164748191833496e-01,7.014077305793762207e-01,7.038639783859252930e-01,6.996353268623352051e-01,6.975666284561157227e-01,6.976517438888549805e-01,6.958137154579162598e-01,6.915206909179687500e-01,6.894415020942687988e-01,6.831816434860229492e-01,6.833409070968627930e-01,6.837705969810485840e-01,6.812878251075744629e-01
4.078115408026909347e-03,1.370502141071483493e-04,6.470656991004943848e-01,6.450502872467041016e-01,6.416893005371093750e-01,6.418980956077575684e-01,6.354334950447082520e-01,6.386637091636657715e-01,6.338267922401428223e-01,6.294721364974975586e-01,6.311208009719848633e-01,6.288331151008605957e-01,6.234089732170104980e-01,6.230774521827697754e-01,6.212902665138244629e-01,6.236954927444458008e-01,6.209040284156799316e-01
4.242291553896828174e-03,1.262674777535721660e-04,5.929289460182189941e-01,5.948291420936584473e-01,5.907709002494812012e-01,5.903473496437072754e-01,5.852237939834594727e-01,5.858387947082519531e-01,5.851315855979919434e-01,5.810877084732055664e-01,5.783577561378479004e-01,5.758517384529113770e-01,5.778259634971618652e-01,5.775499939918518066e-01,5.761901736259460449e-01,5.736568570137023926e-01,5.715425014495849609e-01
4.406467699766747001e-03,1.172772172139957547e-04,5.548507571220397949e-01,5.502203106880187988e-01,5.499408841133117676e-01,5.477495789527893066e-01,5.468536019325256348e-01,5.383280515670776367e-01,5.413721203804016113e-01,5.379590988159179688e-01,5.379663109779357910e-01,5.387554168701171875e-01,5.403959155082702637e-01,5.362997651100158691e-01,5.382781028747558594e-01,5.298641324043273926e-01,5.304679274559020996e-01
4.570643845636667563e-03,1.087789059965871274e-04,5.142160058021545410e-01,5.094357132911682129e-01,5.055757761001586914e-01,5.066508054733276367e-01,5.020539760589599609e-01,5.018463730812072754e-01,5.017774105072021484e-01,5.013439655303955078e-01,5.050594806671142578e-01,4.967805445194244385e-01,4.996794164180755615e-01,5.015605688095092773e-01,4.967350959777832031e-01,4.973033070564270020e-01,4.909554719924926758e-01
4.734819991506586390e-03,1.022680662572383881e-04,4.770346879959106445e-01,4.797835946083068848e-01,4.781278371810913086e-01,4.748824536800384521e-01,4.757084846496582031e-01,4.736188054084777832e-01,4.729256927967071533e-01,4.722223579883575439e-01,4.725150465965270996e-01,4.669660329818725586e-01,4.655323922634124756e-01,4.665732681751251221e-01,4.680962264537811279e-01,4.653472304344177246e-01,4.717836081981658936e-01
4.898996137376506084e-03,9.613144356990233064e-05,4.484721422195434570e-01,4.504795968532562256e-01,4.505640566349029541e-01,4.467735886573791504e-01,4.418984651565551758e-01,4.423852264881134033e-01,4.429551959037780762e-01,4.462881982326507568e-01,4.440740346908569336e-01,4.403476715087890625e-01,4.403828382492065430e-01,4.436310529708862305e-01,4.415330290794372559e-01,4.382143020629882812e-01,4.394236505031585693e-01
5.063172283246425778e-03,9.094963024836033583e-05,4.288426637649536133e-01,4.223455190658569336e-01,4.203199446201324463e-01,4.199897050857543945e-01,4.202855825424194336e-01,4.211046695709228516e-01,4.200744032859802246e-01,4.177899062633514404e-01,4.162356257438659668e-01,4.186708629131317139e-01,4.199165701866149902e-01,4.168401956558227539e-01,4.167838096618652344e-01,4.178361296653747559e-01,4.189416170120239258e-01
5.227348429116344605e-03,8.639798033982515335e-05,4.023382961750030518e-01,4.040626585483551025e-01,3.994790315628051758e-01,4.019106328487396240e-01,4.008270502090454102e-01,4.007867872714996338e-01,3.962162435054779053e-01,3.992990255355834961e-01,3.961393833160400391e-01,3.984969854354858398e-01,3.959909081459045410e-01,3.932459354400634766e-01,3.986903131008148193e-01,3.955143094062805176e-01,3.981370627880096436e-01
5.391524574986265167e-03,8.189763320842757821e-05,3.807533681392669678e-01,3.767007887363433838e-01,3.779250681400299072e-01,3.770070374011993408e-01,3.800734281539916992e-01,3.817801773548126221e-01,3.775677978992462158e-01,3.798603415489196777e-01,3.788821101188659668e-01,3.755899369716644287e-01,3.799340426921844482e-01,3.742862343788146973e-01,3.761411607265472412e-01,3.768297433853149414e-01,3.770922124385833740e-01
5.555700720856183994e-03,7.859712786739692092e-05,3.664033412933349609e-01,3.616988360881805420e-01,3.632183670997619629e-01,3.620912134647369385e-01,3.618977963924407959e-01,3.615187108516693115e-01,3.624778091907501221e-01,3.653836846351623535e-01,3.617838323116302490e-01,3.592713773250579834e-01,3.627929985523223877e-01,3.619093894958496094e-01,3.632728159427642822e-01,3.639657497406005859e-01,3.618293106555938721e-01
5.719876866726103688e-03,7.471175194950774312e-05,3.469707369804382324e-01,3.463370800018310547e-01,3.439620733261108398e-01,3.468857705593109131e-01,3.450467884540557861e-01,3.463179469108581543e-01,3.446173369884490967e-01,3.433426618576049805e-01,3.410131633281707764e-01,3.426293432712554932e-01,3.461052477359771729e-01,3.426199257373809814e-01,3.459274768829345703e-01,3.435840904712677002e-01,3.452475965023040771e-01
5.884053012596023383e-03,7.200949767138808966e-05,3.331385850906372070e-01,3.298737406730651855e-01,3.312099874019622803e-01,3.310572206974029541e-01,3.310050070285797119e-01,3.294971287250518799e-01,3.346609771251678467e-01,3.347842097282409668e-01,3.305412232875823975e-01,3.341217935085296631e-01,3.309290111064910889e-01,3.323474824428558350e-01,3.339086174964904785e-01,3.342346549034118652e-01,3.318819105625152588e-01
6.048229158465942210e-03,6.953707634238526225e-05,3.199225068092346191e-01,3.193672299385070801e-01,3.173961341381072998e-01,3.193477988243103027e-01,3.211574256420135498e-01,3.218636214733123779e-01,3.204568028450012207e-01,3.193942010402679443e-01,3.188829123973846436e-01,3.209933042526245117e-01,3.204391598701477051e-01,3.236076831817626953e-01,3.239950239658355713e-01,3.220174312591552734e-01,3.220665752887725830e-01
6.212405304335862771e-03,6.721307727275416255e-05,3.086882233619689941e-01,3.076957166194915771e-01,3.104820847511291504e-01,3.077685832977294922e-01,3.105023801326751709e-01,3.112007677555084229e-01,3.082065582275390625e-01,3.109127581119537354e-01,3.080902993679046631e-01,3.106486201286315918e-01,3.126614391803741455e-01,3.094366788864135742e-01,3.089650571346282959e-01,3.111558854579925537e-01,3.133063018321990967e-01
6.376581450205781598e-03,6.502540782094001770e-05,2.956357300281524658e-01,2.980129718780517578e-01,2.978019118309020996e-01,2.988967299461364746e-01,3.017761707305908203e-01,3.016775250434875488e-01,2.963239848613739014e-01,2.982045710086822510e-01,3.004732429981231689e-01,3.033819496631622314e-01,2.990874350070953369e-01,2.992060184478759766e-01,3.018240034580230713e-01,3.038329780101776123e-01,3.022077083587646484e-01
6.540757596075701293e-03,6.300721724983304739e-05,2.904094159603118896e-01,2.887541949748992920e-01,2.901583909988403320e-01,2.893400192260742188e-01,2.899148762226104736e-01,2.888151109218597412e-01,2.882762849330902100e-01,2.897942364215850830e-01,2.911865115165710449e-01,2.917070686817169189e-01,2.919048070907592773e-01,2.911131381988525391e-01,2.907604277133941650e-01,2.950091063976287842e-01,2.920787334442138672e-01
6.704933741945620987e-03,6.070234303479082882e-05,2.769035398960113525e-01,2.778591215610504150e-01,2.781916260719299316e-01,2.801791131496429443e-01,2.785027027130126953e-01,2.782794535160064697e-01,2.792886495590209961e-01,2.786341905593872070e-01,2.780569195747375488e-01,2.820976972579956055e-01,2.803505063056945801e-01,2.827142477035522461e-01,2.800908088684082031e-01,2.833500504493713379e-01,2.838513255119323730e-01
6.869109887815539814e-03,5.898763265577144921e-05,2.690277695655822754e-01,2.699180245399475098e-01,2.692657113075256348e-01,2.720337212085723877e-01,2.702868580818176270e-01,2.690764367580413818e-01,2.704136669635772705e-01,2.689508795738220215e-01,2.716799974441528320e-01,2.734681367874145508e-01,2.750324010848999023e-01,2.758742570877075195e-01,2.738723754882812500e-01,2.757686376571655273e-01,2.771281301975250244e-01
7.033286033685460376e-03,5.702025373466312885e-05,2.605265676975250244e-01,2.616441249847412109e-01,2.592462003231048584e-01,2.615965306758880615e-01,2.623235285282135010e-01,2.606875896453857422e-01,2.618943750858306885e-01,2.622369527816772461e-01,2.605220973491668701e-01,2.651169002056121826e-01,2.625961601734161377e-01,2.646996378898620605e-01,2.653705179691314697e-01,2.673875987529754639e-01,2.674053609371185303e-01
7.197462179555379203e-03,5.535074160434305668e-05,2.537489533424377441e-01,2.532508969306945801e-01,2.534563839435577393e-01,2.527738511562347412e-01,2.528451979160308838e-01,2.547002136707305908e-01,2.551624476909637451e-01,2.547578215599060059e-01,2.555736303329467773e-01,2.552022933959960938e-01,2.551206350326538086e-01,2.564083337783813477e-01,2.587989568710327148e-01,2.584025859832763672e-01,2.587524652481079102e-01
7.361638325425298029e-03,5.389237412600778043e-05,2.450694292783737183e-01,2.454238384962081909e-01,2.450947463512420654e-01,2.453793734312057495e-01,2.458703368902206421e-01,2.471615225076675415e-01,2.474136799573898315e-01,2.477564662694931030e-01,2.497878074645996094e-01,2.501195669174194336e-01,2.517605423927307129e-01,2.496761083602905273e-01,2.522349059581756592e-01,2.513092756271362305e-01,2.536053359508514404e-01
7.525814471295218591e-03,5.249529567663557827e-05,2.396928369998931885e-01,2.404740750789642334e-01,2.381444573402404785e-01,2.358677238225936890e-01,2.422986328601837158e-01,2.391931116580963135e-01,2.405433803796768188e-01,2.430716305971145630e-01,2.424728125333786011e-01,2.429241985082626343e-01,2.436447888612747192e-01,2.425608187913894653e-01,2.449034750461578369e-01,2.468622624874114990e-01,2.483273446559906006e-01
7.689990617165137418e-03,5.121622234582901001e-05,2.326795309782028198e-01,2.333313673734664917e-01,2.317620068788528442e-01,2.353542000055313110e-01,2.328821420669555664e-01,2.340234667062759399e-01,2.366074919700622559e-01,2.366025000810623169e-01,2.360830605030059814e-01,2.368744462728500366e-01,2.394699156284332275e-01,2.392340451478958130e-01,2.388746887445449829e-01,2.399214953184127808e-01,2.397812157869338989e-01
7.854166763035057980e-03,5.015859642298892140e-05,2.272614538669586182e-01,2.289032489061355591e-01,2.284110039472579956e-01,2.271679043769836426e-01,2.262208014726638794e-01,2.312415242195129395e-01,2.310484945774078369e-01,2.305951714515686035e-01,2.317213267087936401e-01,2.336961477994918823e-01,2.335046976804733276e-01,2.341586798429489136e-01,2.340955138206481934e-01,2.332859635353088379e-01,2.375939935445785522e-01
8.018342908904976807e-03,4.874143269262276590e-05,2.196129709482192993e-01,2.205596864223480225e-01,2.206376492977142334e-01,2.206420898437500000e-01,2.210875004529953003e-01,2.226259410381317139e-01,2.244835793972015381e-01,2.254016250371932983e-01,2.266727089881896973e-01,2.269606739282608032e-01,2.260968834161758423e-01,2.282592803239822388e-01,2.274634689092636108e-01,2.296093255281448364e-01,2.305052578449249268e-01
8.182519054774895634e-03,4.773772161570377648e-05,2.159294337034225464e-01,2.165602296590805054e-01,2.170574665069580078e-01,2.162381112575531006e-01,2.172424048185348511e-01,2.191356271505355835e-01,2.166218608617782593e-01,2.203594446182250977e-01,2.217672318220138550e-01,2.218957692384719849e-01,2.227847129106521606e-01,2.219627946615219116e-01,2.227865904569625854e-01,2.253388762474060059e-01,2.237816154956817627e-01
8.346695200644816195e-03,4.651965355151332915e-05,2.098420113325119019e-01,2.117470949888229370e-01,2.110094726085662842e-01,2.127476185560226440e-01,2.114716768264770508e-01,2.130624055862426758e-01,2.125853300094604492e-01,2.150007337331771851e-01,2.144559472799301147e-01,2.157091945409774780e-01,2.167187631130218506e-01,2.190573960542678833e-01,2.169266194105148315e-01,2.184105813503265381e-01,2.189962714910507202e-01
8.510871346514735022e-03,4.566161805996671319e-05,2.051167935132980347e-01,2.060990780591964722e-01,2.067250311374664307e-01,2.088081240653991699e-01,2.095992565155029297e-01,2.075471431016921997e-01,2.077116370201110840e-01,2.095868140459060669e-01,2.104333341121673584e-01,2.124542891979217529e-01,2.131587117910385132e-01,2.119898796081542969e-01,2.138573229312896729e-01,2.160444557666778564e-01,2.176516801118850708e-01
8.675047492384653849e-03,4.490584979066625237e-05,2.015085816383361816e-01,2.022375166416168213e-01,2.024146765470504761e-01,2.036800384521484375e-01,2.043683081865310669e-01,2.036030143499374390e-01,2.053699344396591187e-01,2.081824541091918945e-01,2.071152180433273315e-01,2.087661176919937134e-01,2.108771651983261108e-01,2.107141315937042236e-01,2.111333459615707397e-01,2.124145328998565674e-01,2.129597365856170654e-01
8.839223638254574411e-03,4.398670716909691691e-05,1.982431709766387939e-01,1.968036442995071411e-01,1.987398266792297363e-01,1.986079663038253784e-01,2.012270390987396240e-01,2.002066373825073242e-01,2.020960748195648193e-01,2.030306905508041382e-01,2.047053426504135132e-01,2.047260105609893799e-01,2.051124274730682373e-01,2.053848505020141602e-01,2.070830613374710083e-01,2.063364237546920776e-01,2.086385041475296021e-01
9.003399784124493238e-03,4.313963290769606829e-05,1.927927881479263306e-01,1.950018405914306641e-01,1.961956471204757690e-01,1.958503723144531250e-01,1.965122073888778687e-01,1.969405263662338257e-01,1.991575062274932861e-01,1.974065005779266357e-01,1.997577697038650513e-01,2.003338783979415894e-01,2.015260607004165649e-01,2.027950733900070190e-01,2.029184848070144653e-01,2.022678107023239136e-01,2.040986716747283936e-01
9.167575929994413800e-03,4.232223363942466676e-05,1.904281824827194214e-01,1.901829987764358521e-01,1.908968538045883179e-01,1.922000795602798462e-01,1.920669227838516235e-01,1.927800029516220093e-01,1.940163522958755493e-01,1.954926550388336182e-01,1.965703666210174561e-01,1.954005062580108643e-01,1.974294781684875488e-01,1.977025419473648071e-01,1.999709010124206543e-01,2.005390524864196777e-01,2.007502913475036621e-01
9.331752075864332627e-03,4.159222589805722237e-05,1.866973042488098145e-01,1.861415505409240723e-01,1.876077651977539062e-01,1.900040805339813232e-01,1.899560838937759399e-01,1.902520656585693359e-01,1.899902373552322388e-01,1.922358423471450806e-01,1.910778284072875977e-01,1.939270794391632080e-01,1.933031231164932251e-01,1.944517940282821655e-01,1.979741454124450684e-01,1.959810703992843628e-01,1.967313587665557861e-01
9.495928221734251454e-03,4.083380554220639169e-05,1.825769990682601929e-01,1.834256201982498169e-01,1.840742230415344238e-01,1.850455850362777710e-01,1.870186626911163330e-01,1.860648691654205322e-01,1.864289045333862305e-01,1.885790526866912842e-01,1.882410794496536255e-01,1.892985552549362183e-01,1.889359503984451294e-01,1.912771612405776978e-01,1.927499473094940186e-01,1.938941180706024170e-01,1.951826363801956177e-01
9.660104367604172015e-03,4.022044959128834307e-05,1.800481230020523071e-01,1.790520250797271729e-01,1.811727732419967651e-01,1.823221892118453979e-01,1.834431588649749756e-01,1.834542751312255859e-01,1.838123947381973267e-01,1.850224286317825317e-01,1.870099008083343506e-01,1.868150383234024048e-01,1.879140585660934448e-01,1.890667378902435303e-01,1.903300881385803223e-01,1.907892972230911255e-01,1.907434463500976562e-01
9.824280513474090842e-03,3.962497794418595731e-05,1.776222884654998779e-01,1.794473826885223389e-01,1.799029409885406494e-01,1.797247976064682007e-01,1.802607923746109009e-01,1.796186119318008423e-01,1.817652881145477295e-01,1.819971203804016113e-01,1.824954450130462646e-01,1.817318797111511230e-01,1.860829442739486694e-01,1.860356330871582031e-01,1.851867288351058960e-01,1.879352480173110962e-01,1.892270445823669434e-01
9.988456659344011404e-03,3.910593659384176135e-05,1.758674681186676025e-01,1.728834360837936401e-01,1.757788509130477905e-01,1.760300844907760620e-01,1.772090047597885132e-01,1.765428781509399414e-01,1.809003949165344238e-01,1.796343922615051270e-01,1.827829778194427490e-01,1.832575350999832153e-01,1.820834726095199585e-01,1.855368167161941528e-01,1.850078105926513672e-01,1.843470633029937744e-01,1.869707852602005005e-01
1.015263280521393023e-02,3.849371569231152534e-05,1.704306006431579590e-01,1.723240315914154053e-01,1.737987846136093140e-01,1.751217991113662720e-01,1.751348823308944702e-01,1.750844717025756836e-01,1.756766289472579956e-01,1.769849807024002075e-01,1.770609766244888306e-01,1.782841831445693970e-01,1.790084987878799438e-01,1.818332374095916748e-01,1.814008802175521851e-01,1.825449913740158081e-01,1.853932738304138184e-01
1.031680895108384906e-02,3.793955693254247308e-05,1.684993058443069458e-01,1.696930825710296631e-01,1.714003980159759521e-01,1.730492860078811646e-01,1.717448383569717407e-01,1.730650216341018677e-01,1.719731092453002930e-01,1.748034209012985229e-01,1.750620901584625244e-01,1.783075630664825439e-01,1.774487197399139404e-01,1.773249655961990356e-01,1.792007088661193848e-01,1.783234626054763794e-01,1.807248294353485107e-01
1.048098509695376962e-02,3.725583519553765655e-05,1.663591712713241577e-01,1.675142943859100342e-01,1.657078117132186890e-01,1.682060658931732178e-01,1.679817885160446167e-01,1.709204018115997314e-01,1.703024655580520630e-01,1.723313629627227783e-01,1.726535856723785400e-01,1.717839390039443970e-01,1.751060932874679565e-01,1.748632788658142090e-01,1.760500520467758179e-01,1.767118871212005615e-01,1.779907196760177612e-01
1.064516124282369018e-02,3.679326982819475234e-05,1.631923466920852661e-01,1.641246229410171509e-01,1.665379554033279419e-01,1.658280193805694580e-01,1.665939986705780029e-01,1.663271486759185791e-01,1.696498095989227295e-01,1.708855032920837402e-01,1.713345199823379517e-01,1.707462221384048462e-01,1.707070320844650269e-01,1.726340651512145996e-01,1.740462034940719604e-01,1.753221899271011353e-01,1.758875995874404907e-01
1.080933738869360901e-02,3.636707333498634398e-05,1.619354188442230225e-01,1.623733788728713989e-01,1.634315550327301025e-01,1.638855636119842529e-01,1.654570996761322021e-01,1.659941822290420532e-01,1.654076427221298218e-01,1.682747006416320801e-01,1.678214520215988159e-01,1.695158034563064575e-01,1.695885956287384033e-01,1.711093187332153320e-01,1.727130115032196045e-01,1.713869422674179077e-01,1.750630438327789307e-01
1.097351353456352784e-02,3.588995969039388001e-05,1.594191938638687134e-01,1.604305207729339600e-01,1.590927690267562866e-01,1.616314202547073364e-01,1.633945554494857788e-01,1.636569052934646606e-01,1.655934751033782959e-01,1.657438874244689941e-01,1.656782329082489014e-01,1.675990074872970581e-01,1.676359623670578003e-01,1.692897677421569824e-01,1.718949526548385620e-01,1.702376306056976318e-01,1.712221652269363403e-01
1.113768968043344666e-02,3.533273047651164234e-05,1.556492745876312256e-01,1.579806506633758545e-01,1.585966795682907104e-01,1.591034978628158569e-01,1.600773036479949951e-01,1.609500050544738770e-01,1.614825278520584106e-01,1.620535552501678467e-01,1.633027046918869019e-01,1.646317541599273682e-01,1.639275401830673218e-01,1.670001000165939331e-01,1.674860417842864990e-01,1.689598113298416138e-01,1.693594455718994141e-01
1.130186582630336549e-02,3.482571628410369158e-05,1.539477258920669556e-01,1.550274193286895752e-01,1.565175354480743408e-01,1.565890908241271973e-01,1.562153100967407227e-01,1.580281555652618408e-01,1.598752886056900024e-01,1.606265604496002197e-01,1.611861437559127808e-01,1.621386408805847168e-01,1.641257703304290771e-01,1.638142913579940796e-01,1.641023308038711548e-01,1.666660308837890625e-01,1.678117960691452026e-01
1.146604197217328605e-02,3.432748781051486731e-05,1.522208005189895630e-01,1.530145257711410522e-01,1.542011946439743042e-01,1.536665111780166626e-01,1.555175781250000000e-01,1.566033959388732910e-01,1.586126238107681274e-01,1.564734429121017456e-01,1.601388156414031982e-01,1.586474329233169556e-01,1.604957878589630127e-01,1.616815179586410522e-01,1.627001911401748657e-01,1.641143113374710083e-01,1.632449179887771606e-01
1.163021811804320661e-02,3.394453960936516523e-05,1.501503437757492065e-01,1.518180817365646362e-01,1.526162624359130859e-01,1.516755968332290649e-01,1.553493589162826538e-01,1.550674736499786377e-01,1.564470827579498291e-01,1.571812480688095093e-01,1.565035879611968994e-01,1.579452008008956909e-01,1.581183969974517822e-01,1.594707667827606201e-01,1.600105613470077515e-01,1.616908460855484009e-01,1.620414406061172485e-01
1.179439426391312544e-02,3.342920535942539573e-05,1.475294083356857300e-01,1.490833610296249390e-01,1.483496874570846558e-01,1.514371037483215332e-01,1.507578790187835693e-01,1.531833708286285400e-01,1.543928980827331543e-01,1.535636782646179199e-01,1.547299027442932129e-01,1.558866798877716064e-01,1.573234647512435913e-01,1.563580334186553955e-01,1.577567309141159058e-01,1.593137085437774658e-01,1.606083959341049194e-01
1.195857040978304427e-02,3.316071888548322022e-05,1.478703171014785767e-01,1.467270702123641968e-01,1.470824331045150757e-01,1.480230838060379028e-01,1.507361978292465210e-01,1.506853997707366943e-01,1.530070006847381592e-01,1.524335443973541260e-01,1.536998450756072998e-01,1.548530310392379761e-01,1.554643362760543823e-01,1.563595235347747803e-01,1.572715193033218384e-01,1.580661535263061523e-01,1.599971204996109009e-01
1.212274655565296309e-02,3.262260361225344241e-05,1.450027525424957275e-01,1.453397423028945923e-01,1.462280005216598511e-01,1.470972299575805664e-01,1.475632488727569580e-01,1.487965881824493408e-01,1.489876061677932739e-01,1.497348546981811523e-01,1.508727371692657471e-01,1.529269069433212280e-01,1.527253836393356323e-01,1.516154408454895020e-01,1.540195792913436890e-01,1.548198312520980835e-01,1.572731584310531616e-01
1.228692270152288366e-02,3.224220563424751163e-05,1.437310278415679932e-01,1.441199928522109985e-01,1.439986377954483032e-01,1.443628221750259399e-01,1.457961946725845337e-01,1.460997611284255981e-01,1.464415341615676880e-01,1.485974192619323730e-01,1.492683589458465576e-01,1.505908519029617310e-01,1.507805436849594116e-01,1.522028297185897827e-01,1.523284763097763062e-01,1.528787761926651001e-01,1.552512347698211670e-01
1.245109884739280422e-02,3.180377825628966093e-05,1.401402950286865234e-01,1.418885290622711182e-01,1.422338634729385376e-01,1.429986953735351562e-01,1.446478664875030518e-01,1.461387425661087036e-01,1.465142369270324707e-01,1.458533108234405518e-01,1.478131562471389771e-01,1.473128348588943481e-01,1.487374901771545410e-01,1.491225212812423706e-01,1.506002098321914673e-01,1.506429016590118408e-01,1.514048874378204346e-01
1.261527499326272304e-02,3.158215622534044087e-05,1.398372948169708252e-01,1.420166790485382080e-01,1.410448253154754639e-01,1.423797905445098877e-01,1.414803564548492432e-01,1.437511444091796875e-01,1.440208852291107178e-01,1.451919972896575928e-01,1.452431678771972656e-01,1.471611112356185913e-01,1.482607424259185791e-01,1.479672342538833618e-01,1.495230495929718018e-01,1.515161693096160889e-01,1.521233767271041870e-01
1.277945113913264187e-02,3.141100023640319705e-05,1.370951682329177856e-01,1.409628987312316895e-01,1.410312056541442871e-01,1.422445178031921387e-01,1.429332643747329712e-01,1.425926983356475830e-01,1.446550488471984863e-01,1.431680917739868164e-01,1.435253173112869263e-01,1.470829099416732788e-01,1.474077850580215454e-01,1.485823392868041992e-01,1.486883014440536499e-01,1.500617116689682007e-01,1.506730914115905762e-01
1.294362728500256070e-02,3.066230055992491543e-05,1.352456510066986084e-01,1.360499560832977295e-01,1.366630196571350098e-01,1.384698003530502319e-01,1.386483311653137207e-01,1.404208093881607056e-01,1.393122673034667969e-01,1.406018435955047607e-01,1.425866633653640747e-01,1.429027765989303589e-01,1.429781317710876465e-01,1.445264369249343872e-01,1.452409625053405762e-01,1.466513425111770630e-01,1.485447734594345093e-01
1.310780343087248126e-02,3.028267201443668455e-05,1.339082568883895874e-01,1.340833157300949097e-01,1.352733075618743896e-01,1.361088901758193970e-01,1.376213878393173218e-01,1.374828815460205078e-01,1.372153162956237793e-01,1.402702778577804565e-01,1.397938430309295654e-01,1.403870284557342529e-01,1.418093442916870117e-01,1.423265337944030762e-01,1.439009010791778564e-01,1.456378847360610962e-01,1.452939957380294800e-01
1.327197957674240182e-02,3.023535100510343909e-05,1.331161260604858398e-01,1.352153718471527100e-01,1.348912268877029419e-01,1.350504159927368164e-01,1.356746703386306763e-01,1.374251395463943481e-01,1.390932649374008179e-01,1.397281587123870850e-01,1.399572193622589111e-01,1.415818035602569580e-01,1.410841494798660278e-01,1.433222591876983643e-01,1.424486935138702393e-01,1.436936855316162109e-01,1.451401412487030029e-01
1.343615572261232065e-02,2.966857755382079631e-05,1.320852637290954590e-01,1.310862898826599121e-01,1.316647082567214966e-01,1.325653344392776489e-01,1.346631795167922974e-01,1.350471526384353638e-01,1.350193768739700317e-01,1.368753165006637573e-01,1.373021900653839111e-01,1.373321563005447388e-01,1.394803076982498169e-01,1.404578834772109985e-01,1.407833397388458252e-01,1.425827294588088989e-01,1.415363848209381104e-01
1.360033186848223948e-02,2.932111783593427390e-05,1.313490569591522217e-01,1.289336085319519043e-01,1.309166997671127319e-01,1.315087229013442993e-01,1.326333731412887573e-01,1.344820111989974976e-01,1.341649293899536133e-01,1.364079415798187256e-01,1.365389972925186157e-01,1.366665363311767578e-01,1.367322057485580444e-01,1.388674676418304443e-01,1.387440413236618042e-01,1.391638815402984619e-01,1.394082754850387573e-01
1.376450801435215830e-02,2.893546297855209559e-05,1.279508024454116821e-01,1.288632601499557495e-01,1.294858604669570923e-01,1.303102523088455200e-01,1.307110637426376343e-01,1.307052820920944214e-01,1.324389278888702393e-01,1.326860338449478149e-01,1.362706720829010010e-01,1.354988813400268555e-01,1.353186070919036865e-01,1.360570490360260010e-01,1.369209289550781250e-01,1.364380121231079102e-01,1.385154128074645996e-01
1.392868416022207886e-02,2.870404568966478109e-05,1.265458613634109497e-01,1.285178959369659424e-01,1.276256293058395386e-01,1.286951899528503418e-01,1.298150718212127686e-01,1.302442550659179688e-01,1.300712525844573975e-01,1.329324692487716675e-01,1.329627037048339844e-01,1.325408220291137695e-01,1.361429095268249512e-01,1.354346573352813721e-01,1.363435089588165283e-01,1.360529959201812744e-01,1.381154358386993408e-01
1.409286030609199943e-02,2.825492083502467722e-05,1.238976642489433289e-01,1.259372085332870483e-01,1.271393448114395142e-01,1.272955983877182007e-01,1.274572312831878662e-01,1.296506822109222412e-01,1.283963620662689209e-01,1.307219564914703369e-01,1.306253224611282349e-01,1.305732131004333496e-01,1.326047480106353760e-01,1.340873539447784424e-01,1.339218914508819580e-01,1.349462717771530151e-01,1.361150592565536499e-01
1.425703645196191825e-02,2.779655187623575330e-05,1.237572953104972839e-01,1.236912310123443604e-01,1.235947683453559875e-01,1.254525482654571533e-01,1.255483180284500122e-01,1.278626322746276855e-01,1.279252916574478149e-01,1.268100589513778687e-01,1.283205449581146240e-01,1.311333477497100830e-01,1.296320855617523193e-01,1.306657046079635620e-01,1.318630725145339966e-01,1.323454082012176514e-01,1.329372376203536987e-01
1.442121259783183708e-02,2.757932088570669293e-05,1.211374551057815552e-01,1.223395094275474548e-01,1.238308101892471313e-01,1.249013394117355347e-01,1.248647794127464294e-01,1.249338611960411072e-01,1.258288025856018066e-01,1.261390745639801025e-01,1.281552463769912720e-01,1.287407875061035156e-01,1.286024153232574463e-01,1.303116977214813232e-01,1.317489594221115112e-01,1.312120854854583740e-01,1.316031366586685181e-01
1.458538874370175591e-02,2.740060517680831254e-05,1.213329434394836426e-01,1.200246140360832214e-01,1.224146783351898193e-01,1.228424087166786194e-01,1.246133446693420410e-01,1.247298493981361389e-01,1.261668056249618530e-01,1.256859302520751953e-01,1.265085786581039429e-01,1.278098225593566895e-01,1.294560581445693970e-01,1.287183165550231934e-01,1.300717592239379883e-01,1.303196549415588379e-01,1.313714385032653809e-01
1.474956488957167647e-02,2.692490488698240370e-05,1.184830591082572937e-01,1.202590316534042358e-01,1.210819706320762634e-01,1.213325560092926025e-01,1.227100193500518799e-01,1.217788383364677429e-01,1.230253204703330994e-01,1.229035556316375732e-01,1.240918561816215515e-01,1.254944503307342529e-01,1.261403411626815796e-01,1.273183971643447876e-01,1.280064582824707031e-01,1.275206506252288818e-01,1.293570250272750854e-01
1.491374103544159703e-02,2.668898196134250611e-05,1.186795830726623535e-01,1.176796257495880127e-01,1.191434115171432495e-01,1.203505545854568481e-01,1.199293136596679688e-01,1.203848496079444885e-01,1.223711594939231873e-01,1.230784505605697632e-01,1.232892423868179321e-01,1.245905682444572449e-01,1.267429888248443604e-01,1.258160620927810669e-01,1.263104975223541260e-01,1.270942389965057373e-01,1.282118856906890869e-01
1.507791718131151586e-02,2.637504258018452674e-05,1.173545569181442261e-01,1.174257993698120117e-01,1.168392077088356018e-01,1.185569390654563904e-01,1.202200353145599365e-01,1.199872121214866638e-01,1.213128045201301575e-01,1.208547651767730713e-01,1.223893240094184875e-01,1.227412074804306030e-01,1.232855841517448425e-01,1.247559189796447754e-01,1.245939433574676514e-01,1.264964193105697632e-01,1.270563453435897827e-01
1.524209332718143468e-02,2.626144669193308800e-05,1.158436238765716553e-01,1.169325634837150574e-01,1.175592914223670959e-01,1.190385371446609497e-01,1.174164861440658569e-01,1.199709773063659668e-01,1.200140714645385742e-01,1.212867796421051025e-01,1.222056522965431213e-01,1.212397292256355286e-01,1.237915903329849243e-01,1.234397068619728088e-01,1.243303865194320679e-01,1.247914955019950867e-01,1.256724596023559570e-01
1.540626947305135351e-02,2.582532033557072282e-05,1.144248470664024353e-01,1.151556670665740967e-01,1.154347732663154602e-01,1.166232675313949585e-01,1.161516457796096802e-01,1.180037781596183777e-01,1.185832694172859192e-01,1.196513921022415161e-01,1.201312318444252014e-01,1.200542077422142029e-01,1.203084811568260193e-01,1.215865612030029297e-01,1.228898391127586365e-01,1.232092306017875671e-01,1.225764080882072449e-01
1.557044561892127407e-02,2.567690899013541639e-05,1.139072775840759277e-01,1.148519292473793030e-01,1.142375022172927856e-01,1.167386919260025024e-01,1.161245927214622498e-01,1.170311942696571350e-01,1.179144978523254395e-01,1.184276789426803589e-01,1.187097281217575073e-01,1.200910583138465881e-01,1.198294907808303833e-01,1.203993186354637146e-01,1.219797804951667786e-01,1.218466907739639282e-01,1.233208924531936646e-01
1.573462176479119290e-02,2.531872087274678051e-05,1.115188896656036377e-01,1.126756221055984497e-01,1.135114133358001709e-01,1.144068166613578796e-01,1.148192957043647766e-01,1.152032762765884399e-01,1.156504601240158081e-01,1.165547147393226624e-01,1.175150722265243530e-01,1.185004934668540955e-01,1.175524666905403137e-01,1.201264113187789917e-01,1.190688386559486389e-01,1.205151006579399109e-01,1.221787631511688232e-01
1.589879791066111520e-02,2.516120002837851644e-05,1.114451736211776733e-01,1.128163710236549377e-01,1.129491925239562988e-01,1.139054223895072937e-01,1.141801550984382629e-01,1.140871047973632812e-01,1.161961406469345093e-01,1.159608513116836548e-01,1.158901900053024292e-01,1.175410524010658264e-01,1.182983741164207458e-01,1.168902888894081116e-01,1.196525841951370239e-01,1.188277378678321838e-01,1.199555620551109314e-01
1.606297405653103055e-02,2.484316974005196244e-05,1.093544289469718933e-01,1.108014211058616638e-01,1.115320771932601929e-01,1.116927862167358398e-01,1.122174635529518127e-01,1.139460280537605286e-01,1.143128350377082825e-01,1.143745183944702148e-01,1.150600388646125793e-01,1.167101338505744934e-01,1.155743375420570374e-01,1.168973520398139954e-01,1.170879378914833069e-01,1.181311383843421936e-01,1.189316436648368835e-01
1.622715020240095285e-02,2.458309427311178297e-05,1.080872863531112671e-01,1.087970212101936340e-01,1.101205870509147644e-01,1.104612350463867188e-01,1.115810424089431763e-01,1.125562116503715515e-01,1.132570058107376099e-01,1.136329472064971924e-01,1.142555326223373413e-01,1.147234588861465454e-01,1.149564385414123535e-01,1.167050227522850037e-01,1.157018840312957764e-01,1.172586679458618164e-01,1.175698786973953247e-01
1.639132634827087168e-02,2.423003752483054996e-05,1.074550896883010864e-01,1.083697453141212463e-01,1.084064021706581116e-01,1.089671179652214050e-01,1.091676205396652222e-01,1.105346903204917908e-01,1.117767468094825745e-01,1.111953109502792358e-01,1.121541634202003479e-01,1.127127110958099365e-01,1.122507676482200623e-01,1.142181828618049622e-01,1.154304742813110352e-01,1.147196069359779358e-01,1.163480877876281738e-01
1.655550249414079050e-02,2.406755447736941278e-05,1.067364588379859924e-01,1.066636666655540466e-01,1.073861643671989441e-01,1.076403111219406128e-01,1.090489700436592102e-01,1.094249412417411804e-01,1.108997911214828491e-01,1.111068427562713623e-01,1.119430065155029297e-01,1.123442426323890686e-01,1.121230497956275940e-01,1.131844744086265564e-01,1.150381118059158325e-01,1.146249473094940186e-01,1.147546097636222839e-01
1.671967864001071280e-02,2.383433638897258788e-05,1.055305749177932739e-01,1.055768355727195740e-01,1.068402603268623352e-01,1.075190305709838867e-01,1.086372286081314087e-01,1.075531318783760071e-01,1.090578064322471619e-01,1.100900173187255859e-01,1.103480979800224304e-01,1.118637993931770325e-01,1.111332252621650696e-01,1.115982905030250549e-01,1.132342144846916199e-01,1.139366552233695984e-01,1.136510372161865234e-01
1.688385478588062816e-02,2.346957626286894083e-05,1.040008217096328735e-01,1.048820391297340393e-01,1.052809357643127441e-01,1.054875403642654419e-01,1.070272848010063171e-01,1.066430807113647461e-01,1.069360896944999695e-01,1.074852123856544495e-01,1.085040867328643799e-01,1.096796318888664246e-01,1.099812611937522888e-01,1.111345887184143066e-01,1.117356270551681519e-01,1.115434169769287109e-01,1.124126240611076355e-01
1.704803093175055045e-02,2.332665280846413225e-05,1.038750335574150085e-01,1.036069393157958984e-01,1.047584563493728638e-01,1.048710122704505920e-01,1.056116148829460144e-01,1.060446426272392273e-01,1.063011139631271362e-01,1.074452176690101624e-01,1.087170094251632690e-01,1.082965657114982605e-01,1.082436442375183105e-01,1.090693250298500061e-01,1.109011769294738770e-01,1.123310700058937073e-01,1.116460636258125305e-01
1.721220707762046928e-02,2.304554436705075204e-05,1.021990925073623657e-01,1.031320467591285706e-01,1.038841828703880310e-01,1.037735641002655029e-01,1.038998737931251526e-01,1.049654409289360046e-01,1.056598573923110962e-01,1.065883934497833252e-01,1.069396212697029114e-01,1.075860336422920227e-01,1.079304441809654236e-01,1.082682013511657715e-01,1.090543940663337708e-01,1.092443093657493591e-01,1.094047501683235168e-01
1.737638322349038811e-02,2.294442674610763788e-05,1.019209921360015869e-01,1.023645102977752686e-01,1.020559519529342651e-01,1.031709313392639160e-01,1.038218289613723755e-01,1.041724681854248047e-01,1.056183725595474243e-01,1.062323227524757385e-01,1.070768684148788452e-01,1.065258607268333435e-01,1.080476716160774231e-01,1.079111248254776001e-01,1.081631183624267578e-01,1.090719401836395264e-01,1.096695438027381897e-01
1.754055936936031040e-02,2.273725476698018610e-05,1.008372306823730469e-01,1.015860438346862793e-01,1.015250161290168762e-01,1.020034849643707275e-01,1.018608585000038147e-01,1.036881655454635620e-01,1.038730219006538391e-01,1.043133139610290527e-01,1.056485176086425781e-01,1.055385768413543701e-01,1.065124720335006714e-01,1.077141389250755310e-01,1.079471856355667114e-01,1.087336093187332153e-01,1.089731976389884949e-01
1.770473551523022576e-02,2.246790973003953695e-05,1.002754122018814087e-01,1.001856327056884766e-01,1.007330790162086487e-01,1.014318987727165222e-01,1.009448543190956116e-01,1.022670343518257141e-01,1.024835556745529175e-01,1.031980887055397034e-01,1.044140160083770752e-01,1.042385920882225037e-01,1.050807312130928040e-01,1.059316694736480713e-01,1.057701557874679565e-01,1.070318892598152161e-01,1.084437370300292969e-01
1.786891166110014806e-02,2.218015833932440728e-05,9.906098246574401855e-02,9.871804714202880859e-02,9.983010590076446533e-02,9.983253479003906250e-02,9.962650388479232788e-02,1.012978255748748779e-01,1.011288389563560486e-01,1.023925170302391052e-01,1.024963334202766418e-01,1.034348309040069580e-01,1.045032292604446411e-01,1.044972836971282959e-01,1.046518683433532715e-01,1.053132265806198120e-01,1.066772416234016418e-01
1.803308780697006689e-02,2.202888026658911258e-05,9.712778776884078979e-02,9.776484221220016479e-02,9.764961898326873779e-02,9.999076277017593384e-02,1.003160998225212097e-01,9.963269531726837158e-02,1.013126075267791748e-01,1.018079668283462524e-01,1.022634133696556091e-01,1.034837365150451660e-01,1.035296693444252014e-01,1.043815463781356812e-01,1.037022396922111511e-01,1.043993532657623291e-01,1.057871505618095398e-01
1.819726395283998571e-02,2.178422801080159843e-05,9.705328941345214844e-02,9.709080308675765991e-02,9.782216697931289673e-02,9.771899878978729248e-02,9.878057241439819336e-02,1.008885949850082397e-01,9.946627914905548096e-02,9.973296523094177246e-02,1.001214534044265747e-01,1.013917326927185059e-01,1.021507903933525085e-01,1.036643683910369873e-01,1.026981770992279053e-01,1.039406731724739075e-01,1.037779524922370911e-01
1.836144009870990801e-02,2.152128763555083424e-05,9.563355147838592529e-02,9.654565155506134033e-02,9.565702080726623535e-02,9.642753005027770996e-02,9.805078804492950439e-02,9.786956012248992920e-02,9.904941171407699585e-02,9.991097450256347656e-02,9.890382736921310425e-02,1.006869003176689148e-01,1.005101427435874939e-01,1.011244058609008789e-01,1.024640649557113647e-01,1.023742556571960449e-01,1.026853844523429871e-01
1.852561624457982337e-02,2.139090975106228143e-05,9.486357122659683228e-02,9.622398018836975098e-02,9.516454488039016724e-02,9.706418216228485107e-02,9.648378193378448486e-02,9.851913154125213623e-02,9.771901369094848633e-02,9.828703850507736206e-02,9.904704242944717407e-02,1.006926521658897400e-01,1.006284505128860474e-01,1.006959527730941772e-01,1.009443625807762146e-01,1.013184338808059692e-01,1.020641848444938660e-01
1.868979239044974566e-02,2.116187897627241910e-05,9.363226592540740967e-02,9.437628835439682007e-02,9.553589671850204468e-02,9.519430249929428101e-02,9.512049704790115356e-02,9.551542252302169800e-02,9.764512628316879272e-02,9.757161140441894531e-02,9.876894950866699219e-02,9.895332157611846924e-02,9.882766008377075195e-02,9.883664548397064209e-02,1.002572029829025269e-01,9.963913261890411377e-02,1.018630042672157288e-01
1.885396853631966796e-02,2.099631637975107878e-05,9.322845935821533203e-02,9.402689337730407715e-02,9.479939192533493042e-02,9.471037983894348145e-02,9.509655833244323730e-02,9.540674835443496704e-02,9.625019878149032593e-02,9.629470854997634888e-02,9.760854393243789673e-02,9.820161014795303345e-02,9.810696542263031006e-02,9.848523139953613281e-02,9.920851886272430420e-02,1.002930104732513428e-01,9.966610372066497803e-02
1.901814468218958332e-02,2.078291618090588599e-05,9.192609041929244995e-02,9.314734488725662231e-02,9.445128589868545532e-02,9.422430396080017090e-02,9.325589239597320557e-02,9.544638544321060181e-02,9.570091217756271362e-02,9.494465589523315430e-02,9.612926095724105835e-02,9.662067145109176636e-02,9.805239737033843994e-02,9.738557785749435425e-02,9.740872681140899658e-02,9.839549660682678223e-02,9.944836050271987915e-02
1.918232082805950561e-02,2.053123535006307065e-05,9.101866185665130615e-02,9.128758311271667480e-02,9.191322326660156250e-02,9.256657212972640991e-02,9.276220947504043579e-02,9.315038472414016724e-02,9.476298838853836060e-02,9.449763596057891846e-02,9.454590827226638794e-02,9.588130563497543335e-02,9.563519060611724854e-02,9.610855579376220703e-02,9.797310829162597656e-02,9.798307716846466064e-02,9.894511103630065918e-02
1.934649697392942097e-02,2.037442209257278591e-05,9.023977071046829224e-02,9.098128229379653931e-02,9.189193695783615112e-02,9.200317412614822388e-02,9.302397817373275757e-02,9.279987961053848267e-02,9.305789321660995483e-02,9.370916336774826050e-02,9.456241875886917114e-02,9.456055611371994019e-02,9.565363079309463501e-02,9.558228403329849243e-02,9.578975290060043335e-02,9.759916365146636963e-02,9.663839638233184814e-02
1.951067311979934327e-02,2.029842653428204358e-05,9.101291745901107788e-02,9.105109423398971558e-02,9.112083911895751953e-02,9.187854081392288208e-02,9.144240617752075195e-02,9.249791502952575684e-02,9.306745976209640503e-02,9.403125196695327759e-02,9.386082738637924194e-02,9.471409022808074951e-02,9.500405937433242798e-02,9.473978728055953979e-02,9.508640319108963013e-02,9.611137211322784424e-02,9.715740382671356201e-02
1.967484926566926556e-02,2.013882112805731595e-05,8.905479311943054199e-02,9.043446183204650879e-02,9.064141660928726196e-02,9.050740301609039307e-02,9.170003235340118408e-02,9.143994003534317017e-02,9.267660230398178101e-02,9.339205920696258545e-02,9.348464012145996094e-02,9.375140070915222168e-02,9.463705122470855713e-02,9.470890462398529053e-02,9.480758011341094971e-02,9.539258480072021484e-02,9.535189718008041382e-02
1.983902541153918092e-02,1.985320341191254556e-05,8.813816308975219727e-02,8.905570954084396362e-02,8.893223106861114502e-02,8.969180285930633545e-02,9.030278772115707397e-02,9.130167216062545776e-02,9.139136970043182373e-02,9.108130633831024170e-02,9.176257997751235962e-02,9.163296222686767578e-02,9.298279881477355957e-02,9.291009604930877686e-02,9.429664909839630127e-02,9.391834586858749390e-02,9.459379315376281738e-02
2.000320155740910322e-02,1.969121331057976931e-05,8.704261481761932373e-02,8.813617378473281860e-02,8.905927091836929321e-02,8.905341476202011108e-02,8.942715078592300415e-02,9.004067629575729370e-02,9.091509133577346802e-02,9.043899923563003540e-02,9.144520014524459839e-02,9.178554266691207886e-02,9.240438044071197510e-02,9.259613603353500366e-02,9.296402335166931152e-02,9.337215870618820190e-02,9.314396977424621582e-02
2.016737770327901857e-02,1.948882891156245023e-05,8.690361678600311279e-02,8.759541809558868408e-02,8.767838776111602783e-02,8.727240562438964844e-02,8.895295858383178711e-02,8.916321396827697754e-02,8.968728035688400269e-02,8.954700082540512085e-02,9.065170586109161377e-02,9.081765264272689819e-02,9.062504768371582031e-02,9.219040721654891968e-02,9.235358238220214844e-02,9.191110730171203613e-02,9.268937259912490845e-02
2.033155384914894087e-02,1.930669714056421071e-05,8.584521710872650146e-02,8.606591075658798218e-02,8.747413009405136108e-02,8.752863109111785889e-02,8.760791271924972534e-02,8.833730965852737427e-02,8.854538202285766602e-02,8.953402936458587646e-02,8.906208723783493042e-02,8.932077139616012573e-02,9.062348306179046631e-02,9.026420861482620239e-02,9.156613051891326904e-02,9.145248681306838989e-02,9.133195132017135620e-02
2.049572999501885970e-02,1.913011874421499670e-05,8.575189113616943359e-02,8.473441004753112793e-02,8.563791215419769287e-02,8.725592494010925293e-02,8.656024932861328125e-02,8.726406097412109375e-02,8.691757917404174805e-02,8.907779306173324585e-02,8.849067240953445435e-02,8.946570008993148804e-02,8.958075940608978271e-02,8.950726687908172607e-02,9.022729843854904175e-02,9.125544130802154541e-02,9.107952564954757690e-02
2.065990614088877853e-02,1.899908238556236029e-05,8.428993821144104004e-02,8.435425162315368652e-02,8.470798283815383911e-02,8.624044060707092285e-02,8.583920449018478394e-02,8.757796883583068848e-02,8.833294361829757690e-02,8.791740238666534424e-02,8.849930763244628906e-02,8.839944750070571899e-02,8.885603398084640503e-02,8.921638131141662598e-02,8.949847519397735596e-02,8.986578136682510376e-02,9.041889011859893799e-02
2.082408228675870082e-02,1.884523226181045175e-05,8.324007689952850342e-02,8.456429094076156616e-02,8.422343432903289795e-02,8.558426797389984131e-02,8.597963303327560425e-02,8.585494756698608398e-02,8.717028051614761353e-02,8.657766133546829224e-02,8.832050114870071411e-02,8.695338666439056396e-02,8.679591119289398193e-02,8.921152353286743164e-02,8.953607827425003052e-02,8.897880464792251587e-02,9.010365605354309082e-02
2.098825843262861618e-02,1.868752588052302599e-05,8.285932987928390503e-02,8.383043855428695679e-02,8.366279304027557373e-02,8.423420041799545288e-02,8.494768291711807251e-02,8.554599434137344360e-02,8.662503957748413086e-02,8.578939735889434814e-02,8.647018671035766602e-02,8.700144290924072266e-02,8.724302798509597778e-02,8.777462691068649292e-02,8.816284686326980591e-02,8.823232352733612061e-02,8.941946178674697876e-02
2.115243457849853848e-02,1.848697502282448113e-05,8.237073570489883423e-02,8.283923566341400146e-02,8.428644388914108276e-02,8.438000828027725220e-02,8.441541343927383423e-02,8.470714837312698364e-02,8.512876182794570923e-02,8.602672815322875977e-02,8.535121381282806396e-02,8.512911945581436157e-02,8.664104342460632324e-02,8.629264682531356812e-02,8.694154024124145508e-02,8.703207969665527344e-02,8.737146854400634766e-02
2.131661072436845730e-02,1.834336035244632512e-05,8.184612542390823364e-02,8.253023773431777954e-02,8.367388695478439331e-02,8.257474750280380249e-02,8.279340714216232300e-02,8.356919139623641968e-02,8.484575897455215454e-02,8.447151631116867065e-02,8.530921489000320435e-02,8.477091044187545776e-02,8.586527407169342041e-02,8.590348064899444580e-02,8.687811344861984253e-02,8.666499704122543335e-02,8.660032600164413452e-02
2.148078687023837613e-02,1.821534351620357484e-05,8.132725208997726440e-02,8.177023380994796753e-02,8.217576891183853149e-02,8.237683773040771484e-02,8.285515755414962769e-02,8.290525525808334351e-02,8.361683785915374756e-02,8.411528915166854858e-02,8.447664231061935425e-02,8.464669436216354370e-02,8.482421189546585083e-02,8.547636121511459351e-02,8.574686944484710693e-02,8.603162318468093872e-02,8.675374090671539307e-02
2.164496301610829843e-02,1.799285928427707404e-05,7.959847897291183472e-02,8.022088557481765747e-02,8.186423778533935547e-02,8.114878088235855103e-02,8.197825402021408081e-02,8.278672397136688232e-02,8.249187469482421875e-02,8.263593167066574097e-02,8.331518620252609253e-02,8.330411463975906372e-02,8.445470780134201050e-02,8.462885767221450806e-02,8.486559987068176270e-02,8.487296104431152344e-02,8.561790734529495239e-02
2.180913916197821378e-02,1.791155045793857425e-05,7.979179173707962036e-02,8.019144088029861450e-02,8.152236044406890869e-02,8.087272197008132935e-02,8.103450387716293335e-02,8.189274370670318604e-02,8.281431347131729126e-02,8.245619386434555054e-02,8.301486819982528687e-02,8.344575762748718262e-02,8.320042490959167480e-02,8.462833613157272339e-02,8.433540910482406616e-02,8.432714641094207764e-02,8.534826338291168213e-02
2.197331530784813608e-02,1.769717891875188798e-05,7.960652559995651245e-02,7.893735170364379883e-02,8.027445524930953979e-02,8.070357143878936768e-02,8.018329739570617676e-02,8.090692758560180664e-02,8.122519403696060181e-02,8.194313943386077881e-02,8.128620684146881104e-02,8.250820636749267578e-02,8.274646848440170288e-02,8.295087516307830811e-02,8.319803327322006226e-02,8.402828127145767212e-02,8.367614448070526123e-02
2.213749145371805491e-02,1.761259227350819856e-05,7.862214744091033936e-02,7.924124598503112793e-02,7.948315888643264771e-02,7.950575649738311768e-02,7.982169091701507568e-02,8.029539883136749268e-02,8.133821189403533936e-02,8.116222918033599854e-02,8.159769326448440552e-02,8.221614360809326172e-02,8.194196224212646484e-02,8.235391229391098022e-02,8.315848559141159058e-02,8.358880132436752319e-02,8.382397890090942383e-02
2.230166759958797373e-02,1.737400089041329920e-05,7.726377248764038086e-02,7.822770625352859497e-02,7.847073674201965332e-02,7.950456440448760986e-02,7.837102562189102173e-02,7.898431271314620972e-02,7.975233346223831177e-02,8.047922700643539429e-02,8.009096980094909668e-02,8.028034865856170654e-02,8.156866580247879028e-02,8.164736628532409668e-02,8.198379725217819214e-02,8.219204843044281006e-02,8.223100751638412476e-02
2.246584374545789603e-02,1.729576797515619546e-05,7.740312069654464722e-02,7.806293666362762451e-02,7.837127894163131714e-02,7.888880372047424316e-02,7.938833534717559814e-02,7.862185686826705933e-02,7.945799827575683594e-02,7.955997437238693237e-02,8.079872280359268188e-02,8.051919192075729370e-02,8.054948598146438599e-02,8.071286231279373169e-02,8.126222342252731323e-02,8.133907616138458252e-02,8.197403699159622192e-02
2.263001989132781139e-02,1.712145967758260667e-05,7.719321548938751221e-02,7.638052850961685181e-02,7.619601488113403320e-02,7.726400345563888550e-02,7.814581692218780518e-02,7.816872000694274902e-02,7.801895588636398315e-02,7.881391048431396484e-02,7.887255400419235229e-02,7.963231950998306274e-02,8.041732013225555420e-02,8.047475665807723999e-02,8.113341778516769409e-02,8.110170811414718628e-02,8.158752322196960449e-02
2.279419603719773368e-02,1.698986488918308169e-05,7.596687227487564087e-02,7.624876499176025391e-02,7.679290324449539185e-02,7.728832215070724487e-02,7.719141989946365356e-02,7.796133309602737427e-02,7.829856872558593750e-02,7.851867377758026123e-02,7.807924598455429077e-02,7.901008427143096924e-02,7.956901192665100098e-02,7.950035482645034790e-02,7.975910604000091553e-02,8.050927519798278809e-02,8.017259091138839722e-02
2.295837218306765251e-02,1.685554343566764146e-05,7.542973011732101440e-02,7.592493295669555664e-02,7.618476450443267822e-02,7.641948014497756958e-02,7.670678198337554932e-02,7.675210386514663696e-02,7.797838002443313599e-02,7.754767686128616333e-02,7.860065996646881104e-02,7.883335649967193604e-02,7.819561660289764404e-02,7.852716743946075439e-02,7.865463942289352417e-02,8.014906197786331177e-02,7.988826185464859009e-02
2.312254832893757134e-02,1.675331623118836433e-05,7.530134916305541992e-02,7.548303157091140747e-02,7.522489130496978760e-02,7.646370679140090942e-02,7.605528086423873901e-02,7.669782638549804688e-02,7.641962915658950806e-02,7.789139449596405029e-02,7.722340524196624756e-02,7.862042635679244995e-02,7.831844687461853027e-02,7.812692970037460327e-02,7.897779345512390137e-02,7.925403863191604614e-02,7.868217676877975464e-02
2.328672447480749363e-02,1.656694803386926651e-05,7.401170581579208374e-02,7.475487887859344482e-02,7.512374967336654663e-02,7.533425837755203247e-02,7.609099894762039185e-02,7.486911118030548096e-02,7.604343444108963013e-02,7.609480619430541992e-02,7.711587101221084595e-02,7.727298140525817871e-02,7.703555375337600708e-02,7.715451717376708984e-02,7.712081074714660645e-02,7.883153110742568970e-02,7.859250158071517944e-02
2.345090062067740899e-02,1.641449125600047410e-05,7.424557209014892578e-02,7.492406666278839111e-02,7.414840161800384521e-02,7.410037517547607422e-02,7.506430894136428833e-02,7.479476183652877808e-02,7.558518648147583008e-02,7.551819086074829102e-02,7.538723945617675781e-02,7.618934661149978638e-02,7.637159526348114014e-02,7.749603688716888428e-02,7.723992317914962769e-02,7.737643271684646606e-02,7.730830460786819458e-02
2.361507676654733129e-02,1.630435508559457958e-05,7.308461517095565796e-02,7.287382334470748901e-02,7.331367582082748413e-02,7.406414300203323364e-02,7.520862668752670288e-02,7.473649084568023682e-02,7.451965659856796265e-02,7.462262362241744995e-02,7.603880763053894043e-02,7.596568018198013306e-02,7.573394477367401123e-02,7.632886618375778198e-02,7.733105123043060303e-02,7.701742649078369141e-02,7.679849863052368164e-02
2.377925291241725012e-02,1.621847150090616196e-05,7.261914759874343872e-02,7.309766858816146851e-02,7.305373251438140869e-02,7.393661141395568848e-02,7.465893775224685669e-02,7.443584501743316650e-02,7.447686791419982910e-02,7.404871284961700439e-02,7.455400377511978149e-02,7.538254559040069580e-02,7.606519758701324463e-02,7.634399086236953735e-02,7.583920657634735107e-02,7.703021168708801270e-02,7.669838517904281616e-02
2.394342905828716894e-02,1.603964483365416527e-05,7.191361486911773682e-02,7.198853045701980591e-02,7.264596968889236450e-02,7.286171615123748779e-02,7.237739115953445435e-02,7.375904172658920288e-02,7.417105883359909058e-02,7.389195263385772705e-02,7.416439056396484375e-02,7.464238256216049194e-02,7.486318051815032959e-02,7.523468136787414551e-02,7.593568414449691772e-02,7.545215636491775513e-02,7.576946169137954712e-02
2.410760520415709124e-02,1.593582965142559260e-05,7.133794575929641724e-02,7.207342982292175293e-02,7.242666184902191162e-02,7.194596529006958008e-02,7.305988669395446777e-02,7.298777997493743896e-02,7.282248139381408691e-02,7.324896007776260376e-02,7.373399287462234497e-02,7.427980750799179077e-02,7.406288385391235352e-02,7.432134449481964111e-02,7.453244179487228394e-02,7.482143491506576538e-02,7.565426081418991089e-02
2.427178135002700660e-02,1.578222145326435566e-05,7.075776904821395874e-02,7.108718901872634888e-02,7.212437689304351807e-02,7.210789620876312256e-02,7.202160358428955078e-02,7.218549400568008423e-02,7.202266901731491089e-02,7.239154726266860962e-02,7.259034365415573120e-02,7.348923385143280029e-02,7.338099926710128784e-02,7.430985569953918457e-02,7.398191094398498535e-02,7.405231893062591553e-02,7.476606220006942749e-02
2.443595749589692889e-02,1.570093991176690906e-05,7.087504118680953979e-02,7.107157260179519653e-02,7.042153924703598022e-02,7.085172086954116821e-02,7.089614123106002808e-02,7.280287146568298340e-02,7.260521501302719116e-02,7.269951701164245605e-02,7.303639501333236694e-02,7.232937961816787720e-02,7.289167493581771851e-02,7.310828566551208496e-02,7.434546202421188354e-02,7.378366589546203613e-02,7.413659989833831787e-02
2.460013364176684772e-02,1.556728784635197371e-05,7.060653716325759888e-02,7.054184377193450928e-02,7.045304775238037109e-02,7.044413685798645020e-02,7.130794227123260498e-02,7.161760330200195312e-02,7.125019282102584839e-02,7.193592935800552368e-02,7.179444283246994019e-02,7.273719459772109985e-02,7.215215265750885010e-02,7.285547256469726562e-02,7.295067608356475830e-02,7.333449274301528931e-02,7.328356802463531494e-02
2.476430978763676655e-02,1.540750781714450568e-05,6.918662041425704956e-02,7.004497200250625610e-02,7.000605016946792603e-02,7.011443376541137695e-02,7.033815234899520874e-02,7.043132930994033813e-02,7.116626203060150146e-02,7.140011340379714966e-02,7.108050584793090820e-02,7.158499956130981445e-02,7.104771584272384644e-02,7.170356065034866333e-02,7.249692082405090332e-02,7.253909856081008911e-02,7.294796407222747803e-02
2.492848593350668884e-02,1.530493682366795838e-05,6.894396245479583740e-02,6.886114180088043213e-02,6.947125494480133057e-02,6.931408494710922241e-02,6.956876069307327271e-02,7.030048966407775879e-02,7.064859569072723389e-02,7.097012549638748169e-02,7.099577784538269043e-02,7.132324576377868652e-02,7.107723504304885864e-02,7.168940454721450806e-02,7.155167311429977417e-02,7.187664508819580078e-02,7.232587039470672607e-02
2.509266207937660420e-02,1.519658053439343348e-05,6.792570650577545166e-02,6.870318204164505005e-02,6.914793699979782104e-02,6.922571361064910889e-02,6.908175349235534668e-02,7.049319893121719360e-02,6.956002116203308105e-02,7.056128233671188354e-02,6.995931267738342285e-02,7.068952918052673340e-02,7.078351080417633057e-02,7.073944807052612305e-02,7.108895480632781982e-02,7.155995815992355347e-02,7.178793847560882568e-02
2.525683822524652650e-02,1.510333822807297111e-05,6.762376427650451660e-02,6.775788962841033936e-02,6.844262033700942993e-02,6.895296275615692139e-02,6.869753450155258179e-02,7.027970254421234131e-02,6.976076215505599976e-02,6.946703791618347168e-02,6.976378709077835083e-02,7.045236229896545410e-02,7.057113200426101685e-02,7.059682905673980713e-02,7.083533704280853271e-02,7.072664052248001099e-02,7.112333178520202637e-02
2.542101437111644532e-02,1.499027894169557840e-05,6.751989573240280151e-02,6.762833148241043091e-02,6.778281927108764648e-02,6.861225515604019165e-02,6.826104223728179932e-02,6.878595054149627686e-02,6.957369297742843628e-02,6.903897970914840698e-02,6.918365508317947388e-02,6.925992667675018311e-02,6.990284472703933716e-02,6.989454478025436401e-02,7.028367370367050171e-02,7.100103050470352173e-02,7.028849422931671143e-02
2.558519051698636415e-02,1.488730322307674214e-05,6.653430312871932983e-02,6.721179932355880737e-02,6.740856915712356567e-02,6.785503029823303223e-02,6.782122701406478882e-02,6.820593774318695068e-02,6.805149465799331665e-02,6.915606558322906494e-02,6.907412409782409668e-02,6.899162381887435913e-02,6.921807676553726196e-02,6.956966221332550049e-02,6.981015950441360474e-02,7.053165137767791748e-02,7.003934681415557861e-02
2.574936666285628645e-02,1.476553643442457542e-05,6.599695235490798950e-02,6.722017377614974976e-02,6.683660298585891724e-02,6.648517400026321411e-02,6.729156523942947388e-02,6.778994202613830566e-02,6.771283596754074097e-02,6.849285215139389038e-02,6.884188205003738403e-02,6.859296560287475586e-02,6.837085634469985962e-02,6.929378211498260498e-02,6.930945813655853271e-02,6.947881728410720825e-02,6.958310306072235107e-02
2.591354280872620180e-02,1.461252941226121038e-05,6.543015688657760620e-02,6.581597775220870972e-02,6.674942374229431152e-02,6.701538711786270142e-02,6.628838181495666504e-02,6.729672104120254517e-02,6.762856990098953247e-02,6.723292171955108643e-02,6.800228357315063477e-02,6.781854480504989624e-02,6.799220293760299683e-02,6.787882745265960693e-02,6.805589050054550171e-02,6.859082728624343872e-02,6.901638954877853394e-02
2.607771895459612410e-02,1.452966171200387180e-05,6.554497033357620239e-02,6.566064059734344482e-02,6.656060367822647095e-02,6.643912196159362793e-02,6.628984212875366211e-02,6.606751680374145508e-02,6.605231761932373047e-02,6.747709214687347412e-02,6.702779978513717651e-02,6.781273335218429565e-02,6.814932823181152344e-02,6.787262856960296631e-02,6.795107573270797729e-02,6.829752773046493530e-02,6.841269880533218384e-02
2.624189510046604293e-02,1.444150893803453073e-05,6.475331634283065796e-02,6.529799848794937134e-02,6.607295572757720947e-02,6.549453735351562500e-02,6.617688387632369995e-02,6.639660149812698364e-02,6.610593944787979126e-02,6.710547208786010742e-02,6.624872237443923950e-02,6.743699312210083008e-02,6.740602850914001465e-02,6.751175969839096069e-02,6.752098351716995239e-02,6.782533228397369385e-02,6.743085384368896484e-02
2.640607124633596176e-02,1.431653254257980734e-05,6.515178084373474121e-02,6.489237397909164429e-02,6.508132070302963257e-02,6.490790098905563354e-02,6.524264067411422729e-02,6.548454612493515015e-02,6.570243090391159058e-02,6.623841822147369385e-02,6.595931947231292725e-02,6.615257263183593750e-02,6.589884310960769653e-02,6.792622804641723633e-02,6.655850261449813843e-02,6.766132265329360962e-02,6.763963401317596436e-02
2.657024739220588405e-02,1.427286952093709260e-05,6.421786546707153320e-02,6.461883336305618286e-02,6.466558575630187988e-02,6.536914408206939697e-02,6.570596992969512939e-02,6.516250967979431152e-02,6.512492150068283081e-02,6.615595519542694092e-02,6.611040234565734863e-02,6.632191687822341919e-02,6.718455255031585693e-02,6.648977100849151611e-02,6.658346951007843018e-02,6.721502542495727539e-02,6.663873046636581421e-02
2.673442353807579941e-02,1.415997030562721193e-05,6.375639885663986206e-02,6.398266553878784180e-02,6.466276198625564575e-02,6.525778770446777344e-02,6.458006054162979126e-02,6.502929329872131348e-02,6.559827923774719238e-02,6.513900309801101685e-02,6.524474173784255981e-02,6.598860770463943481e-02,6.583075970411300659e-02,6.613478064537048340e-02,6.594085693359375000e-02,6.645421683788299561e-02,6.639541685581207275e-02
2.689859968394572171e-02,1.403586520609678701e-05,6.419721990823745728e-02,6.395217031240463257e-02,6.430492550134658813e-02,6.450583040714263916e-02,6.381471455097198486e-02,6.429578363895416260e-02,6.490005552768707275e-02,6.406363844871520996e-02,6.475196033716201782e-02,6.558778882026672363e-02,6.527678668498992920e-02,6.497498601675033569e-02,6.570398807525634766e-02,6.477883458137512207e-02,6.600407510995864868e-02
2.706277582981563706e-02,1.392686044709989801e-05,6.329631060361862183e-02,6.297913193702697754e-02,6.302081048488616943e-02,6.340146809816360474e-02,6.356490403413772583e-02,6.400804221630096436e-02,6.429712474346160889e-02,6.437666714191436768e-02,6.485492736101150513e-02,6.473051011562347412e-02,6.459916383028030396e-02,6.510669738054275513e-02,6.511697918176651001e-02,6.549064815044403076e-02,6.477292627096176147e-02
2.722695197568555936e-02,1.379644254484446719e-05,6.260117888450622559e-02,6.292184442281723022e-02,6.318545341491699219e-02,6.267952919006347656e-02,6.336643546819686890e-02,6.332622468471527100e-02,6.332576274871826172e-02,6.383006274700164795e-02,6.399376690387725830e-02,6.394299864768981934e-02,6.425356119871139526e-02,6.464846432209014893e-02,6.414821743965148926e-02,6.467273086309432983e-02,6.442775577306747437e-02
2.739112812155548166e-02,1.370617519569350407e-05,6.199797987937927246e-02,6.269600242376327515e-02,6.191330775618553162e-02,6.259342283010482788e-02,6.248554214835166931e-02,6.288628280162811279e-02,6.310573965311050415e-02,6.335691362619400024e-02,6.368303298950195312e-02,6.375587731599807739e-02,6.336511671543121338e-02,6.384395807981491089e-02,6.431944668292999268e-02,6.395184993743896484e-02,6.429000943899154663e-02
2.755530426742539701e-02,1.364567924611037597e-05,6.255842000246047974e-02,6.210187077522277832e-02,6.230744719505310059e-02,6.253521144390106201e-02,6.235842034220695496e-02,6.252929568290710449e-02,6.311234831809997559e-02,6.353580206632614136e-02,6.311897188425064087e-02,6.308614462614059448e-02,6.327925622463226318e-02,6.323716044425964355e-02,6.347605586051940918e-02,6.331182271242141724e-02,6.435775756835937500e-02
2.771948041329531931e-02,1.352945400867611170e-05,6.169253215193748474e-02,6.099677830934524536e-02,6.153804808855056763e-02,6.167865544557571411e-02,6.220587715506553650e-02,6.223604455590248108e-02,6.244608387351036072e-02,6.272634118795394897e-02,6.252287328243255615e-02,6.266146898269653320e-02,6.274270266294479370e-02,6.335848569869995117e-02,6.315550208091735840e-02,6.302056461572647095e-02,6.344903260469436646e-02
2.788365655916523467e-02,1.348565729131223634e-05,6.122953072190284729e-02,6.083695963025093079e-02,6.176532432436943054e-02,6.132391095161437988e-02,6.220103800296783447e-02,6.192358210682868958e-02,6.203342229127883911e-02,6.233002617955207825e-02,6.264837831258773804e-02,6.182804703712463379e-02,6.243523582816123962e-02,6.297400593757629395e-02,6.301831454038619995e-02,6.320362538099288940e-02,6.340710073709487915e-02
2.804783270503515696e-02,1.335570868832292035e-05,6.082438305020332336e-02,6.110856682062149048e-02,6.089518219232559204e-02,6.073481962084770203e-02,6.182995066046714783e-02,6.124766916036605835e-02,6.169118359684944153e-02,6.192281097173690796e-02,6.200752034783363342e-02,6.166293099522590637e-02,6.242027506232261658e-02,6.182878091931343079e-02,6.243828311562538147e-02,6.208984926342964172e-02,6.217502430081367493e-02
2.821200885090507926e-02,1.326809888269053772e-05,6.111492961645126343e-02,6.053685396909713745e-02,6.021933257579803467e-02,6.067109853029251099e-02,6.153190135955810547e-02,6.098067387938499451e-02,6.102832779288291931e-02,6.099403649568557739e-02,6.177439913153648376e-02,6.157399341464042664e-02,6.115278601646423340e-02,6.181615218520164490e-02,6.208221614360809326e-02,6.146409362554550171e-02,6.139364466071128845e-02
2.837618499677499462e-02,1.316980251431232318e-05,5.987503379583358765e-02,6.013229489326477051e-02,5.992209538817405701e-02,6.075853854417800903e-02,6.055157631635665894e-02,6.026058644056320190e-02,6.106734648346900940e-02,6.045040860772132874e-02,6.104587391018867493e-02,6.123306229710578918e-02,6.118388473987579346e-02,6.086500361561775208e-02,6.140856072306632996e-02,6.123791635036468506e-02,6.181202456355094910e-02
2.854036114264491691e-02,1.312195581704145297e-05,5.963032692670822144e-02,5.995099991559982300e-02,6.015050783753395081e-02,6.002196669578552246e-02,5.998231843113899231e-02,6.085002422332763672e-02,6.037117168307304382e-02,5.976996198296546936e-02,6.078189611434936523e-02,6.075910478830337524e-02,6.117906048893928528e-02,6.157478690147399902e-02,6.138955429196357727e-02,6.115768477320671082e-02,6.080691516399383545e-02
2.870453728851483227e-02,1.301744850934483111e-05,5.891641601920127869e-02,5.956427380442619324e-02,5.936534702777862549e-02,5.962073802947998047e-02,5.989795550704002380e-02,6.007771566510200500e-02,6.019563600420951843e-02,6.018588319420814514e-02,6.052273139357566833e-02,6.046879664063453674e-02,6.009006500244140625e-02,6.012190133333206177e-02,6.044684350490570068e-02,6.086150184273719788e-02,6.098392233252525330e-02
2.886871343438475457e-02,1.290942145715234801e-05,5.858157202601432800e-02,5.815029889345169067e-02,5.914714187383651733e-02,5.931179225444793701e-02,5.928241834044456482e-02,5.923186242580413818e-02,5.945663899183273315e-02,5.989187583327293396e-02,5.922763422131538391e-02,6.029197573661804199e-02,6.044293940067291260e-02,6.026400998234748840e-02,5.982374772429466248e-02,6.020500510931015015e-02,6.039119884371757507e-02
2.903288958025467686e-02,1.282055109186330810e-05,5.819269269704818726e-02,5.879051238298416138e-02,5.907344818115234375e-02,5.849913507699966431e-02,5.899586156010627747e-02,5.827511101961135864e-02,5.869444459676742554e-02,5.901687964797019958e-02,5.905508622527122498e-02,5.967446789145469666e-02,5.967012047767639160e-02,5.987091362476348877e-02,6.010290980339050293e-02,6.000273674726486206e-02,5.956534668803215027e-02
2.919706572612459222e-02,1.277794945053756237e-05,5.780330300331115723e-02,5.844864621758460999e-02,5.872552841901779175e-02,5.853866413235664368e-02,5.864131078124046326e-02,5.852999910712242126e-02,5.912880226969718933e-02,5.862262099981307983e-02,5.887399241328239441e-02,5.898466706275939941e-02,5.952055379748344421e-02,5.983491614460945129e-02,5.950740352272987366e-02,5.978281423449516296e-02,5.952104926109313965e-02
2.936124187199451452e-02,1.266934577870415524e-05,5.816451087594032288e-02,5.781833082437515259e-02,5.816230550408363342e-02,5.786132439970970154e-02,5.848468467593193054e-02,5.825434997677803040e-02,5.856315046548843384e-02,5.874142795801162720e-02,5.845140665769577026e-02,5.836557596921920776e-02,5.863998085260391235e-02,5.861885473132133484e-02,5.924582108855247498e-02,5.887801200151443481e-02,5.914409458637237549e-02
2.952541801786442988e-02,1.260576482309261337e-05,5.744050070643424988e-02,5.702446401119232178e-02,5.763845145702362061e-02,5.793552845716476440e-02,5.784396082162857056e-02,5.885916948318481445e-02,5.827193707227706909e-02,5.838052555918693542e-02,5.820427089929580688e-02,5.831228941679000854e-02,5.867001414299011230e-02,5.805059522390365601e-02,5.872311443090438843e-02,5.862334370613098145e-02,5.850566178560256958e-02
2.968959416373435217e-02,1.252633592230267823e-05,5.664139240980148315e-02,5.758368596434593201e-02,5.754471942782402039e-02,5.747563764452934265e-02,5.766097456216812134e-02,5.753315985202789307e-02,5.744660273194313049e-02,5.838018655776977539e-02,5.777460709214210510e-02,5.814226344227790833e-02,5.828372016549110413e-02,5.843560770153999329e-02,5.827216058969497681e-02,5.825661867856979370e-02,5.824918672442436218e-02
2.985377030960427447e-02,1.244960640178760514e-05,5.700542032718658447e-02,5.694323405623435974e-02,5.682877451181411743e-02,5.724354460835456848e-02,5.745678022503852844e-02,5.731727182865142822e-02,5.726507678627967834e-02,5.739649757742881775e-02,5.764205008745193481e-02,5.805032327771186829e-02,5.750154331326484680e-02,5.774978920817375183e-02,5.802042782306671143e-02,5.747622624039649963e-02,5.809752270579338074e-02
3.001794645547418983e-02,1.232213980983942747e-05,5.668488889932632446e-02,5.596357583999633789e-02,5.687416344881057739e-02,5.631361156702041626e-02,5.650757625699043274e-02,5.636677518486976624e-02,5.725969001650810242e-02,5.692443624138832092e-02,5.686398968100547791e-02,5.701570957899093628e-02,5.699284374713897705e-02,5.694957450032234192e-02,5.734325200319290161e-02,5.729292705655097961e-02,5.769865959882736206e-02
3.018212260134411212e-02,1.226358654093928635e-05,5.643299967050552368e-02,5.619334056973457336e-02,5.601692572236061096e-02,5.665387585759162903e-02,5.679621919989585876e-02,5.671789869666099548e-02,5.609487742185592651e-02,5.619092658162117004e-02,5.653871968388557434e-02,5.702841654419898987e-02,5.687593296170234680e-02,5.678883939981460571e-02,5.664330348372459412e-02,5.733469501137733459e-02,5.716968327760696411e-02
3.034629874721402748e-02,1.218280885950662196e-05,5.566534399986267090e-02,5.527473613619804382e-02,5.557403713464736938e-02,5.569784715771675110e-02,5.606112629175186157e-02,5.580046772956848145e-02,5.622155219316482544e-02,5.680353567004203796e-02,5.638423189520835876e-02,5.666744336485862732e-02,5.677817389369010925e-02,5.621129646897315979e-02,5.685198307037353516e-02,5.691122263669967651e-02,5.637941882014274597e-02
3.051047489308394978e-02,1.210777554661035538e-05,5.595063418149948120e-02,5.555953830480575562e-02,5.510046705603599548e-02,5.586736649274826050e-02,5.582806095480918884e-02,5.604276061058044434e-02,5.573081225156784058e-02,5.610580369830131531e-02,5.573868006467819214e-02,5.570854991674423218e-02,5.624082684516906738e-02,5.620256811380386353e-02,5.620526522397994995e-02,5.588891729712486267e-02,5.652441829442977905e-02
3.067465103895387207e-02,1.205655371450120583e-05,5.498830229043960571e-02,5.521472170948982239e-02,5.532507598400115967e-02,5.519609525799751282e-02,5.552162230014801025e-02,5.542891100049018860e-02,5.559290573000907898e-02,5.547605082392692566e-02,5.583530664443969727e-02,5.595540255308151245e-02,5.601016432046890259e-02,5.593181028962135315e-02,5.622189119458198547e-02,5.565281957387924194e-02,5.635531991720199585e-02
3.083882718482378743e-02,1.199962116515962407e-05,5.468228831887245178e-02,5.464148521423339844e-02,5.556124076247215271e-02,5.486907809972763062e-02,5.541803315281867981e-02,5.526848509907722473e-02,5.571143329143524170e-02,5.534658208489418030e-02,5.553233250975608826e-02,5.577725172042846680e-02,5.533776432275772095e-02,5.505106970667839050e-02,5.567010119557380676e-02,5.614363774657249451e-02,5.593678355216979980e-02
3.100300333069370973e-02,1.189082922792294994e-05,5.491078644990921021e-02,5.419851467013359070e-02,5.445192381739616394e-02,5.442376062273979187e-02,5.455889925360679626e-02,5.471166595816612244e-02,5.501797795295715332e-02,5.525289848446846008e-02,5.520013719797134399e-02,5.499743297696113586e-02,5.547747761011123657e-02,5.471834912896156311e-02,5.525561049580574036e-02,5.514989420771598816e-02,5.547994747757911682e-02
3.116717947656362508e-02,1.182348296424606815e-05,5.432296916842460632e-02,5.404915288090705872e-02,5.434169992804527283e-02,5.420285090804100037e-02,5.407746508717536926e-02,5.475822091102600098e-02,5.470939725637435913e-02,5.418860912322998047e-02,5.534125864505767822e-02,5.488866567611694336e-02,5.489925667643547058e-02,5.473291873931884766e-02,5.457850173115730286e-02,5.484960973262786865e-02,5.460314825177192688e-02
3.133135562243354738e-02,1.177485228254226968e-05,5.355793610215187073e-02,5.443268641829490662e-02,5.397120490670204163e-02,5.408682301640510559e-02,5.408351868391036987e-02,5.435012653470039368e-02,5.445774272084236145e-02,5.377479642629623413e-02,5.449528247117996216e-02,5.472411960363388062e-02,5.502391606569290161e-02,5.406906828284263611e-02,5.465467274188995361e-02,5.497604981064796448e-02,5.438069999217987061e-02
3.149553176830346968e-02,1.168372637039283291e-05,5.342352390289306641e-02,5.341111868619918823e-02,5.359698832035064697e-02,5.377604067325592041e-02,5.384907498955726624e-02,5.347213894128799438e-02,5.383305251598358154e-02,5.419963225722312927e-02,5.475151538848876953e-02,5.443937331438064575e-02,5.392525345087051392e-02,5.387721583247184753e-02,5.381404608488082886e-02,5.446391180157661438e-02,5.465168133378028870e-02
3.165970791417338503e-02,1.162016542366473004e-05,5.318296328186988831e-02,5.340223014354705811e-02,5.357202142477035522e-02,5.356055870652198792e-02,5.372036993503570557e-02,5.365972965955734253e-02,5.378212779760360718e-02,5.381256341934204102e-02,5.354238674044609070e-02,5.382446944713592529e-02,5.370667949318885803e-02,5.432401970028877258e-02,5.368205532431602478e-02,5.327118933200836182e-02,5.345537140965461731e-02
3.182388406004330039e-02,1.158181385108036920e-05,5.296525731682777405e-02,5.275570601224899292e-02,5.308614671230316162e-02,5.309323593974113464e-02,5.346254631876945496e-02,5.337605252861976624e-02,5.333083495497703552e-02,5.339860916137695312e-02,5.399899557232856750e-02,5.398102477192878723e-02,5.339185521006584167e-02,5.401142686605453491e-02,5.377406626939773560e-02,5.396188423037528992e-02,5.357466638088226318e-02
3.198806020591322269e-02,1.147405691881431267e-05,5.235036462545394897e-02,5.314738303422927856e-02,5.268356576561927795e-02,5.262100324034690857e-02,5.332475155591964722e-02,5.282085761427879333e-02,5.346764251589775085e-02,5.341129750013351440e-02,5.313647538423538208e-02,5.253778398036956787e-02,5.336149781942367554e-02,5.284013971686363220e-02,5.278167501091957092e-02,5.303346738219261169e-02,5.309429019689559937e-02
3.215223635178314499e-02,1.142150449595646933e-05,5.272102728486061096e-02,5.254448950290679932e-02,5.246241763234138489e-02,5.305637046694755554e-02,5.313718691468238831e-02,5.240964516997337341e-02,5.273902043700218201e-02,5.250214785337448120e-02,5.323676019906997681e-02,5.260740220546722412e-02,5.273016914725303650e-02,5.268646031618118286e-02,5.279706791043281555e-02,5.265902727842330933e-02,5.304730311036109924e-02
3.231641249765306034e-02,1.136239825427765027e-05,5.154602229595184326e-02,5.240384861826896667e-02,5.235941708087921143e-02,5.198403075337409973e-02,5.260208994150161743e-02,5.258266627788543701e-02,5.291663110256195068e-02,5.273212492465972900e-02,5.322442948818206787e-02,5.257236212491989136e-02,5.247732624411582947e-02,5.238952860236167908e-02,5.203622952103614807e-02,5.242635309696197510e-02,5.269628763198852539e-02
3.248058864352298264e-02,1.129299289459595457e-05,5.186907202005386353e-02,5.200299248099327087e-02,5.213025212287902832e-02,5.163514986634254456e-02,5.234864726662635803e-02,5.206854268908500671e-02,5.226789414882659912e-02,5.255169421434402466e-02,5.173126980662345886e-02,5.216794088482856750e-02,5.218438431620597839e-02,5.205682665109634399e-02,5.183370038866996765e-02,5.244370922446250916e-02,5.218843743205070496e-02
3.264476478939290494e-02,1.120877732319058850e-05,5.137552320957183838e-02,5.186285823583602905e-02,5.169238895177841187e-02,5.222500115633010864e-02,5.184591189026832581e-02,5.175115540623664856e-02,5.163698643445968628e-02,5.172801390290260315e-02,5.202192068099975586e-02,5.164329707622528076e-02,5.186578631401062012e-02,5.203638970851898193e-02,5.165516585111618042e-02,5.193369463086128235e-02,5.126431956887245178e-02
3.280894093526282029e-02,1.118936415878124535e-05,5.184523388743400574e-02,5.129422619938850403e-02,5.161135643720626831e-02,5.209209024906158447e-02,5.170962586998939514e-02,5.179923400282859802e-02,5.181044712662696838e-02,5.156341195106506348e-02,5.188802257180213928e-02,5.139631405472755432e-02,5.151845142245292664e-02,5.175359919667243958e-02,5.145081505179405212e-02,5.150725692510604858e-02,5.174570903182029724e-02
3.297311708113273565e-02,1.109319237002637237e-05,5.096432939171791077e-02,5.144207179546356201e-02,5.136870965361595154e-02,5.134442076086997986e-02,5.120459944009780884e-02,5.136144533753395081e-02,5.145769938826560974e-02,5.126579105854034424e-02,5.132206156849861145e-02,5.091289803385734558e-02,5.124812200665473938e-02,5.136841535568237305e-02,5.132328346371650696e-02,5.118949711322784424e-02,5.115205049514770508e-02
3.313729322700266489e-02,1.102011447073891759e-05,5.069182813167572021e-02,5.072054639458656311e-02,5.029060691595077515e-02,5.118129774928092957e-02,5.117360129952430725e-02,5.086888745427131653e-02,5.104302242398262024e-02,5.095295235514640808e-02,5.037706345319747925e-02,5.105377733707427979e-02,5.079657584428787231e-02,5.104956775903701782e-02,5.134414508938789368e-02,5.067060142755508423e-02,5.070934817194938660e-02
3.330146937287258024e-02,1.101081852539209649e-05,5.070706829428672791e-02,5.021014437079429626e-02,5.077581852674484253e-02,5.098401382565498352e-02,5.116853490471839905e-02,5.091201514005661011e-02,5.072669684886932373e-02,5.091415345668792725e-02,5.091854184865951538e-02,5.079763755202293396e-02,5.120980367064476013e-02,5.083536356687545776e-02,5.099931359291076660e-02,5.057141929864883423e-02,5.083281546831130981e-02
3.346564551874249560e-02,1.089409670385066420e-05,5.084993317723274231e-02,5.011288449168205261e-02,5.012184008955955505e-02,5.018105730414390564e-02,5.049439519643783569e-02,5.028034374117851257e-02,5.048614740371704102e-02,5.009099468588829041e-02,5.067801848053932190e-02,5.068075656890869141e-02,5.012820288538932800e-02,5.015635862946510315e-02,5.029812082648277283e-02,5.047959834337234497e-02,5.013292655348777771e-02
3.362982166461241790e-02,1.086221254809061065e-05,5.016783997416496277e-02,5.051799863576889038e-02,5.038581788539886475e-02,5.051644518971443176e-02,5.015358701348304749e-02,5.026818439364433289e-02,5.023093894124031067e-02,5.005251616239547729e-02,5.023774132132530212e-02,4.994538798928260803e-02,5.043644458055496216e-02,5.016857758164405823e-02,5.009540915489196777e-02,4.971592500805854797e-02,5.016144737601280212e-02
3.379399781048234019e-02,1.079814774129772559e-05,4.994460940361022949e-02,4.984672740101814270e-02,5.005472898483276367e-02,4.975318908691406250e-02,5.013978108763694763e-02,4.981769621372222900e-02,5.022090673446655273e-02,5.004307255148887634e-02,4.995488002896308899e-02,4.985122755169868469e-02,4.973364248871803284e-02,4.969163239002227783e-02,4.948318377137184143e-02,4.956269264221191406e-02,4.982761293649673462e-02
3.395817395635225555e-02,1.073892508429707959e-05,4.964724928140640259e-02,4.942288994789123535e-02,4.947499930858612061e-02,4.980031400918960571e-02,4.926326498389244080e-02,4.985513165593147278e-02,4.936861619353294373e-02,4.915525764226913452e-02,4.986774921417236328e-02,4.985059797763824463e-02,5.001491680741310120e-02,4.997679591178894043e-02,4.903438314795494080e-02,4.963669553399085999e-02,4.952616617083549500e-02
3.412235010222217091e-02,1.070309917849954218e-05,5.012675374746322632e-02,4.989273846149444580e-02,4.969532787799835205e-02,4.949120432138442993e-02,4.995813593268394470e-02,4.934242740273475647e-02,4.924207180738449097e-02,4.969142377376556396e-02,4.962573945522308350e-02,4.942602664232254028e-02,4.922119900584220886e-02,4.943247884511947632e-02,4.901181533932685852e-02,4.880225658416748047e-02,4.897691309452056885e-02
3.428652624809210014e-02,1.063164199877064675e-05,4.871008172631263733e-02,4.966098815202713013e-02,4.913092404603958130e-02,4.940186068415641785e-02,4.913507401943206787e-02,4.933847114443778992e-02,4.878481104969978333e-02,4.908642917871475220e-02,4.953336343169212341e-02,4.910806939005851746e-02,4.891828447580337524e-02,4.899419844150543213e-02,4.921624436974525452e-02,4.921378195285797119e-02,4.888007417321205139e-02
3.445070239396201550e-02,1.055749089573509991e-05,4.882624745368957520e-02,4.857378080487251282e-02,4.915471374988555908e-02,4.917732998728752136e-02,4.879446700215339661e-02,4.913627728819847107e-02,4.875604063272476196e-02,4.887497052550315857e-02,4.927913099527359009e-02,4.873656481504440308e-02,4.880056530237197876e-02,4.815723747014999390e-02,4.831615090370178223e-02,4.866320267319679260e-02,4.884281754493713379e-02
3.461487853983193086e-02,1.050064929586369544e-05,4.857623949646949768e-02,4.866402968764305115e-02,4.853831231594085693e-02,4.864784702658653259e-02,4.866902902722358704e-02,4.862974584102630615e-02,4.825244843959808350e-02,4.851628839969635010e-02,4.816274344921112061e-02,4.815444722771644592e-02,4.877942055463790894e-02,4.831216484308242798e-02,4.817369207739830017e-02,4.862964898347854614e-02,4.866115376353263855e-02
3.477905468570185316e-02,1.044200416799867526e-05,4.872502759099006653e-02,4.829505085945129395e-02,4.861905798316001892e-02,4.794722422957420349e-02,4.841255769133567810e-02,4.820300638675689697e-02,4.801429808139801025e-02,4.837270826101303101e-02,4.846848919987678528e-02,4.845504090189933777e-02,4.820332303643226624e-02,4.822088405489921570e-02,4.816646501421928406e-02,4.775884747505187988e-02,4.813245311379432678e-02
3.494323083157177545e-02,1.038940990838455036e-05,4.821512103080749512e-02,4.810775816440582275e-02,4.807151108980178833e-02,4.856642708182334900e-02,4.771067947149276733e-02,4.810319468379020691e-02,4.828523844480514526e-02,4.760689288377761841e-02,4.791559278964996338e-02,4.810232296586036682e-02,4.795230925083160400e-02,4.788051918148994446e-02,4.777399823069572449e-02,4.766592755913734436e-02,4.772030189633369446e-02
3.510740697744169081e-02,1.033051830745534971e-05,4.783270880579948425e-02,4.757604002952575684e-02,4.806653410196304321e-02,4.787057638168334961e-02,4.775153845548629761e-02,4.809898883104324341e-02,4.789147526025772095e-02,4.781878739595413208e-02,4.771596193313598633e-02,4.780810326337814331e-02,4.717727378010749817e-02,4.797881096601486206e-02,4.749732464551925659e-02,4.724104329943656921e-02,4.743275791406631470e-02
3.527158312331161311e-02,1.030790917866397649e-05,4.754599556326866150e-02,4.792732372879981995e-02,4.806340485811233521e-02,4.737795516848564148e-02,4.805259779095649719e-02,4.755872115492820740e-02,4.781113564968109131e-02,4.775621369481086731e-02,4.770867899060249329e-02,4.753290116786956787e-02,4.749267920851707458e-02,4.742086306214332581e-02,4.765910282731056213e-02,4.747776687145233154e-02,4.728812724351882935e-02
3.543575926918153540e-02,1.025432629830902442e-05,4.778728634119033813e-02,4.721913114190101624e-02,4.763631150126457214e-02,4.773874953389167786e-02,4.735917225480079651e-02,4.740723222494125366e-02,4.748154059052467346e-02,4.740061238408088684e-02,4.788444191217422485e-02,4.714483767747879028e-02,4.750657081604003906e-02,4.721521213650703430e-02,4.744676128029823303e-02,4.720967635512351990e-02,4.667197912931442261e-02
3.559993541505145076e-02,1.018231250782264397e-05,4.727695509791374207e-02,4.743210971355438232e-02,4.696302115917205811e-02,4.699439182877540588e-02,4.710243269801139832e-02,4.691076651215553284e-02,4.736043140292167664e-02,4.691340029239654541e-02,4.694416373968124390e-02,4.716290533542633057e-02,4.720011726021766663e-02,4.690820351243019104e-02,4.715821519494056702e-02,4.683773219585418701e-02,4.637655615806579590e-02
3.576411156092136612e-02,1.012227767205331475e-05,4.722464457154273987e-02,4.678723961114883423e-02,4.750981926918029785e-02,4.698235914111137390e-02,4.690744355320930481e-02,4.691378399729728699e-02,4.685455560684204102e-02,4.666783288121223450e-02,4.645068943500518799e-02,4.680661112070083618e-02,4.674629494547843933e-02,4.660025611519813538e-02,4.672314599156379700e-02,4.618469625711441040e-02,4.633097723126411438e-02
3.592828770679129535e-02,1.009254174277884886e-05,4.675584286451339722e-02,4.698709771037101746e-02,4.647198691964149475e-02,4.711894318461418152e-02,4.661067202687263489e-02,4.725025594234466553e-02,4.673862457275390625e-02,4.693387076258659363e-02,4.629414528608322144e-02,4.659973084926605225e-02,4.656807333230972290e-02,4.625689238309860229e-02,4.643671959638595581e-02,4.619757458567619324e-02,4.633842036128044128e-02
3.609246385266121071e-02,1.003038687485968694e-05,4.696721211075782776e-02,4.663355275988578796e-02,4.632595181465148926e-02,4.649187251925468445e-02,4.608880355954170227e-02,4.695263877511024475e-02,4.645028337836265564e-02,4.638716578483581543e-02,4.640760645270347595e-02,4.671052843332290649e-02,4.576864466071128845e-02,4.659666121006011963e-02,4.578765109181404114e-02,4.598540440201759338e-02,4.581276327371597290e-02
3.625663999853112607e-02,9.986707482312340289e-06,4.629974067211151123e-02,4.651355743408203125e-02,4.644959792494773865e-02,4.655856639146804810e-02,4.645761847496032715e-02,4.615780338644981384e-02,4.636676236987113953e-02,4.613794758915901184e-02,4.580175504088401794e-02,4.640461504459381104e-02,4.595338180661201477e-02,4.590840637683868408e-02,4.582290351390838623e-02,4.561159014701843262e-02,4.562652111053466797e-02
3.642081614440104836e-02,9.938689800037536770e-06,4.663177579641342163e-02,4.643008112907409668e-02,4.627848044037818909e-02,4.641687870025634766e-02,4.608512297272682190e-02,4.590531438589096069e-02,4.609843716025352478e-02,4.606101289391517639e-02,4.583415016531944275e-02,4.517903178930282593e-02,4.535396024584770203e-02,4.556876048445701599e-02,4.585585743188858032e-02,4.572539404034614563e-02,4.525071382522583008e-02
3.658499229027097066e-02,9.881198820949066430e-06,4.615365341305732727e-02,4.590068012475967407e-02,4.579479247331619263e-02,4.561255127191543579e-02,4.570196196436882019e-02,4.560546949505805969e-02,4.580142721533775330e-02,4.573021829128265381e-02,4.577125981450080872e-02,4.597041755914688110e-02,4.531338065862655640e-02,4.570117220282554626e-02,4.578505456447601318e-02,4.532341659069061279e-02,4.481496289372444153e-02
3.674916843614088602e-02,9.850022252066992223e-06,4.596276208758354187e-02,4.557841271162033081e-02,4.617810249328613281e-02,4.602982848882675171e-02,4.576149210333824158e-02,4.559012502431869507e-02,4.577341675758361816e-02,4.541376605629920959e-02,4.519878700375556946e-02,4.558537527918815613e-02,4.477401450276374817e-02,4.539307951927185059e-02,4.523712396621704102e-02,4.524518176913261414e-02,4.518704861402511597e-02
3.691334458201080831e-02,9.808130016608629376e-06,4.577707871794700623e-02,4.607920721173286438e-02,4.546929523348808289e-02,4.548661783337593079e-02,4.540026187896728516e-02,4.542498290538787842e-02,4.534094780683517456e-02,4.523355513811111450e-02,4.554149135947227478e-02,4.552599787712097168e-02,4.510693997144699097e-02,4.518337175250053406e-02,4.501171037554740906e-02,4.504686594009399414e-02,4.452322050929069519e-02
3.707752072788073061e-02,9.733675142342690378e-06,4.556976258754730225e-02,4.509305581450462341e-02,4.532064497470855713e-02,4.511822387576103210e-02,4.564303159713745117e-02,4.535049945116043091e-02,4.536010697484016418e-02,4.462152719497680664e-02,4.487689957022666931e-02,4.504819959402084351e-02,4.440230131149291992e-02,4.462757706642150879e-02,4.471477121114730835e-02,4.463540390133857727e-02,4.462976753711700439e-02
3.724169687375064597e-02,9.696637789602391422e-06,4.492973536252975464e-02,4.539620131254196167e-02,4.503862559795379639e-02,4.504334554076194763e-02,4.547497257590293884e-02,4.480827599763870239e-02,4.489068686962127686e-02,4.473331198096275330e-02,4.417899623513221741e-02,4.459886997938156128e-02,4.491123929619789124e-02,4.456553608179092407e-02,4.439240321516990662e-02,4.461243376135826111e-02,4.461164772510528564e-02
3.740587301962056133e-02,9.636900358600541949e-06,4.538675770163536072e-02,4.509857296943664551e-02,4.442251101136207581e-02,4.516075178980827332e-02,4.464010894298553467e-02,4.436504468321800232e-02,4.508107155561447144e-02,4.451189190149307251e-02,4.445800185203552246e-02,4.455109685659408569e-02,4.460318759083747864e-02,4.432281479239463806e-02,4.409494623541831970e-02,4.403099045157432556e-02,4.363062605261802673e-02
3.757004916549048362e-02,9.592803507985081524e-06,4.542636871337890625e-02,4.483367502689361572e-02,4.488918185234069824e-02,4.456868767738342285e-02,4.469143599271774292e-02,4.461658746004104614e-02,4.443177953362464905e-02,4.415184259414672852e-02,4.419987648725509644e-02,4.401426762342453003e-02,4.414751753211021423e-02,4.437623918056488037e-02,4.346767812967300415e-02,4.384872317314147949e-02,4.371032491326332092e-02
3.773422531136040592e-02,9.565268555888906121e-06,4.456290975213050842e-02,4.456054791808128357e-02,4.470881447196006775e-02,4.456135258078575134e-02,4.477811232209205627e-02,4.431968554854393005e-02,4.440230876207351685e-02,4.455633461475372314e-02,4.403449222445487976e-02,4.434695467352867126e-02,4.398453980684280396e-02,4.396055266261100769e-02,4.356794804334640503e-02,4.338395223021507263e-02,4.367125034332275391e-02
3.789840145723032128e-02,9.460491128265857697e-06,4.392992705106735229e-02,4.424916580319404602e-02,4.415785148739814758e-02,4.391160979866981506e-02,4.406074807047843933e-02,4.427518695592880249e-02,4.393668472766876221e-02,4.394190385937690735e-02,4.366225376725196838e-02,4.352933913469314575e-02,4.364967718720436096e-02,4.302314296364784241e-02,4.327454790472984314e-02,4.319889470934867859e-02,4.325133934617042542e-02
3.806257760310024357e-02,9.488929208600893617e-06,4.443868994712829590e-02,4.473208636045455933e-02,4.429328814148902893e-02,4.447435215115547180e-02,4.406042769551277161e-02,4.373718053102493286e-02,4.388586059212684631e-02,4.381425306200981140e-02,4.378175362944602966e-02,4.325195401906967163e-02,4.377513006329536438e-02,4.384864121675491333e-02,4.346440732479095459e-02,4.335874691605567932e-02,4.313298314809799194e-02
3.822675374897016587e-02,9.461040463065728545e-06,4.462599381804466248e-02,4.365865886211395264e-02,4.403463378548622131e-02,4.377404972910881042e-02,4.450883716344833374e-02,4.416903853416442871e-02,4.389360919594764709e-02,4.384209588170051575e-02,4.374491050839424133e-02,4.351235553622245789e-02,4.349975660443305969e-02,4.349965229630470276e-02,4.289066046476364136e-02,4.314894601702690125e-02,4.335649684071540833e-02
3.839092989484008123e-02,9.404036063642706722e-06,4.439626634120941162e-02,4.417552053928375244e-02,4.346350207924842834e-02,4.439591988921165466e-02,4.392955452203750610e-02,4.323308914899826050e-02,4.325477033853530884e-02,4.338559135794639587e-02,4.318618774414062500e-02,4.362994804978370667e-02,4.353019595146179199e-02,4.305888712406158447e-02,4.274887964129447937e-02,4.299028217792510986e-02,4.303049668669700623e-02
3.855510604070999658e-02,9.361800948681775481e-06,4.380868375301361084e-02,4.341551661491394043e-02,4.378458485007286072e-02,4.344835504889488220e-02,4.339770600199699402e-02,4.375845193862915039e-02,4.367989674210548401e-02,4.325461760163307190e-02,4.292934760451316833e-02,4.340364038944244385e-02,4.325308650732040405e-02,4.254028201103210449e-02,4.307474195957183838e-02,4.298177734017372131e-02,4.257529973983764648e-02
3.871928218657992582e-02,9.294433766626752913e-06,4.347670078277587891e-02,4.374173656105995178e-02,4.322972148656845093e-02,4.318293184041976929e-02,4.335572198033332825e-02,4.285654798150062561e-02,4.311900958418846130e-02,4.294216260313987732e-02,4.266643896698951721e-02,4.262637346982955933e-02,4.293528199195861816e-02,4.273870587348937988e-02,4.257196187973022461e-02,4.235857725143432617e-02,4.270054772496223450e-02
3.888345833244984118e-02,9.237749509338755161e-06,4.305720329284667969e-02,4.325821250677108765e-02,4.318999126553535461e-02,4.294771328568458557e-02,4.335132613778114319e-02,4.309055581688880920e-02,4.298373684287071228e-02,4.255935177206993103e-02,4.277815297245979309e-02,4.247150570154190063e-02,4.239921271800994873e-02,4.208485782146453857e-02,4.157983511686325073e-02,4.232724383473396301e-02,4.263219237327575684e-02
3.904763447831975653e-02,9.169729310087859631e-06,4.303700476884841919e-02,4.312244430184364319e-02,4.306596517562866211e-02,4.281397536396980286e-02,4.232025146484375000e-02,4.281296581029891968e-02,4.251408949494361877e-02,4.243404418230056763e-02,4.232538491487503052e-02,4.186667501926422119e-02,4.167136177420616150e-02,4.175536334514617920e-02,4.229656979441642761e-02,4.196314886212348938e-02,4.210253804922103882e-02
3.921181062418967883e-02,9.133512321568559855e-06,4.319727048277854919e-02,4.286369681358337402e-02,4.258209466934204102e-02,4.256294667720794678e-02,4.221589863300323486e-02,4.279714450240135193e-02,4.237587377429008484e-02,4.203604906797409058e-02,4.205593839287757874e-02,4.171379283070564270e-02,4.227536916732788086e-02,4.192000627517700195e-02,4.136788472533226013e-02,4.197036474943161011e-02,4.141401126980781555e-02
3.937598677005960113e-02,9.090025741897989064e-06,4.303484782576560974e-02,4.287496209144592285e-02,4.207987710833549500e-02,4.232570156455039978e-02,4.258510470390319824e-02,4.223755002021789551e-02,4.178002476692199707e-02,4.216353967785835266e-02,4.177897050976753235e-02,4.209510982036590576e-02,4.161495715379714966e-02,4.199394211173057556e-02,4.157346114516258240e-02,4.153715446591377258e-02,4.108360782265663147e-02
3.954016291592951649e-02,9.040350050781853497e-06,4.253283888101577759e-02,4.265708476305007935e-02,4.195036739110946655e-02,4.236052557826042175e-02,4.251053929328918457e-02,4.221305623650550842e-02,4.182724654674530029e-02,4.150792583823204041e-02,4.158782958984375000e-02,4.134394973516464233e-02,4.147425293922424316e-02,4.140289872884750366e-02,4.144265875220298767e-02,4.142167046666145325e-02,4.104696586728096008e-02
3.970433906179943878e-02,9.007157132145948708e-06,4.230281710624694824e-02,4.245285317301750183e-02,4.230237379670143127e-02,4.192407801747322083e-02,4.142760485410690308e-02,4.182107746601104736e-02,4.213687777519226074e-02,4.156471416354179382e-02,4.176393896341323853e-02,4.189066961407661438e-02,4.169562458992004395e-02,4.089067876338958740e-02,4.126055538654327393e-02,4.060366004705429077e-02,4.063655808568000793e-02
3.986851520766936108e-02,8.945204172050580382e-06,4.202939569950103760e-02,4.213601723313331604e-02,4.211875051259994507e-02,4.200515151023864746e-02,4.167257621884346008e-02,4.193655028939247131e-02,4.155385121703147888e-02,4.126579314470291138e-02,4.110815003514289856e-02,4.127945005893707275e-02,4.058914259076118469e-02,4.085234925150871277e-02,4.094160348176956177e-02,4.037835076451301575e-02,4.054076969623565674e-02
4.003269135353927644e-02,8.909104508347809315e-06,4.175851121544837952e-02,4.178392514586448669e-02,4.170387610793113708e-02,4.141312837600708008e-02,4.146132618188858032e-02,4.122838005423545837e-02,4.124800488352775574e-02,4.139495640993118286e-02,4.116456955671310425e-02,4.109983891248703003e-02,4.114422574639320374e-02,4.091461002826690674e-02,4.040595516562461853e-02,4.079588875174522400e-02,4.057654738426208496e-02
4.019686749940919179e-02,8.836879715090617537e-06,4.181526601314544678e-02,4.163760691881179810e-02,4.121359810233116150e-02,4.146032780408859253e-02,4.115809127688407898e-02,4.129491001367568970e-02,4.113046452403068542e-02,4.065841063857078552e-02,4.079907014966011047e-02,4.044693708419799805e-02,4.074462503194808960e-02,4.075570404529571533e-02,4.034344479441642761e-02,3.989233821630477905e-02,3.967486321926116943e-02
4.036104364527912103e-02,8.828986210573930293e-06,4.153747484087944031e-02,4.161844030022621155e-02,4.080837965011596680e-02,4.117021709680557251e-02,4.131215810775756836e-02,4.095874726772308350e-02,4.078792780637741089e-02,4.090544953942298889e-02,4.113816842436790466e-02,4.072896391153335571e-02,4.065426066517829895e-02,4.043245688080787659e-02,3.989127278327941895e-02,4.017089679837226868e-02,4.038883000612258911e-02
4.052521979114903639e-02,8.752308531256858259e-06,4.108997061848640442e-02,4.117973148822784424e-02,4.155534133315086365e-02,4.127437621355056763e-02,4.084228351712226868e-02,4.084982722997665405e-02,4.073819518089294434e-02,4.059893265366554260e-02,4.058311879634857178e-02,3.996917605400085449e-02,4.030415043234825134e-02,4.020896926522254944e-02,3.935883194208145142e-02,3.937557712197303772e-02,3.952088579535484314e-02
4.068939593701895174e-02,8.765839993429835886e-06,4.128143191337585449e-02,4.126841202378273010e-02,4.106226935982704163e-02,4.128060862421989441e-02,4.106621071696281433e-02,4.055840149521827698e-02,4.033007845282554626e-02,4.057148471474647522e-02,4.058645665645599365e-02,3.987532854080200195e-02,4.020096734166145325e-02,4.038624837994575500e-02,4.010853171348571777e-02,3.987295180559158325e-02,3.949187323451042175e-02
4.085357208288887404e-02,8.671157956996466964e-06,4.083403199911117554e-02,4.074030369520187378e-02,4.069803655147552490e-02,4.079434648156166077e-02,4.084732010960578918e-02,4.055713489651679993e-02,3.994344919919967651e-02,4.076453670859336853e-02,3.987622633576393127e-02,4.006408154964447021e-02,3.966575115919113159e-02,3.951998054981231689e-02,3.872720897197723389e-02,3.917163237929344177e-02,3.948802128434181213e-02
4.101774822875879634e-02,8.673684533277992159e-06,4.096074402332305908e-02,4.067745059728622437e-02,4.076775163412094116e-02,4.061478748917579651e-02,4.049860686063766479e-02,4.039388895034790039e-02,4.027260094881057739e-02,4.019197821617126465e-02,4.034919664263725281e-02,3.964272141456604004e-02,3.970669955015182495e-02,3.986698761582374573e-02,3.930509090423583984e-02,3.922163695096969604e-02,3.929826244711875916e-02
4.118192437462871169e-02,8.612230885773897171e-06,4.072423651814460754e-02,4.020871594548225403e-02,4.053848981857299805e-02,4.028271883726119995e-02,4.043927416205406189e-02,3.981443122029304504e-02,3.984474018216133118e-02,3.959419578313827515e-02,3.958055377006530762e-02,3.963914141058921814e-02,3.958891704678535461e-02,3.921930491924285889e-02,3.952275961637496948e-02,3.907763212919235229e-02,3.921978175640106201e-02
4.134610052049863399e-02,8.613100362708792090e-06,4.043711349368095398e-02,4.056937992572784424e-02,4.047705605626106262e-02,4.024942219257354736e-02,4.021377488970756531e-02,4.027080908417701721e-02,3.979162126779556274e-02,3.989199176430702209e-02,3.967273607850074768e-02,3.921356424689292908e-02,3.995991498231887817e-02,3.880540654063224792e-02,3.944542631506919861e-02,3.919064253568649292e-02,3.906735032796859741e-02
4.151027666636855629e-02,8.572865226597059518e-06,4.028144478797912598e-02,4.030447453260421753e-02,4.031778126955032349e-02,4.035356640815734863e-02,4.012953117489814758e-02,3.988669440150260925e-02,3.967643901705741882e-02,3.965682908892631531e-02,3.960719332098960876e-02,3.943588212132453918e-02,3.885753080248832703e-02,3.904793784022331238e-02,3.921951726078987122e-02,3.870856389403343201e-02,3.868786618113517761e-02
4.167445281223847164e-02,8.523973519913852215e-06,3.991281986236572266e-02,4.046396538615226746e-02,4.014299437403678894e-02,4.041131213307380676e-02,3.967723622918128967e-02,3.980164602398872375e-02,3.988513723015785217e-02,3.936564177274703979e-02,3.949192538857460022e-02,3.917536884546279907e-02,3.914340212941169739e-02,3.867456689476966858e-02,3.885900229215621948e-02,3.831304982304573059e-02,3.845329955220222473e-02
4.183862895810838700e-02,8.509861800121143460e-06,4.036660119891166687e-02,4.009483009576797485e-02,4.016781598329544067e-02,3.998430818319320679e-02,3.961626067757606506e-02,3.967090323567390442e-02,3.935163840651512146e-02,3.915237262845039368e-02,3.951605781912803650e-02,3.903894871473312378e-02,3.931438177824020386e-02,3.874821588397026062e-02,3.886412456631660461e-02,3.853438422083854675e-02,3.836834058165550232e-02
4.200280510397831624e-02,8.439718840236309916e-06,3.989635035395622253e-02,4.011708125472068787e-02,4.004371166229248047e-02,3.975237533450126648e-02,3.941148146986961365e-02,3.907248750329017639e-02,3.874078765511512756e-02,3.896948695182800293e-02,3.884245827794075012e-02,3.898660838603973389e-02,3.891296684741973877e-02,3.822717070579528809e-02,3.885522112250328064e-02,3.828538581728935242e-02,3.748705238103866577e-02
4.216698124984823159e-02,8.443154001724906266e-06,4.006782546639442444e-02,3.978400677442550659e-02,3.977957740426063538e-02,3.967134281992912292e-02,3.949413448572158813e-02,3.919469937682151794e-02,3.917039185762405396e-02,3.897599130868911743e-02,3.892218694090843201e-02,3.878777846693992615e-02,3.867049142718315125e-02,3.873119503259658813e-02,3.836639225482940674e-02,3.852224722504615784e-02,3.808445855975151062e-02
4.233115739571814695e-02,8.423258805123623461e-06,3.995227813720703125e-02,3.966790065169334412e-02,4.012973606586456299e-02,3.943499550223350525e-02,3.908691927790641785e-02,3.900349140167236328e-02,3.908041119575500488e-02,3.914616629481315613e-02,3.917011246085166931e-02,3.917845338582992554e-02,3.874707967042922974e-02,3.799708932638168335e-02,3.833401575684547424e-02,3.802370652556419373e-02,3.744476288557052612e-02
4.249533354158806925e-02,8.376726327696815133e-06,3.947552293539047241e-02,3.953761234879493713e-02,3.967286646366119385e-02,3.920860961079597473e-02,3.935909271240234375e-02,3.935811668634414673e-02,3.882122039794921875e-02,3.900257125496864319e-02,3.855992481112480164e-02,3.825503215193748474e-02,3.820454329252243042e-02,3.841301053762435913e-02,3.807503357529640198e-02,3.777758032083511353e-02,3.797982260584831238e-02
4.265950968745799154e-02,8.315754712384659797e-06,3.894595056772232056e-02,3.925855085253715515e-02,3.914381936192512512e-02,3.888817876577377319e-02,3.877370432019233704e-02,3.907000645995140076e-02,3.846932947635650635e-02,3.867806494235992432e-02,3.883734345436096191e-02,3.836955502629280090e-02,3.812701627612113953e-02,3.819751739501953125e-02,3.735825046896934509e-02,3.769008442759513855e-02,3.726268559694290161e-02
4.282368583332790690e-02,8.263686140708159655e-06,3.939607739448547363e-02,3.919190913438796997e-02,3.895594924688339233e-02,3.872138634324073792e-02,3.880670666694641113e-02,3.886966407299041748e-02,3.837025538086891174e-02,3.839626163244247437e-02,3.818694874644279480e-02,3.781473264098167419e-02,3.781605139374732971e-02,3.782634064555168152e-02,3.720883652567863464e-02,3.692694380879402161e-02,3.728780895471572876e-02
4.298786197919782920e-02,8.250425707956310362e-06,3.932239487767219543e-02,3.920243680477142334e-02,3.894651681184768677e-02,3.878008946776390076e-02,3.892102465033531189e-02,3.832486644387245178e-02,3.843027353286743164e-02,3.831762447953224182e-02,3.778907284140586853e-02,3.766741976141929626e-02,3.769535943865776062e-02,3.761143237352371216e-02,3.725204616785049438e-02,3.726676851511001587e-02,3.721559420228004456e-02
4.315203812506775150e-02,8.218212315114215016e-06,3.926126658916473389e-02,3.902398794889450073e-02,3.882902860641479492e-02,3.897460550069808960e-02,3.840136900544166565e-02,3.831949830055236816e-02,3.830192983150482178e-02,3.810384869575500488e-02,3.749649599194526672e-02,3.793518245220184326e-02,3.731292858719825745e-02,3.707801923155784607e-02,3.773657605051994324e-02,3.704253584146499634e-02,3.677434846758842468e-02
4.331621427093766685e-02,8.193882422347087413e-06,3.924058750271797180e-02,3.923157975077629089e-02,3.855234384536743164e-02,3.839699178934097290e-02,3.849958255887031555e-02,3.832293674349784851e-02,3.799959272146224976e-02,3.772743418812751770e-02,3.801409527659416199e-02,3.754210472106933594e-02,3.704790771007537842e-02,3.723663091659545898e-02,3.708782047033309937e-02,3.707331791520118713e-02,3.698460385203361511e-02
4.348039041680758221e-02,8.146701475197914988e-06,3.827588632702827454e-02,3.862589970231056213e-02,3.870710358023643494e-02,3.823447600007057190e-02,3.828759491443634033e-02,3.841550275683403015e-02,3.779756277799606323e-02,3.784320130944252014e-02,3.756550326943397522e-02,3.740228712558746338e-02,3.746062517166137695e-02,3.704988583922386169e-02,3.654666244983673096e-02,3.671920672059059143e-02,3.677490726113319397e-02
4.364456656267751145e-02,8.114663614833261818e-06,3.818509727716445923e-02,3.860083222389221191e-02,3.877913579344749451e-02,3.774686530232429504e-02,3.816015645861625671e-02,3.782921284437179565e-02,3.783002123236656189e-02,3.786594420671463013e-02,3.753634169697761536e-02,3.699217364192008972e-02,3.719694912433624268e-02,3.717668354511260986e-02,3.651229664683341980e-02,3.641100600361824036e-02,3.687579184770584106e-02
4.380874270854742680e-02,8.089436050795484334e-06,3.840062394738197327e-02,3.806456178426742554e-02,3.819121047854423523e-02,3.815834969282150269e-02,3.797365352511405945e-02,3.779877349734306335e-02,3.789426013827323914e-02,3.755505383014678955e-02,3.751058131456375122e-02,3.713629767298698425e-02,3.687664121389389038e-02,3.692016750574111938e-02,3.675688058137893677e-02,3.592674434185028076e-02,3.616113960742950439e-02
4.397291885441734216e-02,8.069078830885700881e-06,3.833027929067611694e-02,3.796679899096488953e-02,3.802170231938362122e-02,3.772859275341033936e-02,3.789423406124114990e-02,3.774679452180862427e-02,3.753987327218055725e-02,3.738947957754135132e-02,3.718773648142814636e-02,3.708306699991226196e-02,3.690052404999732971e-02,3.704702481627464294e-02,3.650028258562088013e-02,3.638223186135292053e-02,3.616490960121154785e-02
4.413709500028726446e-02,8.023967893677763641e-06,3.796892613172531128e-02,3.850696608424186707e-02,3.797407075762748718e-02,3.804483264684677124e-02,3.770168125629425049e-02,3.735135495662689209e-02,3.720133751630783081e-02,3.696151450276374817e-02,3.684503957629203796e-02,3.676582872867584229e-02,3.701541572809219360e-02,3.642733395099639893e-02,3.632875904440879822e-02,3.623095154762268066e-02,3.586312383413314819e-02
4.430127114615718675e-02,7.988284778548404574e-06,3.833106160163879395e-02,3.782705217599868774e-02,3.781827539205551147e-02,3.795486316084861755e-02,3.726946562528610229e-02,3.766291216015815735e-02,3.667698428034782410e-02,3.722930699586868286e-02,3.693720325827598572e-02,3.637367114424705505e-02,3.672727197408676147e-02,3.662462159991264343e-02,3.588547930121421814e-02,3.595046326518058777e-02,3.564549610018730164e-02
4.446544729202710211e-02,7.960219591041095555e-06,3.831350430846214294e-02,3.748913854360580444e-02,3.746432811021804810e-02,3.749517351388931274e-02,3.745828941464424133e-02,3.707757964730262756e-02,3.685661777853965759e-02,3.696162998676300049e-02,3.673944994807243347e-02,3.664888814091682434e-02,3.648020699620246887e-02,3.620314225554466248e-02,3.578373044729232788e-02,3.625315055251121521e-02,3.546093404293060303e-02
4.462962343789702441e-02,7.942906449898146093e-06,3.799892589449882507e-02,3.793177008628845215e-02,3.738768771290779114e-02,3.709625825285911560e-02,3.755457699298858643e-02,3.700033947825431824e-02,3.704889118671417236e-02,3.693839535117149353e-02,3.638733178377151489e-02,3.667562082409858704e-02,3.607893362641334534e-02,3.620865568518638611e-02,3.576150909066200256e-02,3.583243116736412048e-02,3.538886085152626038e-02
4.479379958376694670e-02,7.893009751569479704e-06,3.788468241691589355e-02,3.743817657232284546e-02,3.770581260323524475e-02,3.716412186622619629e-02,3.712643682956695557e-02,3.697253763675689697e-02,3.655773401260375977e-02,3.602693229913711548e-02,3.612921386957168579e-02,3.619870170950889587e-02,3.648237884044647217e-02,3.631986305117607117e-02,3.547892719507217407e-02,3.517785668373107910e-02,3.565980866551399231e-02
4.495797572963686206e-02,7.840464604669250548e-06,3.761168569326400757e-02,3.700451925396919250e-02,3.690134733915328979e-02,3.677856177091598511e-02,3.687820583581924438e-02,3.688654303550720215e-02,3.650730848312377930e-02,3.639457002282142639e-02,3.606528043746948242e-02,3.597408160567283630e-02,3.548324853181838989e-02,3.555490821599960327e-02,3.586286678910255432e-02,3.514802455902099609e-02,3.497581928968429565e-02
4.512215187550677742e-02,7.833341442164964974e-06,3.738725930452346802e-02,3.743124008178710938e-02,3.745997697114944458e-02,3.686558082699775696e-02,3.652190789580345154e-02,3.673760220408439636e-02,3.660629689693450928e-02,3.635115176439285278e-02,3.610033169388771057e-02,3.581788763403892517e-02,3.582270070910453796e-02,3.562118113040924072e-02,3.524177148938179016e-02,3.514100983738899231e-02,3.508008643984794617e-02
4.528632802137670665e-02,7.791665666445624083e-06,3.768515959382057190e-02,3.697257861495018005e-02,3.734830766916275024e-02,3.682799637317657471e-02,3.693384304642677307e-02,3.629088029265403748e-02,3.578127920627593994e-02,3.623322024941444397e-02,3.612982854247093201e-02,3.562396764755249023e-02,3.559008613228797913e-02,3.545387089252471924e-02,3.488498553633689880e-02,3.547948226332664490e-02,3.422030061483383179e-02
4.545050416724662201e-02,7.770096999593079090e-06,3.760818392038345337e-02,3.717311099171638489e-02,3.681569173932075500e-02,3.676128014922142029e-02,3.635014593601226807e-02,3.618153929710388184e-02,3.591900691390037537e-02,3.595137596130371094e-02,3.601134940981864929e-02,3.561662510037422180e-02,3.522071242332458496e-02,3.565804287791252136e-02,3.500272333621978760e-02,3.502237424254417419e-02,3.457872942090034485e-02
4.561468031311653737e-02,7.733351594652049243e-06,3.667812794446945190e-02,3.674937039613723755e-02,3.688712045550346375e-02,3.664037212729454041e-02,3.642429411411285400e-02,3.630611300468444824e-02,3.565661236643791199e-02,3.572815656661987305e-02,3.605782985687255859e-02,3.569748252630233765e-02,3.525077924132347107e-02,3.500879928469657898e-02,3.480037301778793335e-02,3.460979461669921875e-02,3.475875779986381531e-02
4.577885645898645967e-02,7.703787559876218438e-06,3.680861368775367737e-02,3.630468621850013733e-02,3.667962178587913513e-02,3.686504811048507690e-02,3.666871041059494019e-02,3.611902892589569092e-02,3.582526743412017822e-02,3.548580780625343323e-02,3.576970100402832031e-02,3.495054692029953003e-02,3.491260483860969543e-02,3.474367037415504456e-02,3.503406047821044922e-02,3.437107801437377930e-02,3.445684537291526794e-02
4.594303260485638196e-02,7.677163011976517737e-06,3.658522292971611023e-02,3.671203553676605225e-02,3.661581873893737793e-02,3.662219643592834473e-02,3.560057282447814941e-02,3.623017668724060059e-02,3.582539036870002747e-02,3.547415137290954590e-02,3.582043200731277466e-02,3.491386398673057556e-02,3.485120832920074463e-02,3.472939878702163696e-02,3.469101339578628540e-02,3.449267894029617310e-02,3.398385643959045410e-02
4.610720875072629732e-02,7.657357855350710452e-06,3.646937012672424316e-02,3.633816540241241455e-02,3.624360635876655579e-02,3.602628782391548157e-02,3.611964732408523560e-02,3.612472862005233765e-02,3.593010827898979187e-02,3.497949242591857910e-02,3.514363244175910950e-02,3.539621829986572266e-02,3.470160067081451416e-02,3.483229503035545349e-02,3.474199399352073669e-02,3.422274440526962280e-02,3.413550555706024170e-02
4.627138489659621962e-02,7.599067885166732594e-06,3.692361339926719666e-02,3.608235344290733337e-02,3.600242361426353455e-02,3.578623384237289429e-02,3.600848466157913208e-02,3.545692935585975647e-02,3.549768030643463135e-02,3.521544486284255981e-02,3.497697040438652039e-02,3.461278602480888367e-02,3.455415368080139160e-02,3.430675342679023743e-02,3.430438041687011719e-02,3.414681926369667053e-02,3.394009917974472046e-02
4.643556104246614191e-02,7.550278951384825632e-06,3.554410487413406372e-02,3.555277362465858459e-02,3.647122904658317566e-02,3.543816134333610535e-02,3.504380956292152405e-02,3.554432094097137451e-02,3.542105108499526978e-02,3.497379273176193237e-02,3.467167541384696960e-02,3.460432216525077820e-02,3.445016965270042419e-02,3.426348045468330383e-02,3.478888794779777527e-02,3.357072547078132629e-02,3.375581651926040649e-02
4.659973718833605727e-02,7.586024366901256144e-06,3.648807108402252197e-02,3.598218038678169250e-02,3.626621514558792114e-02,3.539237752556800842e-02,3.576247766613960266e-02,3.552732616662979126e-02,3.536013141274452209e-02,3.515736758708953857e-02,3.513061627745628357e-02,3.461635485291481018e-02,3.432515263557434082e-02,3.444356843829154968e-02,3.413790091872215271e-02,3.461270406842231750e-02,3.415759652853012085e-02
4.676391333420597263e-02,7.547034783783601597e-06,3.598461300134658813e-02,3.572010621428489685e-02,3.638858720660209656e-02,3.589957579970359802e-02,3.565942496061325073e-02,3.597217053174972534e-02,3.507389500737190247e-02,3.478435799479484558e-02,3.445581346750259399e-02,3.431333601474761963e-02,3.440367430448532104e-02,3.442337363958358765e-02,3.362128883600234985e-02,3.391753509640693665e-02,3.391003981232643127e-02
4.692808948007590186e-02,7.533350526500726119e-06,3.622836619615554810e-02,3.598140552639961243e-02,3.539497032761573792e-02,3.533376008272171021e-02,3.558367118239402771e-02,3.564883768558502197e-02,3.494904562830924988e-02,3.473506122827529907e-02,3.504496067762374878e-02,3.456916660070419312e-02,3.431722894310951233e-02,3.429405018687248230e-02,3.359419852495193481e-02,3.401958942413330078e-02,3.357914835214614868e-02
4.709226562594581722e-02,7.483110493922140449e-06,3.586953133344650269e-02,3.608039394021034241e-02,3.561995550990104675e-02,3.582662716507911682e-02,3.494882583618164062e-02,3.537556901574134827e-02,3.449742123484611511e-02,3.445579856634140015e-02,3.434369713068008423e-02,3.405525162816047668e-02,3.422648832201957703e-02,3.393223881721496582e-02,3.398403152823448181e-02,3.370023518800735474e-02,3.308060392737388611e-02
4.725644177181573258e-02,7.414010269712889567e-06,3.551904112100601196e-02,3.543850407004356384e-02,3.564800322055816650e-02,3.541933372616767883e-02,3.474940732121467590e-02,3.454447910189628601e-02,3.416915237903594971e-02,3.479378670454025269e-02,3.412381187081336975e-02,3.381347656250000000e-02,3.384274616837501526e-02,3.367824852466583252e-02,3.319597989320755005e-02,3.319629281759262085e-02,3.291960433125495911e-02
4.742061791768565487e-02,7.415773779939627275e-06,3.549172356724739075e-02,3.509676456451416016e-02,3.530404716730117798e-02,3.493155539035797119e-02,3.532062470912933350e-02,3.458096459507942200e-02,3.457578644156455994e-02,3.442834317684173584e-02,3.399497270584106445e-02,3.403839096426963806e-02,3.389176353812217712e-02,3.354056179523468018e-02,3.343456238508224487e-02,3.336218371987342834e-02,3.283722326159477234e-02
4.758479406355557717e-02,7.413338607875630260e-06,3.567562997341156006e-02,3.531704843044281006e-02,3.498705476522445679e-02,3.568422049283981323e-02,3.420288860797882080e-02,3.467742353677749634e-02,3.439795225858688354e-02,3.417917340993881226e-02,3.432809561491012573e-02,3.381312265992164612e-02,3.374814987182617188e-02,3.386081382632255554e-02,3.322550654411315918e-02,3.326241299510002136e-02,3.304351493716239929e-02
4.774897020942549253e-02,7.375175755441887304e-06,3.553554788231849670e-02,3.592054545879364014e-02,3.482136130332946777e-02,3.464086353778839111e-02,3.496676683425903320e-02,3.464329615235328674e-02,3.450860083103179932e-02,3.448354825377464294e-02,3.370724245905876160e-02,3.341262042522430420e-02,3.360078856348991394e-02,3.297222778201103210e-02,3.330086544156074524e-02,3.337372839450836182e-02,3.269028291106224060e-02
4.791314635529541482e-02,7.338098384934710339e-06,3.479478880763053894e-02,3.505710884928703308e-02,3.506795316934585571e-02,3.475035354495048523e-02,3.451403975486755371e-02,3.444251045584678650e-02,3.383431956171989441e-02,3.428563848137855530e-02,3.420063480734825134e-02,3.356641158461570740e-02,3.314389660954475403e-02,3.323343023657798767e-02,3.329360857605934143e-02,3.289626911282539368e-02,3.256905823945999146e-02
4.807732250116533712e-02,7.314209142350591719e-06,3.526860475540161133e-02,3.537957742810249329e-02,3.482910990715026855e-02,3.471715003252029419e-02,3.445494547486305237e-02,3.394448757171630859e-02,3.380044177174568176e-02,3.411031514406204224e-02,3.358453139662742615e-02,3.356462344527244568e-02,3.327930346131324768e-02,3.329388797283172607e-02,3.310481458902359009e-02,3.264130279421806335e-02,3.213095292448997498e-02
4.824149864703525248e-02,7.297362117242300883e-06,3.535795584321022034e-02,3.528067097067832947e-02,3.486307337880134583e-02,3.439354896545410156e-02,3.433946892619132996e-02,3.457619622349739075e-02,3.398880735039710999e-02,3.397109732031822205e-02,3.362963721156120300e-02,3.336334601044654846e-02,3.288574889302253723e-02,3.230277076363563538e-02,3.275614604353904724e-02,3.302692621946334839e-02,3.223486989736557007e-02
4.840567479290516784e-02,7.232280950120184571e-06,3.509740903973579407e-02,3.433403372764587402e-02,3.413316234946250916e-02,3.454463183879852295e-02,3.418544679880142212e-02,3.420216590166091919e-02,3.366371989250183105e-02,3.338265046477317810e-02,3.329640999436378479e-02,3.295359387993812561e-02,3.271831199526786804e-02,3.280397504568099976e-02,3.253985568881034851e-02,3.259358182549476624e-02,3.183713927865028381e-02
4.856985093877509707e-02,7.220332008728291839e-06,3.467011079192161560e-02,3.474983200430870056e-02,3.409006819128990173e-02,3.423140943050384521e-02,3.396431729197502136e-02,3.409914672374725342e-02,3.353480622172355652e-02,3.361140191555023193e-02,3.329672664403915405e-02,3.305716440081596375e-02,3.274259343743324280e-02,3.294585272669792175e-02,3.237275034189224243e-02,3.235191479325294495e-02,3.223445639014244080e-02
4.873402708464501243e-02,7.205086149042472243e-06,3.477729484438896179e-02,3.446460515260696411e-02,3.466844931244850159e-02,3.405002504587173462e-02,3.414819762110710144e-02,3.367074951529502869e-02,3.312072157859802246e-02,3.315055742859840393e-02,3.333047404885292053e-02,3.310885280370712280e-02,3.280143812298774719e-02,3.262044116854667664e-02,3.250548988580703735e-02,3.199738636612892151e-02,3.202898427844047546e-02
4.889820323051492779e-02,7.209530849650036544e-06,3.494343906641006470e-02,3.486512973904609680e-02,3.409452736377716064e-02,3.456574305891990662e-02,3.384281322360038757e-02,3.374268487095832825e-02,3.351562842726707458e-02,3.323370218276977539e-02,3.330068290233612061e-02,3.292348235845565796e-02,3.258397430181503296e-02,3.258670866489410400e-02,3.239557147026062012e-02,3.229852393269538879e-02,3.206684812903404236e-02
4.906237937638485008e-02,7.152978469093795866e-06,3.431216627359390259e-02,3.446961566805839539e-02,3.395253419876098633e-02,3.403192386031150818e-02,3.363534808158874512e-02,3.336450085043907166e-02,3.360201045870780945e-02,3.314382210373878479e-02,3.326728567481040955e-02,3.268876299262046814e-02,3.238520771265029907e-02,3.233028948307037354e-02,3.211747109889984131e-02,3.186589106917381287e-02,3.209349140524864197e-02
4.922655552225477238e-02,7.131911388569278643e-06,3.445198386907577515e-02,3.439686819911003113e-02,3.405249491333961487e-02,3.389392048120498657e-02,3.366278856992721558e-02,3.333782777190208435e-02,3.355034068226814270e-02,3.321127593517303467e-02,3.287827968597412109e-02,3.274100646376609802e-02,3.208857774734497070e-02,3.227459639310836792e-02,3.218078613281250000e-02,3.141323104500770569e-02,3.165003284811973572e-02
4.939073166812468774e-02,7.097098659869516268e-06,3.440306708216667175e-02,3.412370011210441589e-02,3.388590365648269653e-02,3.351157531142234802e-02,3.339938819408416748e-02,3.333084285259246826e-02,3.322482109069824219e-02,3.321720287203788757e-02,3.268473967909812927e-02,3.236105665564537048e-02,3.244420513510704041e-02,3.223141655325889587e-02,3.189915046095848083e-02,3.144654259085655212e-02,3.121658042073249817e-02
4.955490781399461003e-02,7.059956260491162539e-06,3.401409462094306946e-02,3.403238952159881592e-02,3.321676701307296753e-02,3.342185541987419128e-02,3.360029309988021851e-02,3.322767838835716248e-02,3.292445838451385498e-02,3.295506909489631653e-02,3.260662779211997986e-02,3.252984955906867981e-02,3.184228762984275818e-02,3.214452043175697327e-02,3.152921423316001892e-02,3.120294399559497833e-02,3.144306689500808716e-02
4.971908395986453233e-02,7.036357601464260370e-06,3.413991257548332214e-02,3.395117074251174927e-02,3.386653587222099304e-02,3.303168714046478271e-02,3.322193771600723267e-02,3.266841918230056763e-02,3.261472284793853760e-02,3.296925127506256104e-02,3.217009454965591431e-02,3.188054263591766357e-02,3.189478814601898193e-02,3.193057328462600708e-02,3.171446174383163452e-02,3.147160634398460388e-02,3.125560283660888672e-02
4.988326010573444769e-02,7.011996785877272487e-06,3.381238132715225220e-02,3.402138128876686096e-02,3.378672897815704346e-02,3.327174484729766846e-02,3.303577378392219543e-02,3.288568928837776184e-02,3.275251388549804688e-02,3.239555656909942627e-02,3.273613378405570984e-02,3.178918361663818359e-02,3.201295807957649231e-02,3.135512396693229675e-02,3.145364299416542053e-02,3.120961785316467285e-02,3.078580275177955627e-02
5.004743625160436304e-02,7.006732630543410778e-06,3.395948559045791626e-02,3.391656279563903809e-02,3.361009061336517334e-02,3.363851457834243774e-02,3.338199481368064880e-02,3.289654850959777832e-02,3.251216933131217957e-02,3.224904462695121765e-02,3.186587244272232056e-02,3.230772167444229126e-02,3.191041201353073120e-02,3.147462010383605957e-02,3.116002678871154785e-02,3.145831450819969177e-02,3.063964843750000000e-02
5.021161239747429228e-02,6.967709850869141519e-06,3.366840258240699768e-02,3.358406573534011841e-02,3.386811539530754089e-02,3.332349285483360291e-02,3.276000544428825378e-02,3.263847529888153076e-02,3.224624320864677429e-02,3.249082714319229126e-02,3.184512630105018616e-02,3.145398944616317749e-02,3.165799006819725037e-02,3.170341253280639648e-02,3.117032721638679504e-02,3.117591887712478638e-02,3.086378239095211029e-02
5.037578854334420764e-02,6.925965863047167659e-06,3.366503119468688965e-02,3.347355499863624573e-02,3.327790275216102600e-02,3.319377824664115906e-02,3.297212347388267517e-02,3.258975222706794739e-02,3.235162422060966492e-02,3.217219561338424683e-02,3.147564828395843506e-02,3.148586302995681763e-02,3.129808977246284485e-02,3.136656805872917175e-02,3.096414543688297272e-02,3.069859184324741364e-02,3.068573400378227234e-02
5.053996468921412299e-02,6.921939984749769792e-06,3.343132138252258301e-02,3.323610499501228333e-02,3.360302001237869263e-02,3.337397053837776184e-02,3.264223411679267883e-02,3.225946798920631409e-02,3.233167529106140137e-02,3.207313269376754761e-02,3.172537311911582947e-02,3.127323463559150696e-02,3.146761655807495117e-02,3.106678836047649384e-02,3.087881952524185181e-02,3.100112266838550568e-02,3.055783547461032867e-02
5.070414083508404529e-02,6.902784662088379264e-06,3.363822028040885925e-02,3.281107544898986816e-02,3.280438855290412903e-02,3.307700157165527344e-02,3.287482634186744690e-02,3.253398835659027100e-02,3.218774870038032532e-02,3.182355314493179321e-02,3.179634362459182739e-02,3.175465017557144165e-02,3.152913600206375122e-02,3.095153160393238068e-02,3.104399144649505615e-02,3.037454001605510712e-02,3.054676949977874756e-02
5.086831698095396759e-02,6.902367658767616376e-06,3.317897394299507141e-02,3.325087204575538635e-02,3.269980475306510925e-02,3.297114372253417969e-02,3.263936191797256470e-02,3.264538943767547607e-02,3.203435242176055908e-02,3.196811676025390625e-02,3.188813850283622742e-02,3.154041990637779236e-02,3.117077425122261047e-02,3.148251399397850037e-02,3.099881485104560852e-02,3.059722855687141418e-02,3.054732270538806915e-02
5.103249312682388295e-02,6.840656169515568763e-06,3.305663913488388062e-02,3.342900052666664124e-02,3.300838544964790344e-02,3.244963288307189941e-02,3.210169449448585510e-02,3.168755024671554565e-02,3.194709494709968567e-02,3.185548260807991028e-02,3.115329146385192871e-02,3.160029277205467224e-02,3.099959529936313629e-02,3.091728128492832184e-02,3.055566735565662384e-02,3.061742894351482391e-02,3.006041422486305237e-02
5.119666927269380524e-02,6.815892447775695473e-06,3.358013927936553955e-02,3.266962990164756775e-02,3.257710114121437073e-02,3.274700418114662170e-02,3.224258497357368469e-02,3.228738531470298767e-02,3.195494413375854492e-02,3.195811063051223755e-02,3.097635507583618164e-02,3.052262030541896820e-02,3.112778812646865845e-02,3.077890723943710327e-02,3.062311746180057526e-02,3.003649227321147919e-02,2.975636348128318787e-02
5.136084541856372754e-02,6.811842922616051510e-06,3.321171179413795471e-02,3.298628702759742737e-02,3.306992352008819580e-02,3.234964236617088318e-02,3.179072961211204529e-02,3.209869563579559326e-02,3.186009824275970459e-02,3.160465136170387268e-02,3.135242685675621033e-02,3.124411031603813171e-02,3.113528341054916382e-02,3.069929592311382294e-02,3.040970489382743835e-02,3.044486977159976959e-02,2.968737110495567322e-02
5.152502156443364290e-02,6.780691364838276058e-06,3.260283917188644409e-02,3.250766173005104065e-02,3.268712759017944336e-02,3.252409026026725769e-02,3.195827081799507141e-02,3.155601397156715393e-02,3.215987980365753174e-02,3.116613440215587616e-02,3.157769888639450073e-02,3.073004633188247681e-02,3.137541189789772034e-02,3.046449832618236542e-02,3.032287582755088806e-02,3.007217496633529663e-02,2.986624278128147125e-02
5.168919771030355825e-02,6.742263849446317181e-06,3.279577940702438354e-02,3.231137990951538086e-02,3.242735192179679871e-02,3.205299749970436096e-02,3.185004740953445435e-02,3.159300610423088074e-02,3.168630227446556091e-02,3.128720447421073914e-02,3.147870674729347229e-02,3.087716177105903625e-02,3.070615790784358978e-02,3.025969676673412323e-02,2.979547530412673950e-02,2.994551137089729309e-02,2.980365604162216187e-02
5.185337385617348055e-02,6.728625521645881236e-06,3.238362446427345276e-02,3.268247470259666443e-02,3.190293163061141968e-02,3.183969855308532715e-02,3.181035071611404419e-02,3.173019737005233765e-02,3.171054273843765259e-02,3.141878172755241394e-02,3.080179169774055481e-02,3.086756728589534760e-02,2.999588288366794586e-02,3.042149543762207031e-02,2.999639324843883514e-02,3.026838414371013641e-02,2.970917709171772003e-02
5.201755000204340285e-02,6.720522378600435331e-06,3.298715502023696899e-02,3.265490010380744934e-02,3.272420912981033325e-02,3.154299035668373108e-02,3.203923627734184265e-02,3.185236826539039612e-02,3.131368383765220642e-02,3.094620443880558014e-02,3.110916540026664734e-02,3.032479807734489441e-02,3.063463792204856873e-02,3.045133501291275024e-02,2.994794398546218872e-02,2.943449281156063080e-02,2.925155870616436005e-02
5.218172614791331820e-02,6.676424618490273133e-06,3.202749788761138916e-02,3.227848932147026062e-02,3.205301985144615173e-02,3.191058337688446045e-02,3.153062239289283752e-02,3.160522878170013428e-02,3.107294999063014984e-02,3.093218058347702026e-02,3.054160624742507935e-02,2.996237948536872864e-02,3.034178540110588074e-02,3.004682064056396484e-02,3.024079091846942902e-02,2.965485863387584686e-02,2.966871857643127441e-02
5.234590229378324050e-02,6.647948339377762750e-06,3.277888521552085876e-02,3.235838934779167175e-02,3.193379938602447510e-02,3.177350386977195740e-02,3.142185881733894348e-02,3.094847127795219421e-02,3.121099621057510376e-02,3.059713169932365417e-02,3.037545830011367798e-02,3.081825561821460724e-02,2.999505773186683655e-02,3.033707290887832642e-02,2.970776148140430450e-02,2.942582778632640839e-02,2.935525588691234589e-02
5.251007843965316280e-02,6.633757493545999750e-06,3.254190087318420410e-02,3.180554881691932678e-02,3.221760690212249756e-02,3.170864284038543701e-02,3.148096799850463867e-02,3.144901990890502930e-02,3.082701563835144043e-02,3.102661855518817902e-02,3.055005334317684174e-02,3.020278364419937134e-02,3.011140786111354828e-02,2.961481548845767975e-02,2.949414588510990143e-02,2.957460470497608185e-02,2.884326130151748657e-02
5.267425458552307815e-02,6.618181942030787468e-06,3.177651390433311462e-02,3.205766901373863220e-02,3.193900361657142639e-02,3.173077851533889771e-02,3.110279329121112823e-02,3.149977326393127441e-02,3.104823827743530273e-02,3.049980849027633667e-02,3.047080524265766144e-02,3.031441196799278259e-02,3.023775480687618256e-02,2.998428419232368469e-02,2.960624732077121735e-02,2.888775430619716644e-02,2.896572649478912354e-02
5.283843073139299351e-02,6.608310741285094991e-06,3.221704810857772827e-02,3.235488012433052063e-02,3.163102269172668457e-02,3.153293952345848083e-02,3.127441182732582092e-02,3.092868626117706299e-02,3.057249076664447784e-02,3.054383024573326111e-02,3.055853024125099182e-02,3.031219355762004852e-02,2.999208308756351471e-02,2.965244464576244354e-02,2.929291874170303345e-02,2.955362200736999512e-02,2.912009134888648987e-02
5.300260687726292275e-02,6.548854344146093354e-06,3.209135681390762329e-02,3.204207122325897217e-02,3.142724558711051941e-02,3.164720907807350159e-02,3.118428960442543030e-02,3.064003027975559235e-02,3.054509125649929047e-02,3.037920594215393066e-02,3.010782599449157715e-02,2.952003851532936096e-02,2.978465892374515533e-02,2.929224260151386261e-02,2.892974764108657837e-02,2.871168404817581177e-02,2.911325730383396149e-02
5.316678302313283810e-02,6.543331892316928133e-06,3.213347867131233215e-02,3.196543827652931213e-02,3.153968974947929382e-02,3.103832155466079712e-02,3.099601343274116516e-02,3.070194832980632782e-02,3.026339039206504822e-02,3.026290982961654663e-02,3.018814884126186371e-02,2.998919971287250519e-02,2.957641333341598511e-02,2.956588380038738251e-02,2.918272092938423157e-02,2.908165194094181061e-02,2.883361838757991791e-02
5.333095916900275346e-02,6.495909474324434996e-06,3.187749162316322327e-02,3.093356452882289886e-02,3.110187314450740814e-02,3.106541559100151062e-02,3.095172718167304993e-02,3.054177761077880859e-02,3.058100305497646332e-02,3.026820346713066101e-02,2.969021163880825043e-02,2.966049872338771820e-02,2.950618974864482880e-02,2.913494780659675598e-02,2.875360473990440369e-02,2.904806472361087799e-02,2.833683975040912628e-02
5.349513531487267576e-02,6.507224952656542882e-06,3.166053816676139832e-02,3.150110691785812378e-02,3.123624250292778015e-02,3.118684329092502594e-02,3.040483966469764709e-02,3.049965575337409973e-02,3.045522421598434448e-02,3.020167164504528046e-02,3.021378442645072937e-02,2.973801083862781525e-02,2.975894510746002197e-02,2.945644594728946686e-02,2.895817160606384277e-02,2.868720889091491699e-02,2.851241081953048706e-02
5.365931146074259805e-02,6.473471330536995083e-06,3.221139684319496155e-02,3.124780580401420593e-02,3.085376136004924774e-02,3.108070790767669678e-02,3.079177066683769226e-02,3.076561726629734039e-02,3.022391721606254578e-02,2.976810000836849213e-02,2.951302565634250641e-02,2.976659871637821198e-02,2.908960171043872833e-02,2.934679947793483734e-02,2.868258953094482422e-02,2.873339876532554626e-02,2.809785120189189911e-02
5.382348760661251341e-02,6.448016392823774368e-06,3.169914707541465759e-02,3.137189894914627075e-02,3.105641715228557587e-02,3.041930310428142548e-02,3.054872713983058929e-02,3.015568479895591736e-02,3.005303442478179932e-02,3.017928451299667358e-02,2.942898683249950409e-02,2.946765907108783722e-02,2.930874563753604889e-02,2.895773202180862427e-02,2.837876975536346436e-02,2.861682884395122528e-02,2.864790521562099457e-02
5.398766375248243571e-02,6.426995241781696677e-06,3.110181167721748352e-02,3.155970573425292969e-02,3.083517216145992279e-02,3.049213625490665436e-02,3.077469952404499054e-02,3.055931068956851959e-02,3.015485405921936035e-02,2.974838018417358398e-02,2.923247776925563812e-02,2.921315282583236694e-02,2.902150899171829224e-02,2.868500165641307831e-02,2.877570129930973053e-02,2.829989977180957794e-02,2.835950627923011780e-02
5.415183989835235800e-02,6.399121957656461746e-06,3.145527467131614685e-02,3.070747666060924530e-02,3.071915730834007263e-02,3.061224892735481262e-02,3.020645678043365479e-02,3.003400564193725586e-02,3.010271489620208740e-02,2.977706119418144226e-02,2.920022793114185333e-02,2.905944548547267914e-02,2.908533997833728790e-02,2.912820875644683838e-02,2.876275591552257538e-02,2.832067012786865234e-02,2.773831970989704132e-02
5.431601604422227336e-02,6.365714853018289432e-06,3.116708248853683472e-02,3.086937405169010162e-02,3.099031001329421997e-02,3.038827329874038696e-02,3.027039952576160431e-02,2.958541922271251678e-02,2.950782328844070435e-02,2.970341965556144714e-02,2.886716462671756744e-02,2.918112650513648987e-02,2.884343825280666351e-02,2.860433235764503479e-02,2.850027009844779968e-02,2.808541059494018555e-02,2.817598171532154083e-02
5.448019219009218872e-02,6.366682555380975828e-06,3.102185577154159546e-02,3.100560791790485382e-02,3.066045418381690979e-02,3.023689985275268555e-02,3.018463589251041412e-02,3.015985339879989624e-02,2.956015616655349731e-02,2.919658087193965912e-02,2.953849919140338898e-02,2.915294840931892395e-02,2.868937887251377106e-02,2.858287654817104340e-02,2.850885689258575439e-02,2.837645076215267181e-02,2.774909511208534241e-02
5.464436833596211796e-02,6.334484169201459736e-06,3.112722560763359070e-02,3.054737672209739685e-02,3.027361445128917694e-02,3.032409399747848511e-02,3.033773787319660187e-02,2.970496937632560730e-02,2.962753362953662872e-02,2.944999188184738159e-02,2.915995940566062927e-02,2.864767611026763916e-02,2.888365462422370911e-02,2.856008335947990417e-02,2.839116379618644714e-02,2.807087823748588562e-02,2.733879163861274719e-02
5.480854448183203331e-02,6.303943791863275692e-06,3.085460886359214783e-02,3.099231235682964325e-02,3.048164024949073792e-02,3.059337474405765533e-02,2.984471619129180908e-02,2.963310666382312775e-02,2.950326539576053619e-02,2.890473231673240662e-02,2.918951585888862610e-02,2.872615121304988861e-02,2.856577001512050629e-02,2.824385277926921844e-02,2.790717594325542450e-02,2.779774181544780731e-02,2.734329551458358765e-02
5.497272062770194867e-02,6.294911145232617855e-06,3.069093637168407440e-02,3.057980537414550781e-02,3.023393638432025909e-02,2.996252290904521942e-02,2.965427190065383911e-02,2.943871729075908661e-02,2.911021187901496887e-02,2.957563102245330811e-02,2.920182235538959503e-02,2.856639772653579712e-02,2.834805846214294434e-02,2.851985208690166473e-02,2.807864360511302948e-02,2.780807390809059143e-02,2.774512581527233124e-02
5.513689677357187097e-02,6.262449915084289387e-06,3.021267056465148926e-02,3.077041916549205780e-02,2.999516576528549194e-02,2.991283312439918518e-02,2.980695664882659912e-02,2.948724105954170227e-02,2.904880233108997345e-02,2.893850393593311310e-02,2.902765199542045593e-02,2.881234697997570038e-02,2.850840240716934204e-02,2.816608175635337830e-02,2.809572219848632812e-02,2.749305032193660736e-02,2.741152420639991760e-02
5.530107291944179326e-02,6.221455805643927306e-06,3.046779707074165344e-02,3.047037683427333832e-02,2.970478683710098267e-02,2.994946762919425964e-02,2.920312620699405670e-02,2.902987971901893616e-02,2.908223867416381836e-02,2.910816296935081482e-02,2.875213138759136200e-02,2.840747870504856110e-02,2.812197804450988770e-02,2.802731096744537354e-02,2.784055471420288086e-02,2.747312001883983612e-02,2.721084095537662506e-02
5.546524906531170862e-02,6.229508471733424813e-06,3.044102154672145844e-02,2.990198321640491486e-02,3.024765104055404663e-02,2.995400503277778625e-02,2.974752895534038544e-02,2.898240648210048676e-02,2.950464189052581787e-02,2.891313098371028900e-02,2.840190008282661438e-02,2.827589027583599091e-02,2.816832624375820160e-02,2.795545384287834167e-02,2.758310735225677490e-02,2.803661115467548370e-02,2.707310952246189117e-02
5.562942521118163092e-02,6.159812983241863549e-06,3.011288680136203766e-02,3.013840503990650177e-02,2.960329502820968628e-02,2.945937588810920715e-02,2.923293970525264740e-02,2.906992286443710327e-02,2.858608961105346680e-02,2.831415086984634399e-02,2.824584953486919403e-02,2.783471159636974335e-02,2.798179537057876587e-02,2.743986621499061584e-02,2.775615826249122620e-02,2.752128057181835175e-02,2.723522856831550598e-02
5.579360135705155321e-02,6.172426765260752290e-06,3.042384982109069824e-02,3.000522218644618988e-02,2.960635162889957428e-02,2.976525761187076569e-02,2.920569293200969696e-02,2.904456108808517456e-02,2.876773290336132050e-02,2.850985154509544373e-02,2.819466218352317810e-02,2.863963134586811066e-02,2.777571976184844971e-02,2.790855430066585541e-02,2.753032743930816650e-02,2.703635208308696747e-02,2.711065299808979034e-02
5.595777750292146857e-02,6.140978257462847978e-06,2.976046875119209290e-02,2.951856702566146851e-02,2.965584583580493927e-02,2.912624180316925049e-02,2.924815751612186432e-02,2.909649908542633057e-02,2.892304025590419769e-02,2.849279530346393585e-02,2.795093879103660583e-02,2.804670110344886780e-02,2.764147892594337463e-02,2.751671709120273590e-02,2.757366374135017395e-02,2.693914994597434998e-02,2.704252861440181732e-02
5.612195364879138393e-02,6.123976163507904857e-06,3.034442849457263947e-02,2.985233254730701447e-02,2.943155169486999512e-02,2.924001030623912811e-02,2.882338315248489380e-02,2.868473343551158905e-02,2.875815704464912415e-02,2.834375947713851929e-02,2.826492302119731903e-02,2.799333631992340088e-02,2.773739211261272430e-02,2.708636783063411713e-02,2.737055346369743347e-02,2.725442126393318176e-02,2.676702290773391724e-02
5.628612979466131316e-02,6.111682068876689300e-06,2.977975085377693176e-02,2.993263304233551025e-02,2.907728031277656555e-02,2.950720675289630890e-02,2.956391498446464539e-02,2.895536459982395172e-02,2.841653302311897278e-02,2.864223346114158630e-02,2.793414145708084106e-02,2.765735238790512085e-02,2.747609838843345642e-02,2.710191719233989716e-02,2.710083313286304474e-02,2.693348564207553864e-02,2.697047963738441467e-02
5.645030594053122852e-02,6.078566002543084323e-06,2.983384579420089722e-02,2.981686592102050781e-02,2.913502417504787445e-02,2.911737933754920959e-02,2.899165824055671692e-02,2.867066673934459686e-02,2.815012820065021515e-02,2.824025601148605347e-02,2.749553322792053223e-02,2.757966704666614532e-02,2.774999849498271942e-02,2.725449576973915100e-02,2.744428440928459167e-02,2.713664062321186066e-02,2.639986388385295868e-02
5.661448208640114388e-02,6.064262379368301481e-06,2.984972298145294189e-02,2.945202030241489410e-02,2.930372022092342377e-02,2.862590365111827850e-02,2.918922901153564453e-02,2.842792123556137085e-02,2.840908989310264587e-02,2.821342833340167999e-02,2.814169228076934814e-02,2.754970081150531769e-02,2.721442095935344696e-02,2.735104784369468689e-02,2.702393382787704468e-02,2.676178887486457825e-02,2.661641314625740051e-02
5.677865823227106618e-02,6.015549388393992558e-06,2.965146489441394806e-02,2.936667948961257935e-02,2.932323701679706573e-02,2.851949073374271393e-02,2.859428897500038147e-02,2.809598483145236969e-02,2.797628566622734070e-02,2.792340703308582306e-02,2.759727649390697479e-02,2.745984867215156555e-02,2.713321335613727570e-02,2.711664326488971710e-02,2.662318944931030273e-02,2.666750177741050720e-02,2.633998915553092957e-02
5.694283437814098847e-02,6.017252417223062366e-06,2.953689172863960266e-02,2.938187681138515472e-02,2.904159016907215118e-02,2.882791310548782349e-02,2.857993543148040771e-02,2.837530523538589478e-02,2.814084850251674652e-02,2.764005586504936218e-02,2.773187123239040375e-02,2.720237895846366882e-02,2.731888554990291595e-02,2.703063935041427612e-02,2.714211679995059967e-02,2.624626457691192627e-02,2.642511576414108276e-02
5.710701052401090383e-02,6.013635356794111431e-06,2.934763580560684204e-02,2.947021834552288055e-02,2.867734991014003754e-02,2.876957133412361145e-02,2.872315421700477600e-02,2.820869162678718567e-02,2.817913703620433807e-02,2.776073664426803589e-02,2.774285711348056793e-02,2.760089375078678131e-02,2.729359827935695648e-02,2.723516523838043213e-02,2.667889371514320374e-02,2.655961550772190094e-02,2.610581181943416595e-02
5.727118666988082613e-02,5.980355126666836441e-06,2.945886552333831787e-02,2.905935235321521759e-02,2.861107885837554932e-02,2.871712110936641693e-02,2.833717130124568939e-02,2.791935950517654419e-02,2.802545204758644104e-02,2.771076373755931854e-02,2.720212563872337341e-02,2.723286300897598267e-02,2.717317454516887665e-02,2.670044265687465668e-02,2.704407833516597748e-02,2.638068050146102905e-02,2.631498873233795166e-02
5.743536281575074842e-02,5.974819487164495513e-06,2.948055230081081390e-02,2.881145104765892029e-02,2.884908020496368408e-02,2.841811068356037140e-02,2.811128273606300354e-02,2.837292104959487915e-02,2.794968150556087494e-02,2.744340151548385620e-02,2.732906676828861237e-02,2.712902426719665527e-02,2.728083543479442596e-02,2.695131674408912659e-02,2.669049426913261414e-02,2.617679536342620850e-02,2.654155530035495758e-02
5.759953896162066378e-02,5.947633781033800915e-06,2.916796505451202393e-02,2.923500724136829376e-02,2.917997725307941437e-02,2.861752174794673920e-02,2.813028916716575623e-02,2.795695699751377106e-02,2.767089568078517914e-02,2.741103805601596832e-02,2.741149440407752991e-02,2.713264897465705872e-02,2.694304659962654114e-02,2.659551054239273071e-02,2.647167816758155823e-02,2.623056992888450623e-02,2.566430158913135529e-02
5.776371510749057914e-02,5.885758127988083288e-06,2.879623509943485260e-02,2.844540402293205261e-02,2.863224595785140991e-02,2.818644419312477112e-02,2.830305881798267365e-02,2.750035747885704041e-02,2.747339941561222076e-02,2.748626656830310822e-02,2.687873691320419312e-02,2.655785530805587769e-02,2.661463245749473572e-02,2.686663717031478882e-02,2.598074078559875488e-02,2.591694891452789307e-02,2.569247037172317505e-02
5.792789125336050837e-02,5.879005584574770182e-06,2.889700233936309814e-02,2.862021885812282562e-02,2.850254625082015991e-02,2.807257883250713348e-02,2.776271291077136993e-02,2.785038761794567108e-02,2.754977531731128693e-02,2.724282257258892059e-02,2.706420980393886566e-02,2.678812667727470398e-02,2.661798894405364990e-02,2.653463371098041534e-02,2.617555484175682068e-02,2.557713165879249573e-02,2.581910975277423859e-02
5.809206739923042373e-02,5.868538664799416438e-06,2.917625382542610168e-02,2.870043367147445679e-02,2.845495380461215973e-02,2.814913727343082428e-02,2.838099934160709381e-02,2.758982591331005096e-02,2.706225402653217316e-02,2.718182653188705444e-02,2.716408856213092804e-02,2.629065141081809998e-02,2.633677981793880463e-02,2.615062147378921509e-02,2.636466920375823975e-02,2.574368566274642944e-02,2.553311362862586975e-02
5.825624354510033909e-02,5.828669145557796583e-06,2.867092937231063843e-02,2.855601720511913300e-02,2.849561907351016998e-02,2.810143493115901947e-02,2.757611684501171112e-02,2.746051736176013947e-02,2.760928496718406677e-02,2.669689431786537170e-02,2.653898112475872040e-02,2.680017426609992981e-02,2.614234946668148041e-02,2.642695233225822449e-02,2.583079040050506592e-02,2.540276572108268738e-02,2.518063969910144806e-02
5.842041969097026138e-02,5.817060809931717813e-06,2.840845845639705658e-02,2.852594852447509766e-02,2.818296290934085846e-02,2.796227671205997467e-02,2.771222405135631561e-02,2.714866027235984802e-02,2.682588063180446625e-02,2.693205885589122772e-02,2.679398655891418457e-02,2.655526436865329742e-02,2.608548663556575775e-02,2.635444141924381256e-02,2.579744718968868256e-02,2.576032467186450958e-02,2.522368542850017548e-02
5.858459583684018368e-02,5.815575605083722621e-06,2.862278744578361511e-02,2.866001427173614502e-02,2.794478647410869598e-02,2.747730538249015808e-02,2.755987830460071564e-02,2.756295725703239441e-02,2.727735787630081177e-02,2.719611674547195435e-02,2.650884911417961121e-02,2.643302641808986664e-02,2.643514610826969147e-02,2.623109892010688782e-02,2.553903311491012573e-02,2.584635652601718903e-02,2.532222308218479156e-02
5.874877198271009904e-02,5.772215445176698267e-06,2.841633558273315430e-02,2.825455740094184875e-02,2.782289311289787292e-02,2.759679406881332397e-02,2.760054543614387512e-02,2.712442912161350250e-02,2.729297056794166565e-02,2.679056301712989807e-02,2.606817893683910370e-02,2.648191899061203003e-02,2.591755986213684082e-02,2.568244189023971558e-02,2.575995400547981262e-02,2.547646313905715942e-02,2.511077001690864563e-02
5.891294812858002133e-02,5.761911324952961877e-06,2.785137854516506195e-02,2.829949557781219482e-02,2.824004180729389191e-02,2.770044282078742981e-02,2.736467495560646057e-02,2.727564983069896698e-02,2.689797617495059967e-02,2.662996388971805573e-02,2.644182369112968445e-02,2.583148702979087830e-02,2.608200907707214355e-02,2.588415145874023438e-02,2.585397846996784210e-02,2.571227960288524628e-02,2.494769729673862457e-02
5.907712427444994363e-02,5.743267593061318621e-06,2.802788279950618744e-02,2.791049145162105560e-02,2.735112421214580536e-02,2.741010300815105438e-02,2.724074758589267731e-02,2.726552449166774750e-02,2.677080966532230377e-02,2.659932896494865417e-02,2.626476064324378967e-02,2.612595446407794952e-02,2.586076594889163971e-02,2.612367086112499237e-02,2.554187364876270294e-02,2.552021481096744537e-02,2.514828182756900787e-02
5.924130042031985899e-02,5.706946467398665845e-06,2.785771712660789490e-02,2.779887616634368896e-02,2.754252403974533081e-02,2.723675966262817383e-02,2.746378630399703979e-02,2.728531882166862488e-02,2.671963162720203400e-02,2.639034204185009003e-02,2.610234171152114868e-02,2.590820938348770142e-02,2.590491063892841339e-02,2.533558197319507599e-02,2.515468932688236237e-02,2.516545169055461884e-02,2.491355501115322113e-02
5.940547656618977435e-02,5.683850304194493219e-06,2.814692258834838867e-02,2.796779386699199677e-02,2.779404819011688232e-02,2.731647714972496033e-02,2.696864120662212372e-02,2.674928121268749237e-02,2.661671303212642670e-02,2.649431116878986359e-02,2.610168419778347015e-02,2.563907206058502197e-02,2.585618011653423309e-02,2.522151172161102295e-02,2.527996338903903961e-02,2.472201548516750336e-02,2.482974901795387268e-02
5.956965271205970358e-02,5.684683856088668108e-06,2.834538556635379791e-02,2.798648551106452942e-02,2.715752460062503815e-02,2.737644128501415253e-02,2.679614722728729248e-02,2.707216516137123108e-02,2.683079428970813751e-02,2.642130479216575623e-02,2.576048672199249268e-02,2.585433423519134521e-02,2.595596574246883392e-02,2.547852322459220886e-02,2.502943761646747589e-02,2.519705146551132202e-02,2.451149560511112213e-02
5.973382885792961894e-02,5.682536084350431338e-06,2.757589891552925110e-02,2.746097929775714874e-02,2.756327576935291290e-02,2.715662866830825806e-02,2.724582329392433167e-02,2.669871598482131958e-02,2.657000534236431122e-02,2.624909020960330963e-02,2.617073617875576019e-02,2.580006234347820282e-02,2.499749325215816498e-02,2.552070841193199158e-02,2.515247091650962830e-02,2.545717544853687286e-02,2.505872957408428192e-02
5.989800500379953430e-02,5.653255357174202800e-06,2.804362587630748749e-02,2.785057388246059418e-02,2.693523839116096497e-02,2.715577930212020874e-02,2.675132080912590027e-02,2.636859193444252014e-02,2.626392804086208344e-02,2.613498829305171967e-02,2.575571462512016296e-02,2.579029835760593414e-02,2.551925741136074066e-02,2.514496259391307831e-02,2.507033385336399078e-02,2.496301569044589996e-02,2.476623095571994781e-02
6.006218114966945659e-02,5.617278020508820191e-06,2.787544950842857361e-02,2.736862190067768097e-02,2.745425887405872345e-02,2.696654386818408966e-02,2.687066048383712769e-02,2.663673646748065948e-02,2.598617412149906158e-02,2.574991434812545776e-02,2.584991604089736938e-02,2.576293982565402985e-02,2.528662420809268951e-02,2.498321793973445892e-02,2.493508905172348022e-02,2.468290179967880249e-02,2.441359870135784149e-02
6.022635729553937889e-02,5.587001396634150296e-06,2.741325646638870239e-02,2.730116248130798340e-02,2.752588875591754913e-02,2.657446078956127167e-02,2.679464407265186310e-02,2.624085173010826111e-02,2.612650021910667419e-02,2.582657150924205780e-02,2.516352385282516479e-02,2.545984834432601929e-02,2.549274079501628876e-02,2.473990805447101593e-02,2.478949166834354401e-02,2.446816302835941315e-02,2.456791698932647705e-02
6.039053344140929425e-02,5.561910711548989639e-06,2.756387554109096527e-02,2.736525423824787140e-02,2.688867598772048950e-02,2.663853950798511505e-02,2.650602906942367554e-02,2.602920494973659515e-02,2.601535990834236145e-02,2.567886933684349060e-02,2.574555762112140656e-02,2.526362240314483643e-02,2.482035011053085327e-02,2.506824955344200134e-02,2.427918650209903717e-02,2.476076595485210419e-02,2.401624619960784912e-02
6.055470958727921654e-02,5.573688667936949059e-06,2.742802910506725311e-02,2.739597856998443604e-02,2.678088471293449402e-02,2.688409574329853058e-02,2.663029171526432037e-02,2.592103555798530579e-02,2.607667446136474609e-02,2.583889476954936981e-02,2.555732615292072296e-02,2.534670755267143250e-02,2.503285557031631470e-02,2.504548616707324982e-02,2.468832395970821381e-02,2.452356554567813873e-02,2.462448179721832275e-02
6.071888573314913884e-02,5.541362043004482985e-06,2.691821195185184479e-02,2.672523446381092072e-02,2.698799408972263336e-02,2.666133083403110504e-02,2.652669697999954224e-02,2.610532566905021667e-02,2.601378038525581360e-02,2.581611648201942444e-02,2.565053850412368774e-02,2.496747486293315887e-02,2.504625543951988220e-02,2.496419101953506470e-02,2.462375536561012268e-02,2.431968227028846741e-02,2.402421459555625916e-02
6.088306187901905420e-02,5.512576080946018919e-06,2.692952565848827362e-02,2.675325796008110046e-02,2.669831737875938416e-02,2.683430537581443787e-02,2.625809423625469208e-02,2.620906382799148560e-02,2.539309300482273102e-02,2.529376745223999023e-02,2.555910684168338776e-02,2.519293129444122314e-02,2.485816739499568939e-02,2.467050775885581970e-02,2.431665547192096710e-02,2.417417801916599274e-02,2.435833401978015900e-02
6.104723802488896955e-02,5.476475507748546079e-06,2.709446102380752563e-02,2.702933549880981445e-02,2.672090567648410797e-02,2.653624117374420166e-02,2.619612403213977814e-02,2.583827450871467590e-02,2.573209628462791443e-02,2.530064992606639862e-02,2.521880716085433960e-02,2.485745958983898163e-02,2.445570938289165497e-02,2.458421885967254639e-02,2.464177645742893219e-02,2.365812845528125763e-02,2.369381673634052277e-02
6.121141417075889879e-02,5.469329607876716182e-06,2.701368927955627441e-02,2.660706080496311188e-02,2.689871564507484436e-02,2.631977386772632599e-02,2.634718269109725952e-02,2.595623023808002472e-02,2.570238895714282990e-02,2.538461796939373016e-02,2.450086921453475952e-02,2.479051239788532257e-02,2.482934482395648956e-02,2.415650710463523865e-02,2.404947951436042786e-02,2.397682704031467438e-02,2.402565255761146545e-02
6.137559031662881415e-02,5.436595074570504948e-06,2.719518914818763733e-02,2.685487270355224609e-02,2.648979052901268005e-02,2.635501325130462646e-02,2.595166862010955811e-02,2.578518725931644440e-02,2.496813610196113586e-02,2.553532458841800690e-02,2.467501349747180939e-02,2.434495091438293457e-02,2.456890232861042023e-02,2.423217520117759705e-02,2.416849322617053986e-02,2.398208901286125183e-02,2.368544600903987885e-02
