2.436353949327713705e-03,1.008188119158148766e-03,5.076015949249267578e+00,5.081840515136718750e+00,5.041396141052246094e+00,5.053468704223632812e+00,5.047661304473876953e+00,5.033556938171386719e+00,4.959087848663330078e+00,4.940456390380859375e+00,4.911100387573242188e+00,4.925916194915771484e+00,4.883571147918701172e+00,4.931318759918212891e+00,4.934097290039062500e+00,4.857333183288574219e+00,4.862406253814697266e+00
2.600530095197632965e-03,8.395255426876246929e-04,4.205694675445556641e+00,4.249033927917480469e+00,4.185411453247070312e+00,4.202957630157470703e+00,4.224698543548583984e+00,4.176057338714599609e+00,4.124733448028564453e+00,4.148943901062011719e+00,4.135341167449951172e+00,4.072747707366943359e+00,4.103562831878662109e+00,4.045930862426757812e+00,4.090264797210693359e+00,4.088608741760253906e+00,4.036777496337890625e+00
2.764706241067552660e-03,6.989542744122445583e-04,3.531135320663452148e+00,3.489013433456420898e+00,3.426032781600952148e+00,3.495920181274414062e+00,3.493948459625244141e+00,3.475473403930664062e+00,3.421776294708251953e+00,3.444019556045532227e+00,3.415533304214477539e+00,3.467463254928588867e+00,3.444418430328369141e+00,3.422025918960571289e+00,3.417460918426513672e+00,3.394222497940063477e+00,3.380537748336791992e+00
2.928882386937472354e-03,5.958138499408960342e-04,2.962460279464721680e+00,2.994890689849853516e+00,2.979038953781127930e+00,3.004268646240234375e+00,2.973252773284912109e+00,2.977827072143554688e+00,2.967912912368774414e+00,2.903850078582763672e+00,2.907575130462646484e+00,2.911510705947875977e+00,2.917617559432983398e+00,2.925801277160644531e+00,2.895096540451049805e+00,2.888031959533691406e+00,2.898234128952026367e+00
3.093058532807391615e-03,5.038964445702731609e-04,2.564097166061401367e+00,2.539035081863403320e+00,2.527114152908325195e+00,2.519587516784667969e+00,2.532244205474853516e+00,2.516484737396240234e+00,2.457017660140991211e+00,2.461104869842529297e+00,2.482535362243652344e+00,2.453771352767944336e+00,2.476689577102661133e+00,2.456243753433227539e+00,2.461858510971069336e+00,2.425818920135498047e+00,2.445870876312255859e+00
3.257234678677311309e-03,4.320384177844971418e-04,2.164110183715820312e+00,2.168344020843505859e+00,2.193873405456542969e+00,2.141843557357788086e+00,2.138604879379272461e+00,2.145197153091430664e+00,2.140790700912475586e+00,2.100595235824584961e+00,2.091944456100463867e+00,2.121724367141723633e+00,2.094884872436523438e+00,2.128674507141113281e+00,2.099068880081176758e+00,2.134798288345336914e+00,2.095791101455688477e+00
3.421410824547230570e-03,3.719794331118464470e-04,1.877328991889953613e+00,1.859532117843627930e+00,1.858643412590026855e+00,1.880041599273681641e+00,1.846821427345275879e+00,1.839637637138366699e+00,1.837430357933044434e+00,1.848456501960754395e+00,1.831998586654663086e+00,1.841756105422973633e+00,1.816143274307250977e+00,1.793143749237060547e+00,1.800940871238708496e+00,1.803096532821655273e+00,1.815006256103515625e+00
3.585586970417150264e-03,3.258209617342799902e-04,1.661863565444946289e+00,1.641478419303894043e+00,1.629539012908935547e+00,1.636385202407836914e+00,1.599800705909729004e+00,1.611562132835388184e+00,1.634559154510498047e+00,1.610551834106445312e+00,1.595002889633178711e+00,1.588014006614685059e+00,1.586053848266601562e+00,1.584123373031616211e+00,1.592517852783203125e+00,1.595471501350402832e+00,1.576367855072021484e+00
3.749763116287069525e-03,2.829316945280879736e-04,1.436190485954284668e+00,1.425966501235961914e+00,1.416824221611022949e+00,1.415427684783935547e+00,1.395884037017822266e+00,1.403610587120056152e+00,1.388355255126953125e+00,1.383962869644165039e+00,1.399505257606506348e+00,1.402472853660583496e+00,1.386855602264404297e+00,1.388747692108154297e+00,1.385302543640136719e+00,1.372138738632202148e+00,1.370210886001586914e+00
3.913939262156988785e-03,2.489424077793955803e-04,1.245945692062377930e+00,1.256550550460815430e+00,1.255833387374877930e+00,1.234847545623779297e+00,1.222575545310974121e+00,1.229973554611206055e+00,1.229455947875976562e+00,1.236770749092102051e+00,1.246959924697875977e+00,1.218079686164855957e+00,1.229676365852355957e+00,1.207608580589294434e+00,1.207691192626953125e+00,1.202852010726928711e+00,1.201117515563964844e+00
4.078115408026909347e-03,2.183510950999334455e-04,1.106248378753662109e+00,1.097380161285400391e+00,1.088005781173706055e+00,1.083793640136718750e+00,1.085131764411926270e+00,1.081604957580566406e+00,1.068257689476013184e+00,1.088157415390014648e+00,1.082898259162902832e+00,1.077536225318908691e+00,1.086298465728759766e+00,1.063748478889465332e+00,1.076888918876647949e+00,1.049636483192443848e+00,1.054013848304748535e+00
4.242291553896828174e-03,1.942255912581458688e-04,9.879986047744750977e-01,9.725345969200134277e-01,9.677055478096008301e-01,9.673344492912292480e-01,9.509028792381286621e-01,9.694463610649108887e-01,9.730315208435058594e-01,9.630218744277954102e-01,9.637011289596557617e-01,9.395822286605834961e-01,9.581778049468994141e-01,9.411191940307617188e-01,9.625579118728637695e-01,9.384175539016723633e-01,9.297800064086914062e-01
4.406467699766747001e-03,1.729827345116063952e-04,8.661852478981018066e-01,8.742843270301818848e-01,8.637640476226806641e-01,8.627269268035888672e-01,8.607723116874694824e-01,8.614482283592224121e-01,8.651025295257568359e-01,8.565630912780761719e-01,8.525006771087646484e-01,8.641440868377685547e-01,8.497619032859802246e-01,8.489975929260253906e-01,8.400726914405822754e-01,8.290432095527648926e-01,8.316054344177246094e-01
4.570643845636667563e-03,1.563953846925869584e-04,7.980816364288330078e-01,7.876424193382263184e-01,7.875366210937500000e-01,7.955923676490783691e-01,7.668511271476745605e-01,7.836664319038391113e-01,7.837949395179748535e-01,7.588657736778259277e-01,7.576957941055297852e-01,7.614285945892333984e-01,7.684059143066406250e-01,7.790810465812683105e-01,7.542557716369628906e-01,7.577781677246093750e-01,7.601622343063354492e-01
4.734819991506586390e-03,1.410012919222936034e-04,7.007514834403991699e-01,6.953122615814208984e-01,7.119455337524414062e-01,7.126103043556213379e-01,7.086800336837768555e-01,6.983204483985900879e-01,7.051293849945068359e-01,7.020002007484436035e-01,6.914379596710205078e-01,6.988050341606140137e-01,6.882296204566955566e-01,6.978788971900939941e-01,6.784766316413879395e-01,6.872826814651489258e-01,6.819279789924621582e-01
4.898996137376506084e-03,1.271686487598344684e-04,6.443758606910705566e-01,6.339226365089416504e-01,6.457512974739074707e-01,6.181449890136718750e-01,6.375486254692077637e-01,6.311274170875549316e-01,6.410044431686401367e-01,6.387327313423156738e-01,6.360755562782287598e-01,6.171746253967285156e-01,6.192494630813598633e-01,6.189277172088623047e-01,6.178337335586547852e-01,6.108601093292236328e-01,6.227968931198120117e-01
5.063172283246425778e-03,1.162273110821843147e-04,5.843943953514099121e-01,5.865591168403625488e-01,5.844780802726745605e-01,5.703285932540893555e-01,5.811904072761535645e-01,5.801631808280944824e-01,5.776081085205078125e-01,5.740521550178527832e-01,5.798913836479187012e-01,5.587483644485473633e-01,5.707440376281738281e-01,5.700267553329467773e-01,5.719892978668212891e-01,5.616234540939331055e-01,5.645857453346252441e-01
5.227348429116344605e-03,1.059211281244643033e-04,5.380787253379821777e-01,5.232138633728027344e-01,5.277014374732971191e-01,5.270019173622131348e-01,5.328303575515747070e-01,5.396906137466430664e-01,5.308433771133422852e-01,5.262134075164794922e-01,5.174007415771484375e-01,5.131883025169372559e-01,5.148123502731323242e-01,5.112068057060241699e-01,5.134229063987731934e-01,5.137317776679992676e-01,5.250611901283264160e-01
5.391524574986265167e-03,9.728365694172680378e-05,4.881117939949035645e-01,4.860909283161163330e-01,4.974184334278106689e-01,4.810785055160522461e-01,4.778472185134887695e-01,4.789022803306579590e-01,4.899521470069885254e-01,4.750503897666931152e-01,4.869039654731750488e-01,4.730585217475891113e-01,4.641712903976440430e-01,4.807910621166229248e-01,4.748833477497100830e-01,4.716823101043701172e-01,4.793919920921325684e-01
5.555700720856183994e-03,8.952819189289584756e-05,4.528120756149291992e-01,4.488137960433959961e-01,4.469344913959503174e-01,4.516924917697906494e-01,4.466932415962219238e-01,4.435113668441772461e-01,4.382186830043792725e-01,4.406652748584747314e-01,4.441541433334350586e-01,4.469996988773345947e-01,4.411427676677703857e-01,4.306284189224243164e-01,4.301028847694396973e-01,4.428056478500366211e-01,4.363484978675842285e-01
5.719876866726103688e-03,8.158198033925145864e-05,4.136219620704650879e-01,4.120551347732543945e-01,4.106709361076354980e-01,4.064064621925354004e-01,4.070500433444976807e-01,4.051750600337982178e-01,3.998117148876190186e-01,4.042846858501434326e-01,4.056797623634338379e-01,3.989416956901550293e-01,4.011369049549102783e-01,3.920665681362152100e-01,3.978963494300842285e-01,3.981218039989471436e-01,3.942447304725646973e-01
5.884053012596023383e-03,7.533237658208236098e-05,3.837887048721313477e-01,3.790961205959320068e-01,3.833835124969482422e-01,3.748814463615417480e-01,3.700960576534271240e-01,3.739833831787109375e-01,3.794009685516357422e-01,3.698793351650238037e-01,3.762078583240509033e-01,3.658012747764587402e-01,3.782462477684020996e-01,3.655346035957336426e-01,3.652362823486328125e-01,3.703482449054718018e-01,3.601438701152801514e-01
6.048229158465942210e-03,6.941777246538549662e-05,3.541240692138671875e-01,3.434835970401763916e-01,3.415620028972625732e-01,3.464190065860748291e-01,3.439084291458129883e-01,3.524494171142578125e-01,3.477854430675506592e-01,3.395811617374420166e-01,3.409655094146728516e-01,3.350277245044708252e-01,3.391399979591369629e-01,3.479257225990295410e-01,3.349013924598693848e-01,3.392760753631591797e-01,3.394667208194732666e-01
6.212405304335862771e-03,6.447540363296866417e-05,3.201191425323486328e-01,3.238975703716278076e-01,3.201065957546234131e-01,3.203718364238739014e-01,3.206391334533691406e-01,3.223758637905120850e-01,3.175433278083801270e-01,3.168779015541076660e-01,3.175284564495086670e-01,3.189106881618499756e-01,3.139382600784301758e-01,3.169353604316711426e-01,3.145568072795867920e-01,3.170669078826904297e-01,3.169978857040405273e-01
6.376581450205781598e-03,5.969511403236538172e-05,2.948115468025207520e-01,2.954503595829010010e-01,2.938151359558105469e-01,3.071879148483276367e-01,2.972516417503356934e-01,2.965084612369537354e-01,2.916474938392639160e-01,2.924160659313201904e-01,2.998391985893249512e-01,2.991480827331542969e-01,3.011524975299835205e-01,2.916180789470672607e-01,2.917800843715667725e-01,2.841613590717315674e-01,2.918846011161804199e-01
6.540757596075701293e-03,5.598529241979122162e-05,2.825914919376373291e-01,2.839111685752868652e-01,2.791222631931304932e-01,2.768370807170867920e-01,2.815815508365631104e-01,2.812302708625793457e-01,2.790678143501281738e-01,2.800415754318237305e-01,2.760240435600280762e-01,2.724230885505676270e-01,2.716967165470123291e-01,2.758790254592895508e-01,2.692233920097351074e-01,2.743094265460968018e-01,2.728644609451293945e-01
6.704933741945620987e-03,5.158896237844601274e-05,2.552464604377746582e-01,2.633277475833892822e-01,2.541022300720214844e-01,2.548763155937194824e-01,2.549929916858673096e-01,2.535129487514495850e-01,2.600717246532440186e-01,2.584942877292633057e-01,2.552210986614227295e-01,2.512457668781280518e-01,2.538696825504302979e-01,2.534359693527221680e-01,2.463252246379852295e-01,2.539946138858795166e-01,2.581791579723358154e-01
6.869109887815539814e-03,4.780857125297188759e-05,2.338778823614120483e-01,2.339492440223693848e-01,2.428364306688308716e-01,2.387927919626235962e-01,2.370131164789199829e-01,2.385485917329788208e-01,2.416326403617858887e-01,2.369593381881713867e-01,2.392058223485946655e-01,2.334922850131988525e-01,2.356727421283721924e-01,2.387672960758209229e-01,2.352481335401535034e-01,2.325215041637420654e-01,2.309418767690658569e-01
7.033286033685460376e-03,4.454764348338358104e-05,2.248130440711975098e-01,2.237494736909866333e-01,2.259202152490615845e-01,2.184022814035415649e-01,2.256975173950195312e-01,2.229481339454650879e-01,2.204600721597671509e-01,2.159892916679382324e-01,2.180871516466140747e-01,2.186730206012725830e-01,2.180345207452774048e-01,2.198628634214401245e-01,2.138352245092391968e-01,2.146874219179153442e-01,2.184428572654724121e-01
7.197462179555379203e-03,4.123214239371009171e-05,2.089759260416030884e-01,2.000375092029571533e-01,2.056311070919036865e-01,2.077445983886718750e-01,2.047901302576065063e-01,2.048736214637756348e-01,2.094587534666061401e-01,2.023338973522186279e-01,1.978929489850997925e-01,2.035908699035644531e-01,2.070586830377578735e-01,1.984378099441528320e-01,2.031789571046829224e-01,1.991354227066040039e-01,2.026589512825012207e-01
7.361638325425298029e-03,3.886461854563094676e-05,1.935644447803497314e-01,1.910455822944641113e-01,1.969679892063140869e-01,1.948444694280624390e-01,1.945416629314422607e-01,1.863297969102859497e-01,1.912510544061660767e-01,1.948763728141784668e-01,1.882006824016571045e-01,1.897472590208053589e-01,1.914124190807342529e-01,1.956109553575515747e-01,1.940336972475051880e-01,1.866811066865921021e-01,1.929221451282501221e-01
7.525814471295218591e-03,3.593982182792387903e-05,1.791516393423080444e-01,1.787507086992263794e-01,1.827511489391326904e-01,1.800182610750198364e-01,1.767059266567230225e-01,1.785813122987747192e-01,1.790383011102676392e-01,1.771540343761444092e-01,1.791365891695022583e-01,1.768806129693984985e-01,1.757711470127105713e-01,1.774661093950271606e-01,1.778619736433029175e-01,1.742434948682785034e-01,1.737840473651885986e-01
7.689990617165137418e-03,3.397018372197635472e-05,1.718633919954299927e-01,1.704523712396621704e-01,1.731765568256378174e-01,1.652990281581878662e-01,1.693145334720611572e-01,1.712193191051483154e-01,1.691147983074188232e-01,1.691170781850814819e-01,1.586063504219055176e-01,1.679075509309768677e-01,1.680473983287811279e-01,1.643934994935989380e-01,1.679584085941314697e-01,1.700583696365356445e-01,1.625932008028030396e-01
7.854166763035057980e-03,3.228211789974011481e-05,1.614361852407455444e-01,1.629077941179275513e-01,1.618181914091110229e-01,1.621911972761154175e-01,1.603649258613586426e-01,1.579853743314743042e-01,1.613509654998779297e-01,1.597767770290374756e-01,1.607601940631866455e-01,1.579249352216720581e-01,1.585779786109924316e-01,1.586297601461410522e-01,1.564859449863433838e-01,1.574096530675888062e-01,1.545643210411071777e-01
8.018342908904976807e-03,3.016222399310208857e-05,1.494240462779998779e-01,1.487772017717361450e-01,1.483773142099380493e-01,1.514946371316909790e-01,1.484434306621551514e-01,1.506841033697128296e-01,1.501838117837905884e-01,1.492859125137329102e-01,1.450595259666442871e-01,1.481755524873733521e-01,1.498958468437194824e-01,1.450500339269638062e-01,1.475427299737930298e-01,1.518927961587905884e-01,1.514701247215270996e-01
8.182519054774895634e-03,2.835557461366988719e-05,1.397173106670379639e-01,1.356695592403411865e-01,1.400691121816635132e-01,1.445620805025100708e-01,1.394940912723541260e-01,1.413016468286514282e-01,1.399180293083190918e-01,1.394256502389907837e-01,1.368032693862915039e-01,1.422643512487411499e-01,1.409400850534439087e-01,1.418901681900024414e-01,1.389209479093551636e-01,1.380292326211929321e-01,1.435345113277435303e-01
8.346695200644816195e-03,2.681019032024778426e-05,1.381692588329315186e-01,1.331098526716232300e-01,1.345230787992477417e-01,1.384974718093872070e-01,1.326369494199752808e-01,1.280667185783386230e-01,1.315819621086120605e-01,1.302042305469512939e-01,1.280173957347869873e-01,1.370956450700759888e-01,1.268270462751388550e-01,1.348554939031600952e-01,1.319913268089294434e-01,1.288755536079406738e-01,1.346497982740402222e-01
8.510871346514735022e-03,2.548480733821634203e-05,1.287341713905334473e-01,1.271282732486724854e-01,1.291936635971069336e-01,1.223421692848205566e-01,1.273022443056106567e-01,1.239565834403038025e-01,1.221565157175064087e-01,1.275360584259033203e-01,1.249957308173179626e-01,1.262693405151367188e-01,1.267691403627395630e-01,1.281042546033859253e-01,1.244963258504867554e-01,1.233945712447166443e-01,1.257039904594421387e-01
8.675047492384653849e-03,2.437483999528922141e-05,1.195836216211318970e-01,1.214878261089324951e-01,1.235900819301605225e-01,1.180605292320251465e-01,1.218782290816307068e-01,1.184353455901145935e-01,1.187589690089225769e-01,1.187851130962371826e-01,1.219765469431877136e-01,1.185099631547927856e-01,1.221409365534782410e-01,1.218326836824417114e-01,1.212613135576248169e-01,1.196605339646339417e-01,1.178087741136550903e-01
8.839223638254574411e-03,2.326032699784263968e-05,1.130204647779464722e-01,1.146914884448051453e-01,1.145195439457893372e-01,1.138804480433464050e-01,1.167821660637855530e-01,1.142113655805587769e-01,1.160490661859512329e-01,1.133111566305160522e-01,1.143609285354614258e-01,1.164486333727836609e-01,1.169348359107971191e-01,1.168291717767715454e-01,1.150473505258560181e-01,1.144985407590866089e-01,1.156856194138526917e-01
9.003399784124493238e-03,2.215564018115401268e-05,1.087724789977073669e-01,1.134263798594474792e-01,1.126482263207435608e-01,1.088874191045761108e-01,1.121955811977386475e-01,1.090835407376289368e-01,1.099665015935897827e-01,1.067380756139755249e-01,1.072056442499160767e-01,1.091586723923683167e-01,1.088138967752456665e-01,1.079171821475028992e-01,1.082600280642509460e-01,1.080689355731010437e-01,1.063003689050674438e-01
9.167575929994413800e-03,2.117772055498789996e-05,1.026259437203407288e-01,1.073657497763633728e-01,1.057205274701118469e-01,1.064706593751907349e-01,1.042936295270919800e-01,1.059102714061737061e-01,1.079327613115310669e-01,1.055092066526412964e-01,1.049080193042755127e-01,1.015201583504676819e-01,1.041904091835021973e-01,1.015032753348350525e-01,1.048624217510223389e-01,1.071218252182006836e-01,1.019089445471763611e-01
9.331752075864332627e-03,2.032574411714449525e-05,1.024333611130714417e-01,1.021894738078117371e-01,9.911743551492691040e-02,1.013638973236083984e-01,9.850810468196868896e-02,9.992714226245880127e-02,9.707076847553253174e-02,9.936812520027160645e-02,1.017809137701988220e-01,1.007683798670768738e-01,9.941413998603820801e-02,1.014374420046806335e-01,9.982336312532424927e-02,1.010196357965469360e-01,1.013852953910827637e-01
9.495928221734251454e-03,1.963943941518664360e-05,9.301069378852844238e-02,9.769383072853088379e-02,9.428732097148895264e-02,9.710264205932617188e-02,9.928563237190246582e-02,9.488004446029663086e-02,9.552903473377227783e-02,1.013002768158912659e-01,1.002732291817665100e-01,9.387613087892532349e-02,9.719055145978927612e-02,9.411840140819549561e-02,1.007122173905372620e-01,9.815450757741928101e-02,9.742398560047149658e-02
9.660104367604172015e-03,1.887441067083273083e-05,9.323358535766601562e-02,9.241262078285217285e-02,9.291885793209075928e-02,9.361340105533599854e-02,9.566038101911544800e-02,8.938040584325790405e-02,9.451001882553100586e-02,9.424535185098648071e-02,9.511420875787734985e-02,9.325649589300155640e-02,9.479526430368423462e-02,9.282737225294113159e-02,9.462093561887741089e-02,9.251604974269866943e-02,9.241402149200439453e-02
9.824280513474090842e-03,1.828539461712352931e-05,8.854086697101593018e-02,9.248334914445877075e-02,8.973311632871627808e-02,9.123682975769042969e-02,8.980731666088104248e-02,9.317712485790252686e-02,8.902235329151153564e-02,9.043658524751663208e-02,8.868221193552017212e-02,8.985131978988647461e-02,9.032654017210006714e-02,9.002161026000976562e-02,8.873333781957626343e-02,9.191522002220153809e-02,9.156295657157897949e-02
9.988456659344011404e-03,1.766566128935664892e-05,8.527974784374237061e-02,8.676917105913162231e-02,9.013938158750534058e-02,8.790804445743560791e-02,8.482320606708526611e-02,8.597303926944732666e-02,8.849728852510452271e-02,8.718371391296386719e-02,8.663598448038101196e-02,8.752317726612091064e-02,8.888398110866546631e-02,8.862491697072982788e-02,8.772131055593490601e-02,8.604465425014495850e-02,8.718133717775344849e-02
1.015263280521393023e-02,1.731297379592433572e-05,8.739938586950302124e-02,8.634717017412185669e-02,8.404667675495147705e-02,8.762054145336151123e-02,8.622649312019348145e-02,8.414376527070999146e-02,8.573403209447860718e-02,8.522626757621765137e-02,8.648312836885452271e-02,8.202719688415527344e-02,8.630488067865371704e-02,8.542971312999725342e-02,8.579932898283004761e-02,8.553178608417510986e-02,8.435776829719543457e-02
1.031680895108384906e-02,1.655670712352730334e-05,8.143232762813568115e-02,8.345640450716018677e-02,7.917174696922302246e-02,8.166216313838958740e-02,7.987093925476074219e-02,8.541173487901687622e-02,8.152049779891967773e-02,8.185110241174697876e-02,8.136378228664398193e-02,8.418454974889755249e-02,8.449240028858184814e-02,8.326686918735504150e-02,7.959213107824325562e-02,8.309731632471084595e-02,8.072163164615631104e-02
1.048098509695376962e-02,1.614919347048271447e-05,7.888516038656234741e-02,7.746540755033493042e-02,8.123553544282913208e-02,8.079764246940612793e-02,8.214644342660903931e-02,8.089458197355270386e-02,7.817632704973220825e-02,8.148064464330673218e-02,8.098168671131134033e-02,8.259833604097366333e-02,7.981500774621963501e-02,7.923660427331924438e-02,7.811572402715682983e-02,7.833060622215270996e-02,7.836592197418212891e-02
1.064516124282369018e-02,1.572320798004511744e-05,7.826039195060729980e-02,7.904680818319320679e-02,7.781510055065155029e-02,7.713358104228973389e-02,7.797229290008544922e-02,7.819678634405136108e-02,8.087907731533050537e-02,8.029931783676147461e-02,7.894533127546310425e-02,7.738836854696273804e-02,7.673081755638122559e-02,7.733984291553497314e-02,7.593355327844619751e-02,7.476858794689178467e-02,7.576368749141693115e-02
1.080933738869360901e-02,1.528719258203636855e-05,7.476291060447692871e-02,7.472996413707733154e-02,7.655312120914459229e-02,7.668088376522064209e-02,7.823933660984039307e-02,7.607261836528778076e-02,7.715609669685363770e-02,7.532557100057601929e-02,7.580628246068954468e-02,7.495260238647460938e-02,7.538936287164688110e-02,7.383504509925842285e-02,7.414665073156356812e-02,7.591640949249267578e-02,7.613920420408248901e-02
1.097351353456352784e-02,1.505343243479728699e-05,7.442890107631683350e-02,7.399005442857742310e-02,7.510270923376083374e-02,7.543506473302841187e-02,7.261512428522109985e-02,7.346775382757186890e-02,7.292281836271286011e-02,7.730641961097717285e-02,7.480178028345108032e-02,7.659699022769927979e-02,7.375460863113403320e-02,7.643569260835647583e-02,7.439249753952026367e-02,7.468994706869125366e-02,7.215622067451477051e-02
1.113768968043344666e-02,1.467454512749100104e-05,7.080757617950439453e-02,7.313384115695953369e-02,7.404375821352005005e-02,7.615565508604049683e-02,6.953450292348861694e-02,7.022644579410552979e-02,6.969194859266281128e-02,6.988189369440078735e-02,7.317301630973815918e-02,7.220970839262008667e-02,7.322569191455841064e-02,7.333097606897354126e-02,7.409294694662094116e-02,7.325942069292068481e-02,7.272551953792572021e-02
1.130186582630336549e-02,1.443588098481995985e-05,7.190955430269241333e-02,6.978413462638854980e-02,6.936590373516082764e-02,7.058938592672348022e-02,7.098039239645004272e-02,7.159911841154098511e-02,7.079686969518661499e-02,7.265317440032958984e-02,7.022085785865783691e-02,7.179708033800125122e-02,7.432977110147476196e-02,7.252809405326843262e-02,7.024534791707992554e-02,7.164645195007324219e-02,7.088325172662734985e-02
1.146604197217328605e-02,1.417744078935356811e-05,6.892362236976623535e-02,7.226210087537765503e-02,7.294905930757522583e-02,7.087458670139312744e-02,6.960209459066390991e-02,6.869523227214813232e-02,6.969286501407623291e-02,7.254418730735778809e-02,7.025189697742462158e-02,7.047381252050399780e-02,7.021853327751159668e-02,6.786406785249710083e-02,6.753955781459808350e-02,6.904350221157073975e-02,7.195974886417388916e-02
1.163021811804320661e-02,1.378624801873229444e-05,6.684426218271255493e-02,6.898970901966094971e-02,7.002515345811843872e-02,6.986593455076217651e-02,6.862290203571319580e-02,6.897617131471633911e-02,6.828876584768295288e-02,6.549689173698425293e-02,6.939624994993209839e-02,6.713610887527465820e-02,6.863196939229965210e-02,6.669549643993377686e-02,6.929618865251541138e-02,6.885824352502822876e-02,6.646136194467544556e-02
1.179439426391312544e-02,1.365246225759619847e-05,6.790426373481750488e-02,6.753797829151153564e-02,6.783957779407501221e-02,6.884171813726425171e-02,6.785492599010467529e-02,6.897393614053726196e-02,6.920249015092849731e-02,6.669478863477706909e-02,6.726095825433731079e-02,6.525921821594238281e-02,6.784370541572570801e-02,6.535775214433670044e-02,6.791768223047256470e-02,6.764626502990722656e-02,6.793592870235443115e-02
1.195857040978304427e-02,1.344000156677793711e-05,6.839976459741592407e-02,6.706720590591430664e-02,6.472220271825790405e-02,6.429088115692138672e-02,6.830243766307830811e-02,6.582687050104141235e-02,6.311248242855072021e-02,6.535222381353378296e-02,6.709379702806472778e-02,6.640040129423141479e-02,6.710948795080184937e-02,6.717222183942794800e-02,6.709775328636169434e-02,6.888718158006668091e-02,6.647504866123199463e-02
1.212274655565296309e-02,1.314942619501380250e-05,6.423320621252059937e-02,6.574988365173339844e-02,6.426243484020233154e-02,6.418585032224655151e-02,6.440618634223937988e-02,6.448392570018768311e-02,6.401119381189346313e-02,6.544565409421920776e-02,6.603273004293441772e-02,6.209487468004226685e-02,6.421113759279251099e-02,6.350315362215042114e-02,6.695158034563064575e-02,6.816837191581726074e-02,6.487820297479629517e-02
1.228692270152288366e-02,1.294530466111609712e-05,6.412518769502639771e-02,6.501249223947525024e-02,6.370387226343154907e-02,6.247499957680702209e-02,6.109705939888954163e-02,6.572364270687103271e-02,6.345731765031814575e-02,6.532479822635650635e-02,6.318251788616180420e-02,6.359772384166717529e-02,6.533587723970413208e-02,6.540008634328842163e-02,6.355180591344833374e-02,6.409975886344909668e-02,6.504061073064804077e-02
1.245109884739280422e-02,1.275494014407740906e-05,6.211589649319648743e-02,6.330908834934234619e-02,6.442473828792572021e-02,6.548900902271270752e-02,6.441544741392135620e-02,6.289184093475341797e-02,6.144662201404571533e-02,6.276609748601913452e-02,6.417538225650787354e-02,6.206510961055755615e-02,6.125255301594734192e-02,6.368210166692733765e-02,6.618957966566085815e-02,6.345518678426742554e-02,5.984646454453468323e-02
1.261527499326272304e-02,1.268053074454655871e-05,6.224342808127403259e-02,6.162896752357482910e-02,6.373841315507888794e-02,6.198242679238319397e-02,6.357869505882263184e-02,6.417770683765411377e-02,6.439545005559921265e-02,6.258746236562728882e-02,6.399611383676528931e-02,6.091646850109100342e-02,6.238117069005966187e-02,5.980987846851348877e-02,6.497549265623092651e-02,6.369827687740325928e-02,6.108732149004936218e-02
1.277945113913264187e-02,1.255480765394167975e-05,5.972469970583915710e-02,6.216896325349807739e-02,6.295321881771087646e-02,6.372034549713134766e-02,6.179314851760864258e-02,6.217575073242187500e-02,6.592547893524169922e-02,6.186629831790924072e-02,6.100584566593170166e-02,6.243357807397842407e-02,6.175344064831733704e-02,5.955265834927558899e-02,6.391660869121551514e-02,6.110333278775215149e-02,6.181765720248222351e-02
1.294362728500256070e-02,1.232529029948636889e-05,5.885125696659088135e-02,5.948637425899505615e-02,5.778274685144424438e-02,6.282965838909149170e-02,6.075609102845191956e-02,6.188379228115081787e-02,6.038018688559532166e-02,6.346922367811203003e-02,6.263818591833114624e-02,6.293123215436935425e-02,5.833660438656806946e-02,6.085728481411933899e-02,6.105525046586990356e-02,6.023979932069778442e-02,6.051040068268775940e-02
1.310780343087248126e-02,1.216676719195675105e-05,6.114839762449264526e-02,6.012875214219093323e-02,6.168458238244056702e-02,6.040840595960617065e-02,5.696436017751693726e-02,5.955469980835914612e-02,6.052843481302261353e-02,6.054079905152320862e-02,6.111526489257812500e-02,5.871127173304557800e-02,5.920524895191192627e-02,5.919114500284194946e-02,5.951855331659317017e-02,6.300024688243865967e-02,6.128145754337310791e-02
1.327197957674240182e-02,1.212903225678019226e-05,6.080952286720275879e-02,5.959917604923248291e-02,5.924105644226074219e-02,6.041077151894569397e-02,5.860057100653648376e-02,6.054931506514549255e-02,5.891655758023262024e-02,5.983638763427734375e-02,6.088702380657196045e-02,6.003697961568832397e-02,6.099783629179000854e-02,5.911659076809883118e-02,5.931715667247772217e-02,6.069044023752212524e-02,5.995667725801467896e-02
1.343615572261232065e-02,1.194286232930608094e-05,6.059599295258522034e-02,5.955338105559349060e-02,5.884543433785438538e-02,5.873810127377510071e-02,5.998386815190315247e-02,5.759326741099357605e-02,6.098955497145652771e-02,6.062760204076766968e-02,5.677116662263870239e-02,5.912978202104568481e-02,5.987579375505447388e-02,5.899490043520927429e-02,5.929119884967803955e-02,5.683318898081779480e-02,5.796737968921661377e-02
1.360033186848223948e-02,1.182364485430298373e-05,5.845942348241806030e-02,5.778667330741882324e-02,5.902549624443054199e-02,5.900297686457633972e-02,5.952719599008560181e-02,5.708098784089088440e-02,5.984469875693321228e-02,6.045438349246978760e-02,5.920702964067459106e-02,5.819948762655258179e-02,5.756692215800285339e-02,5.859576910734176636e-02,5.762248858809471130e-02,5.762476846575737000e-02,5.766783282160758972e-02
1.376450801435215830e-02,1.167667778645409271e-05,5.832214653491973877e-02,5.807700008153915405e-02,5.758942291140556335e-02,5.543922260403633118e-02,5.937632173299789429e-02,5.745733529329299927e-02,5.757807195186614990e-02,5.789718031883239746e-02,5.774175375699996948e-02,5.662957951426506042e-02,5.862804874777793884e-02,5.739478021860122681e-02,5.900075659155845642e-02,5.603086203336715698e-02,5.691969022154808044e-02
1.392868416022207886e-02,1.151977266999892890e-05,5.851702764630317688e-02,5.422176793217658997e-02,5.483520403504371643e-02,5.661806464195251465e-02,5.893587321043014526e-02,5.704044923186302185e-02,5.629508942365646362e-02,5.900410935282707214e-02,5.744804069399833679e-02,5.713569000363349915e-02,5.728137493133544922e-02,5.691242218017578125e-02,5.796927213668823242e-02,5.711293220520019531e-02,5.667716637253761292e-02
1.409286030609199943e-02,1.139701726060593501e-05,5.627804994583129883e-02,5.748156458139419556e-02,5.433681979775428772e-02,5.633079260587692261e-02,5.670639500021934509e-02,5.500427633523941040e-02,5.613296851515769958e-02,5.438287928700447083e-02,5.786989629268646240e-02,5.628670379519462585e-02,5.646451562643051147e-02,5.578210204839706421e-02,5.769691616296768188e-02,5.566938966512680054e-02,5.811740085482597351e-02
1.425703645196191825e-02,1.125766357290558517e-05,5.361569300293922424e-02,5.664097145199775696e-02,5.574110522866249084e-02,5.425893887877464294e-02,5.542133003473281860e-02,5.431807786226272583e-02,5.448107048869132996e-02,5.645178258419036865e-02,5.441696941852569580e-02,5.794936791062355042e-02,5.722447484731674194e-02,5.376552790403366089e-02,5.706076323986053467e-02,5.664956942200660706e-02,5.676263570785522461e-02
1.442121259783183708e-02,1.129915654018986970e-05,5.356204509735107422e-02,5.462203919887542725e-02,5.396167933940887451e-02,5.626496300101280212e-02,5.411237105727195740e-02,5.555327236652374268e-02,5.620170757174491882e-02,5.555589497089385986e-02,5.802982673048973083e-02,5.881202965974807739e-02,5.513381212949752808e-02,5.749911814928054810e-02,5.471977964043617249e-02,5.907238647341728210e-02,5.539786070585250854e-02
1.458538874370175591e-02,1.126604911405593157e-05,5.652371793985366821e-02,5.513731390237808228e-02,5.554617941379547119e-02,5.344729125499725342e-02,5.737655982375144958e-02,5.543643981218338013e-02,5.377333611249923706e-02,5.616096779704093933e-02,5.649966001510620117e-02,5.730812996625900269e-02,5.325755476951599121e-02,5.480543524026870728e-02,5.725941434502601624e-02,5.595208704471588135e-02,5.632116273045539856e-02
1.474956488957167647e-02,1.104465263779275119e-05,5.548117682337760925e-02,5.428634211421012878e-02,5.442312732338905334e-02,5.346139892935752869e-02,5.312867462635040283e-02,5.525086447596549988e-02,5.326543003320693970e-02,5.351102352142333984e-02,5.332929641008377075e-02,5.551130697131156921e-02,5.657025799155235291e-02,5.533211305737495422e-02,5.431987717747688293e-02,5.589397624135017395e-02,5.398623272776603699e-02
1.491374103544159703e-02,1.090697969630127773e-05,5.255766212940216064e-02,5.412896350026130676e-02,5.323572456836700439e-02,5.345606803894042969e-02,5.519498884677886963e-02,5.350629240274429321e-02,5.306797102093696594e-02,5.379452556371688843e-02,5.498771741986274719e-02,5.405074730515480042e-02,5.329389497637748718e-02,5.331449955701828003e-02,5.458231270313262939e-02,5.688260495662689209e-02,5.398649722337722778e-02
1.507791718131151586e-02,1.083531878975918517e-05,5.173644796013832092e-02,5.151746794581413269e-02,5.279641225934028625e-02,5.509139969944953918e-02,5.270235612988471985e-02,5.449099466204643250e-02,5.449480935931205750e-02,5.355587229132652283e-02,5.262416228652000427e-02,5.675282329320907593e-02,5.254216492176055908e-02,5.612655356526374817e-02,5.273667350411415100e-02,5.239346995949745178e-02,5.532170832157135010e-02
1.524209332718143468e-02,1.078968216461362317e-05,5.316059291362762451e-02,5.338916927576065063e-02,5.189655721187591553e-02,5.303254351019859314e-02,5.266184359788894653e-02,5.142625048756599426e-02,5.404397472739219666e-02,5.374459177255630493e-02,5.358079820871353149e-02,5.506222322583198547e-02,5.383722856640815735e-02,5.446020141243934631e-02,5.455724895000457764e-02,5.381107330322265625e-02,5.306047946214675903e-02
1.540626947305135351e-02,1.071308543032500893e-05,5.204619467258453369e-02,5.326231569051742554e-02,5.116254463791847229e-02,5.151553079485893250e-02,5.389536172151565552e-02,5.282994732260704041e-02,5.265975371003150940e-02,5.152265354990959167e-02,5.344419926404953003e-02,5.324469134211540222e-02,5.191256478428840637e-02,5.287545919418334961e-02,5.307754129171371460e-02,5.443248152732849121e-02,5.537581816315650940e-02
1.557044561892127407e-02,1.070512189471628517e-05,5.241526663303375244e-02,5.261756479740142822e-02,5.228526890277862549e-02,5.273006856441497803e-02,5.127766355872154236e-02,5.178179219365119934e-02,5.282305926084518433e-02,5.259000509977340698e-02,5.293981358408927917e-02,5.401447415351867676e-02,5.421778932213783264e-02,5.190708488225936890e-02,5.330137163400650024e-02,5.430427566170692444e-02,5.531998351216316223e-02
1.573462176479119290e-02,1.071910810424014926e-05,5.047511309385299683e-02,5.187609046697616577e-02,5.118662491440773010e-02,5.221851542592048645e-02,5.272033810615539551e-02,5.346501246094703674e-02,5.367603152990341187e-02,5.203395336866378784e-02,5.380142480134963989e-02,5.505556985735893250e-02,5.495832860469818115e-02,5.195284262299537659e-02,5.318015441298484802e-02,5.413586273789405823e-02,5.439520254731178284e-02
1.589879791066111520e-02,1.061413240677211434e-05,5.286656320095062256e-02,5.227041617035865784e-02,5.414850637316703796e-02,5.231608822941780090e-02,5.187512189149856567e-02,5.384009703993797302e-02,5.260011181235313416e-02,5.159358680248260498e-02,5.168774724006652832e-02,5.235886946320533752e-02,5.372287333011627197e-02,5.265571177005767822e-02,5.406828969717025757e-02,5.183865502476692200e-02,5.130469426512718201e-02
1.606297405653103055e-02,1.048921876645181328e-05,5.237346887588500977e-02,4.921204224228858948e-02,5.206998065114021301e-02,5.259490385651588440e-02,5.179465562105178833e-02,5.188830569386482239e-02,5.069163441658020020e-02,5.120711401104927063e-02,5.263765156269073486e-02,5.262615904211997986e-02,5.155189707875251770e-02,5.547048151493072510e-02,5.178199335932731628e-02,5.240663141012191772e-02,5.176403373479843140e-02
1.622715020240095285e-02,1.048804188030771911e-05,5.012859404087066650e-02,5.219852179288864136e-02,5.362249165773391724e-02,5.093004554510116577e-02,5.373458564281463623e-02,5.206944793462753296e-02,5.397914722561836243e-02,5.268784984946250916e-02,5.059421434998512268e-02,5.235915258526802063e-02,5.376723781228065491e-02,5.191329121589660645e-02,5.022197961807250977e-02,5.115087702870368958e-02,5.182978883385658264e-02
1.639132634827087168e-02,1.022688866214593872e-05,4.829976335167884827e-02,5.247185751795768738e-02,5.068820714950561523e-02,5.085021257400512695e-02,5.063676089048385620e-02,5.078014731407165527e-02,5.126912891864776611e-02,5.238369479775428772e-02,5.064825713634490967e-02,5.217855051159858704e-02,5.188328772783279419e-02,5.020357295870780945e-02,4.852313920855522156e-02,4.959193617105484009e-02,5.039886385202407837e-02
1.655550249414079050e-02,1.025158780976198614e-05,4.933874681591987610e-02,5.184667557477951050e-02,5.011371523141860962e-02,4.929820448160171509e-02,5.304889008402824402e-02,4.940771311521530151e-02,4.883167892694473267e-02,5.019111186265945435e-02,5.091249942779541016e-02,5.128834769129753113e-02,5.325859040021896362e-02,5.021265521645545959e-02,5.276985093951225281e-02,5.160523205995559692e-02,4.923501983284950256e-02
1.671967864001071280e-02,1.020712352328700945e-05,4.765586182475090027e-02,4.986272007226943970e-02,4.925011470913887024e-02,5.063385888934135437e-02,4.891572892665863037e-02,5.082954093813896179e-02,5.094401910901069641e-02,5.129469558596611023e-02,5.126481130719184875e-02,5.004969239234924316e-02,4.931642487645149231e-02,5.087129399180412292e-02,5.268478766083717346e-02,5.155800282955169678e-02,5.101946741342544556e-02
1.688385478588062816e-02,1.023673576128203422e-05,4.878710210323333740e-02,5.085485428571701050e-02,4.905554279685020447e-02,5.093241482973098755e-02,5.155618488788604736e-02,5.034874007105827332e-02,5.129162594676017761e-02,5.153014138340950012e-02,5.051906406879425049e-02,5.151864513754844666e-02,4.961813241243362427e-02,5.064476281404495239e-02,5.051520839333534241e-02,5.104384943842887878e-02,5.285544320940971375e-02
1.704803093175055045e-02,1.017282284010434523e-05,4.842509329319000244e-02,5.092088505625724792e-02,5.099234730005264282e-02,4.909943789243698120e-02,4.986405372619628906e-02,5.013085901737213135e-02,5.002514645457267761e-02,5.147057399153709412e-02,5.100599676370620728e-02,5.056634172797203064e-02,5.047803744673728943e-02,5.049873888492584229e-02,4.877726733684539795e-02,5.107959359884262085e-02,5.117238312959671021e-02
1.721220707762046928e-02,1.015568705042824149e-05,4.895516857504844666e-02,5.080545693635940552e-02,4.921120405197143555e-02,5.015209317207336426e-02,5.084240436553955078e-02,4.860580340027809143e-02,4.934709519147872925e-02,4.994551092386245728e-02,4.994237422943115234e-02,5.171277746558189392e-02,5.106046423316001892e-02,5.020846053957939148e-02,5.036097392439842224e-02,4.977842420339584351e-02,5.156932398676872253e-02
1.737638322349038811e-02,1.013541805150453001e-05,4.817680269479751587e-02,4.901799932122230530e-02,4.969348385930061340e-02,4.901203885674476624e-02,4.993045702576637268e-02,5.160529911518096924e-02,5.063753947615623474e-02,5.092683434486389160e-02,5.218943953514099121e-02,5.050124600529670715e-02,4.817733913660049438e-02,4.952047020196914673e-02,5.038562044501304626e-02,5.205864459276199341e-02,4.979928582906723022e-02
1.754055936936031040e-02,9.992390914703719318e-06,4.841694980859756470e-02,5.031418055295944214e-02,4.843447357416152954e-02,4.976850375533103943e-02,4.963994398713111877e-02,4.936248809099197388e-02,4.829179123044013977e-02,4.873245209455490112e-02,4.794194549322128296e-02,5.021578446030616760e-02,5.031291767954826355e-02,5.035741627216339111e-02,4.900722950696945190e-02,4.982803761959075928e-02,4.984603077173233032e-02
1.770473551523022576e-02,1.004089517664397135e-05,4.893475398421287537e-02,4.819912835955619812e-02,4.873167723417282104e-02,5.101772770285606384e-02,4.890679940581321716e-02,5.118013545870780945e-02,4.921460524201393127e-02,4.868777096271514893e-02,4.916512966156005859e-02,5.222613364458084106e-02,4.785260930657386780e-02,4.967115446925163269e-02,5.118927732110023499e-02,4.894757270812988281e-02,5.087517574429512024e-02
1.786891166110014806e-02,9.922368008119519800e-06,4.807414487004280090e-02,4.663599655032157898e-02,4.960973933339118958e-02,4.855289682745933533e-02,4.933759197592735291e-02,5.115620791912078857e-02,4.892332851886749268e-02,4.977583512663841248e-02,4.851610213518142700e-02,4.953578114509582520e-02,4.932287707924842834e-02,4.982188716530799866e-02,4.883910715579986572e-02,4.861191287636756897e-02,4.960452765226364136e-02
1.803308780697006689e-02,9.999869689636398107e-06,4.925832524895668030e-02,4.911374673247337341e-02,4.973610490560531616e-02,4.940422251820564270e-02,4.882347583770751953e-02,4.736854135990142822e-02,4.892002046108245850e-02,4.868791997432708740e-02,4.800136759877204895e-02,4.921210184693336487e-02,4.925763607025146484e-02,5.223899707198143005e-02,5.115826427936553955e-02,5.039297044277191162e-02,5.085289105772972107e-02
1.819726395283998571e-02,9.813468750508036464e-06,4.500556737184524536e-02,4.981565475463867188e-02,4.833221435546875000e-02,4.888416826725006104e-02,4.864174127578735352e-02,4.820835962891578674e-02,4.756116867065429688e-02,4.789645597338676453e-02,4.875617846846580505e-02,4.734882712364196777e-02,4.983622208237648010e-02,4.889260977506637573e-02,4.849017411470413208e-02,4.962535202503204346e-02,4.962561652064323425e-02
1.836144009870990801e-02,9.815157682169228792e-06,4.743101820349693298e-02,4.892423003911972046e-02,4.682125151157379150e-02,4.729723557829856873e-02,4.836697131395339966e-02,4.841019958257675171e-02,5.027386918663978577e-02,5.036025121808052063e-02,4.899670556187629700e-02,4.870952665805816650e-02,4.813272133469581604e-02,5.051598697900772095e-02,4.887521639466285706e-02,4.679797962307929993e-02,4.856947809457778931e-02
1.852561624457982337e-02,9.791261618374846876e-06,4.703211784362792969e-02,4.546669498085975647e-02,4.780051857233047485e-02,4.865461215376853943e-02,4.794806614518165588e-02,4.914139211177825928e-02,4.919368401169776917e-02,4.789510369300842285e-02,4.984487593173980713e-02,4.880138859152793884e-02,4.767748713493347168e-02,4.883151873946189880e-02,4.859889298677444458e-02,5.085761845111846924e-02,4.969345778226852417e-02
1.868979239044974566e-02,9.826731911743991077e-06,4.625823721289634705e-02,4.878456518054008484e-02,4.754217714071273804e-02,4.752606898546218872e-02,4.847683757543563843e-02,4.843811318278312683e-02,4.750293865799903870e-02,4.983211681246757507e-02,5.023051798343658447e-02,4.965940117835998535e-02,4.815977439284324646e-02,4.779162257909774780e-02,4.978806525468826294e-02,4.731824994087219238e-02,5.175196751952171326e-02
1.885396853631966796e-02,9.820179911912418902e-06,4.879092425107955933e-02,4.837445542216300964e-02,4.833012446761131287e-02,4.727765172719955444e-02,4.934370145201683044e-02,4.820752888917922974e-02,4.969127476215362549e-02,4.964398220181465149e-02,4.805665463209152222e-02,4.925387352705001831e-02,4.831434041261672974e-02,4.798712953925132751e-02,4.919325560331344604e-02,4.760523140430450439e-02,4.907827451825141907e-02
1.901814468218958332e-02,9.717423381516709924e-06,4.901208728551864624e-02,4.636793583631515503e-02,4.728304594755172729e-02,4.813189804553985596e-02,4.857185482978820801e-02,4.773814976215362549e-02,4.789656400680541992e-02,4.791645705699920654e-02,4.733822867274284363e-02,4.925434663891792297e-02,4.932471737265586853e-02,4.815802350640296936e-02,4.853392392396926880e-02,4.745799675583839417e-02,4.944226518273353577e-02
1.918232082805950561e-02,9.748235243023373187e-06,4.709045216441154480e-02,4.670106247067451477e-02,4.716948419809341431e-02,4.973704740405082703e-02,4.792670905590057373e-02,4.896995052695274353e-02,4.883366823196411133e-02,4.853758588433265686e-02,4.681595787405967712e-02,4.629829525947570801e-02,4.850023984909057617e-02,4.761079698801040649e-02,4.796406254172325134e-02,5.082400888204574585e-02,5.074913427233695984e-02
1.934649697392942097e-02,9.648157174524385482e-06,4.954920336604118347e-02,4.696174710988998413e-02,4.658785089850425720e-02,4.724173620343208313e-02,4.725367575883865356e-02,4.656047374010086060e-02,4.748619347810745239e-02,4.875148087739944458e-02,4.897734522819519043e-02,4.979069158434867859e-02,4.663289338350296021e-02,4.824964329600334167e-02,4.793233424425125122e-02,4.744651168584823608e-02,4.714504629373550415e-02
1.951067311979934327e-02,9.612738722353242338e-06,4.740920290350914001e-02,4.561724141240119934e-02,4.576511308550834656e-02,4.791064932942390442e-02,4.613360390067100525e-02,4.707394540309906006e-02,4.671867564320564270e-02,4.843330755829811096e-02,4.742297157645225525e-02,4.776227101683616638e-02,4.904502257704734802e-02,4.768347740173339844e-02,4.942539706826210022e-02,4.838677495718002319e-02,4.743279516696929932e-02
1.967484926566926556e-02,9.627670806366950274e-06,4.745943844318389893e-02,4.685347899794578552e-02,4.865149408578872681e-02,4.779303073883056641e-02,4.846943169832229614e-02,4.628678038716316223e-02,4.667843505740165710e-02,4.835512116551399231e-02,4.779874533414840698e-02,4.750558733940124512e-02,4.764651507139205933e-02,4.790480062365531921e-02,4.835046082735061646e-02,4.726123809814453125e-02,4.710917547345161438e-02
1.983902541153918092e-02,9.577862329024355859e-06,4.594067111611366272e-02,4.595194384455680847e-02,4.644279554486274719e-02,4.778902605175971985e-02,4.768642410635948181e-02,4.696166887879371643e-02,4.799789562821388245e-02,4.901298135519027710e-02,4.572403058409690857e-02,4.803248494863510132e-02,4.840990528464317322e-02,4.720241203904151917e-02,4.896830022335052490e-02,4.703355208039283752e-02,4.836068674921989441e-02
2.000320155740910322e-02,9.611377208784688264e-06,4.781168326735496521e-02,4.628912732005119324e-02,4.630859568715095520e-02,4.614764451980590820e-02,4.769045859575271606e-02,4.709630087018013000e-02,4.948932304978370667e-02,4.714188724756240845e-02,4.562507569789886475e-02,4.784710705280303955e-02,4.807534813880920410e-02,4.711958020925521851e-02,4.915006458759307861e-02,4.867411777377128601e-02,4.892304539680480957e-02
2.016737770327901857e-02,9.579945071891415864e-06,4.670347273349761963e-02,4.575127735733985901e-02,4.692463576793670654e-02,4.624990373849868774e-02,4.548763856291770935e-02,4.898097366094589233e-02,4.777970910072326660e-02,4.812833294272422791e-02,4.731424525380134583e-02,4.715366289019584656e-02,4.734287410974502563e-02,4.922161623835563660e-02,4.754380136728286743e-02,4.762964695692062378e-02,4.840477555990219116e-02
2.033155384914894087e-02,9.617767318559344858e-06,4.742531478404998779e-02,4.567366465926170349e-02,4.648225754499435425e-02,4.725489765405654907e-02,4.698939621448516846e-02,4.817203804850578308e-02,4.793373122811317444e-02,4.659414291381835938e-02,4.913674667477607727e-02,4.894908145070075989e-02,4.666647687554359436e-02,4.637748748064041138e-02,4.691714793443679810e-02,5.058077350258827209e-02,4.860060662031173706e-02
2.049572999501885970e-02,9.511054486210923642e-06,4.507350176572799683e-02,4.758546873927116394e-02,4.617600888013839722e-02,4.658522829413414001e-02,4.721625521779060364e-02,4.689262062311172485e-02,4.726362973451614380e-02,4.694209247827529907e-02,4.791113734245300293e-02,4.665611311793327332e-02,4.596417024731636047e-02,4.726009815931320190e-02,4.720612987875938416e-02,4.884788393974304199e-02,4.847871512174606323e-02
2.065990614088877853e-02,9.566439075570087880e-06,4.715063050389289856e-02,4.808472841978073120e-02,4.772748053073883057e-02,4.588380828499794006e-02,4.615382477641105652e-02,4.848888143897056580e-02,4.690492898225784302e-02,4.689327999949455261e-02,4.669410362839698792e-02,4.638135433197021484e-02,4.834279790520668030e-02,4.816658422350883484e-02,4.774485155940055847e-02,4.832799732685089111e-02,4.836351796984672546e-02
2.082408228675870082e-02,9.552695701131597161e-06,4.736166074872016907e-02,4.662732407450675964e-02,4.765627905726432800e-02,4.753971844911575317e-02,4.672391340136528015e-02,4.574303701519966125e-02,4.803584888577461243e-02,4.774027317762374878e-02,4.747646301984786987e-02,4.587440937757492065e-02,4.748255386948585510e-02,4.746637120842933655e-02,4.843047261238098145e-02,4.717904701828956604e-02,4.734912887215614319e-02
2.098825843262861618e-02,9.464883987675420940e-06,4.772423207759857178e-02,4.696569964289665222e-02,4.543719813227653503e-02,4.786675423383712769e-02,4.632127285003662109e-02,4.686508327722549438e-02,4.650690406560897827e-02,4.579321667551994324e-02,4.532340914011001587e-02,4.610699042677879333e-02,4.779786244034767151e-02,4.780986532568931580e-02,4.631106555461883545e-02,4.837308079004287720e-02,4.758141562342643738e-02
2.115243457849853848e-02,9.464240065426565707e-06,4.656021669507026672e-02,4.702391847968101501e-02,4.626353830099105835e-02,4.633068665862083435e-02,4.616180434823036194e-02,4.537739232182502747e-02,4.634028673171997070e-02,4.654220119118690491e-02,4.737501218914985657e-02,4.567242413759231567e-02,4.737591743469238281e-02,4.817898571491241455e-02,4.716157168149948120e-02,4.700974375009536743e-02,4.723970219492912292e-02
2.131661072436845730e-02,9.512642463960219175e-06,4.708554595708847046e-02,4.615367949008941650e-02,4.598780348896980286e-02,4.787772148847579956e-02,4.461622983217239380e-02,4.780816286802291870e-02,4.630029201507568359e-02,4.699047282338142395e-02,4.817607253789901733e-02,4.700134694576263428e-02,5.013320595026016235e-02,4.910910502076148987e-02,4.640801995992660522e-02,4.699759557843208313e-02,4.598326236009597778e-02
2.148078687023837613e-02,9.391172170580830425e-06,4.684030264616012573e-02,4.655055701732635498e-02,4.525480046868324280e-02,4.554207250475883484e-02,4.554023966193199158e-02,4.692457616329193115e-02,4.625554755330085754e-02,4.587199911475181580e-02,4.835712537169456482e-02,4.645222425460815430e-02,4.718899354338645935e-02,4.739254713058471680e-02,4.662443697452545166e-02,4.618104547262191772e-02,4.650817438960075378e-02
2.164496301610829843e-02,9.471366865909658372e-06,4.562058299779891968e-02,4.787338152527809143e-02,4.678308218717575073e-02,4.456112161278724670e-02,4.803293198347091675e-02,4.520691558718681335e-02,4.661155492067337036e-02,4.654358327388763428e-02,4.684491455554962158e-02,4.640521109104156494e-02,4.728836938738822937e-02,4.795842245221138000e-02,4.856206849217414856e-02,4.605992138385772705e-02,4.864629730582237244e-02
2.180913916197821378e-02,9.409619451616890728e-06,4.693536460399627686e-02,4.608519002795219421e-02,4.566709324717521667e-02,4.643813893198966980e-02,4.603670164942741394e-02,4.753568023443222046e-02,4.604078456759452820e-02,4.651501774787902832e-02,4.686687514185905457e-02,4.629046097397804260e-02,4.788263514637947083e-02,4.489843919873237610e-02,4.836078733205795288e-02,4.680660739541053772e-02,4.684728756546974182e-02
2.197331530784813608e-02,9.390505510964430869e-06,4.627663642168045044e-02,4.503004252910614014e-02,4.554713144898414612e-02,4.670552536845207214e-02,4.550438746809959412e-02,4.586173221468925476e-02,4.852623865008354187e-02,4.672588035464286804e-02,4.704802483320236206e-02,4.766919836401939392e-02,4.504783824086189270e-02,4.569738730788230896e-02,4.622835665941238403e-02,4.789297655224800110e-02,4.688595607876777649e-02
2.213749145371805491e-02,9.422975381312426180e-06,4.681276157498359680e-02,4.583846032619476318e-02,4.662806168198585510e-02,4.678262025117874146e-02,4.638060927391052246e-02,4.607046395540237427e-02,4.600405693054199219e-02,4.636926203966140747e-02,4.676932469010353088e-02,4.666499793529510498e-02,4.730612784624099731e-02,4.641086235642433167e-02,4.784119129180908203e-02,4.629741236567497253e-02,4.708782583475112915e-02
2.230166759958797373e-02,9.384992154082283378e-06,4.452230036258697510e-02,4.633520543575286865e-02,4.767768830060958862e-02,4.460354149341583252e-02,4.711611196398735046e-02,4.586431011557579041e-02,4.560724273324012756e-02,4.458652436733245850e-02,4.704188928008079529e-02,4.829446971416473389e-02,4.497494548559188843e-02,4.804496094584465027e-02,4.815495014190673828e-02,4.637910053133964539e-02,4.786887764930725098e-02
2.246584374545789603e-02,9.389975275553297251e-06,4.620848596096038818e-02,4.537369310855865479e-02,4.450175911188125610e-02,4.670243337750434875e-02,4.668577387928962708e-02,4.641692340373992920e-02,4.538190364837646484e-02,4.717399179935455322e-02,4.746194183826446533e-02,4.577725380659103394e-02,4.679799079895019531e-02,4.639927670359611511e-02,4.592269286513328552e-02,4.732460901141166687e-02,4.664047434926033020e-02
2.263001989132781139e-02,9.444226634514052421e-06,4.772587865591049194e-02,4.569802805781364441e-02,4.612004011869430542e-02,4.664457216858863831e-02,4.564554616808891296e-02,4.646510630846023560e-02,4.585778713226318359e-02,4.837299510836601257e-02,4.552197828888893127e-02,4.729386791586875916e-02,4.638921841979026794e-02,4.802069813013076782e-02,4.609963297843933105e-02,4.751205444335937500e-02,4.847711324691772461e-02
2.279419603719773368e-02,9.419826710654888302e-06,4.573718458414077759e-02,4.631667584180831909e-02,4.566570371389389038e-02,4.635418578982353210e-02,4.766552150249481201e-02,4.750087112188339233e-02,4.546923562884330750e-02,4.642454534769058228e-02,4.597778990864753723e-02,4.676879569888114929e-02,4.638753086328506470e-02,4.711220413446426392e-02,4.852356016635894775e-02,4.634596034884452820e-02,4.692897200584411621e-02
2.295837218306765251e-02,9.407892321178223938e-06,4.609109833836555481e-02,4.585876315832138062e-02,4.632090404629707336e-02,4.443514719605445862e-02,4.610334336757659912e-02,4.597288742661476135e-02,4.697785899043083191e-02,4.664143919944763184e-02,4.728535190224647522e-02,4.707273095846176147e-02,4.667373001575469971e-02,4.728117212653160095e-02,4.799084737896919250e-02,4.667912796139717102e-02,4.609150066971778870e-02
2.312254832893757134e-02,9.382849384564906359e-06,4.572957381606101990e-02,4.611805826425552368e-02,4.507610946893692017e-02,4.625649750232696533e-02,4.627893120050430298e-02,4.565117135643959045e-02,4.647329077124595642e-02,4.760399088263511658e-02,4.595832899212837219e-02,4.663487151265144348e-02,4.664425924420356750e-02,4.795646667480468750e-02,4.729134216904640198e-02,4.715256765484809875e-02,4.735809192061424255e-02
2.328672447480749363e-02,9.376486559631302953e-06,4.526394233107566833e-02,4.467046260833740234e-02,4.644090309739112854e-02,4.658085107803344727e-02,4.583269730210304260e-02,4.697885364294052124e-02,4.669407382607460022e-02,4.567324370145797729e-02,4.550428688526153564e-02,4.771047085523605347e-02,4.584104195237159729e-02,4.669162258505821228e-02,4.636124521493911743e-02,4.705270007252693176e-02,4.714742675423622131e-02
2.345090062067740899e-02,9.348592357127927244e-06,4.576640576124191284e-02,4.510747641324996948e-02,4.672810435295104980e-02,4.523464664816856384e-02,4.675361514091491699e-02,4.571188241243362427e-02,4.646811634302139282e-02,4.528340697288513184e-02,4.673038423061370850e-02,4.570378363132476807e-02,4.603382200002670288e-02,4.622635617852210999e-02,4.721679165959358215e-02,4.599221423268318176e-02,4.705681651830673218e-02
2.361507676654733129e-02,9.353334462502971292e-06,4.407884180545806885e-02,4.473914206027984619e-02,4.603788629174232483e-02,4.640237241983413696e-02,4.560312256217002869e-02,4.570849239826202393e-02,4.626380652189254761e-02,4.763985052704811096e-02,4.578116908669471741e-02,4.600326716899871826e-02,4.574427753686904907e-02,4.713672026991844177e-02,4.717919602990150452e-02,4.788655787706375122e-02,4.680595919489860535e-02
2.377925291241725012e-02,9.391746061737649143e-06,4.717882722616195679e-02,4.519394785165786743e-02,4.534567147493362427e-02,4.648846015334129333e-02,4.597754403948783875e-02,4.655051231384277344e-02,4.643034934997558594e-02,4.665929451584815979e-02,4.674073681235313416e-02,4.700284078717231750e-02,4.601061716675758362e-02,4.574555531144142151e-02,4.677074775099754333e-02,4.730676859617233276e-02,4.724964126944541931e-02
2.394342905828716894e-02,9.344351383333560079e-06,4.625735431909561157e-02,4.636026173830032349e-02,4.672318696975708008e-02,4.536559805274009705e-02,4.500025510787963867e-02,4.594875127077102661e-02,4.574329033493995667e-02,4.543733224272727966e-02,4.571337625384330750e-02,4.660198092460632324e-02,4.816337674856185913e-02,4.662240296602249146e-02,4.605803638696670532e-02,4.512405022978782654e-02,4.702463746070861816e-02
2.410760520415709124e-02,9.305854291596915573e-06,4.446656629443168640e-02,4.563757404685020447e-02,4.645989462733268738e-02,4.587827622890472412e-02,4.437724500894546509e-02,4.492285475134849548e-02,4.529089853167533875e-02,4.529764130711555481e-02,4.598437249660491943e-02,4.549758881330490112e-02,4.769968986511230469e-02,4.628272354602813721e-02,4.746732860803604126e-02,4.740774631500244141e-02,4.772424697875976562e-02
2.427178135002700660e-02,9.286283784604165703e-06,4.500629380345344543e-02,4.769397154450416565e-02,4.428822919726371765e-02,4.427324235439300537e-02,4.488285258412361145e-02,4.604914784431457520e-02,4.573573544621467590e-02,4.484470188617706299e-02,4.475840181112289429e-02,4.617495462298393250e-02,4.620184749364852905e-02,4.751562699675559998e-02,4.706048965454101562e-02,4.670841991901397705e-02,4.720997437834739685e-02
2.443595749589692889e-02,9.341219993075355887e-06,4.601083695888519287e-02,4.548227041959762573e-02,4.720763489603996277e-02,4.522420465946197510e-02,4.568339511752128601e-02,4.725972563028335571e-02,4.584870114922523499e-02,4.715673625469207764e-02,4.633183404803276062e-02,4.649540036916732788e-02,4.696006700396537781e-02,4.538782685995101929e-02,4.672695323824882507e-02,4.715800285339355469e-02,4.614053294062614441e-02
2.460013364176684772e-02,9.361458069179207087e-06,4.675569385290145874e-02,4.497222602367401123e-02,4.866671934723854065e-02,4.600188136100769043e-02,4.523444175720214844e-02,4.606429859995841980e-02,4.749899357557296753e-02,4.563351720571517944e-02,4.351050406694412231e-02,4.548066481947898865e-02,4.693224281072616577e-02,4.618838429450988770e-02,4.764727130532264709e-02,4.680285975337028503e-02,4.729097709059715271e-02
2.476430978763676655e-02,9.313195732829626650e-06,4.545955732464790344e-02,4.439734295010566711e-02,4.477305337786674500e-02,4.463872686028480530e-02,4.587226733565330505e-02,4.669423773884773254e-02,4.679032042622566223e-02,4.756502434611320496e-02,4.640460759401321411e-02,4.593638330698013306e-02,4.660592228174209595e-02,4.626863449811935425e-02,4.522582516074180603e-02,4.706611856818199158e-02,4.718061909079551697e-02
2.492848593350668884e-02,9.364931429445277900e-06,4.440065473318099976e-02,4.661219567060470581e-02,4.708917811512947083e-02,4.559407383203506470e-02,4.587795957922935486e-02,4.677584022283554077e-02,4.544474557042121887e-02,4.572879523038864136e-02,4.652301594614982605e-02,4.672708734869956970e-02,4.593797028064727783e-02,4.687638208270072937e-02,4.774245992302894592e-02,4.644317924976348877e-02,4.722929000854492188e-02
2.509266207937660420e-02,9.219864296028390527e-06,4.543460533022880554e-02,4.614869877696037292e-02,4.468661919236183167e-02,4.571693390607833862e-02,4.420737177133560181e-02,4.413335397839546204e-02,4.528621956706047058e-02,4.619275778532028198e-02,4.558988288044929504e-02,4.658569023013114929e-02,4.609724134206771851e-02,4.550346732139587402e-02,4.686964675784111023e-02,4.573237150907516479e-02,4.577583447098731995e-02
2.525683822524652650e-02,9.298561053583398461e-06,4.544430226087570190e-02,4.423985257744789124e-02,4.567710310220718384e-02,4.651101306080818176e-02,4.540570452809333801e-02,4.603368788957595825e-02,4.531547799706459045e-02,4.580329358577728271e-02,4.778811335563659668e-02,4.621033743023872375e-02,4.689347743988037109e-02,4.558189958333969116e-02,4.702615737915039062e-02,4.581252112984657288e-02,4.641826450824737549e-02
2.542101437111644532e-02,9.300267265643924475e-06,4.421129077672958374e-02,4.549210891127586365e-02,4.516119882464408875e-02,4.594371840357780457e-02,4.593931138515472412e-02,4.602608829736709595e-02,4.587478935718536377e-02,4.703094437718391418e-02,4.490433633327484131e-02,4.480111971497535706e-02,4.641896113753318787e-02,4.749266430735588074e-02,4.754126816987991333e-02,4.649944975972175598e-02,4.658322408795356750e-02
2.558519051698636415e-02,9.326857252744957805e-06,4.455879330635070801e-02,4.469174519181251526e-02,4.550249874591827393e-02,4.604064300656318665e-02,4.585533961653709412e-02,4.666528105735778809e-02,4.761266708374023438e-02,4.610953480005264282e-02,4.465534910559654236e-02,4.583540558815002441e-02,4.666144028306007385e-02,4.740710183978080750e-02,4.618117213249206543e-02,4.692851379513740540e-02,4.633526876568794250e-02
2.574936666285628645e-02,9.292378308600746095e-06,4.590116813778877258e-02,4.657927528023719788e-02,4.592979326844215393e-02,4.528087005019187927e-02,4.599439725279808044e-02,4.677709192037582397e-02,4.554906859993934631e-02,4.467051103711128235e-02,4.545902460813522339e-02,4.625604674220085144e-02,4.599195718765258789e-02,4.593574255704879761e-02,4.542340710759162903e-02,4.718804731965065002e-02,4.708343371748924255e-02
2.591354280872620180e-02,9.264706932299304754e-06,4.531216621398925781e-02,4.677402228116989136e-02,4.558690264821052551e-02,4.528545215725898743e-02,4.553251340985298157e-02,4.551426321268081665e-02,4.544471204280853271e-02,4.582022130489349365e-02,4.559738934040069580e-02,4.667723923921585083e-02,4.549771547317504883e-02,4.543350636959075928e-02,4.671303182840347290e-02,4.715386778116226196e-02,4.604627192020416260e-02
2.607771895459612410e-02,9.332627996627707034e-06,4.530512541532516479e-02,4.635064303874969482e-02,4.634693637490272522e-02,4.665106534957885742e-02,4.469916597008705139e-02,4.555411264300346375e-02,4.495541751384735107e-02,4.620719328522682190e-02,4.727126285433769226e-02,4.703868553042411804e-02,4.685930907726287842e-02,4.604068025946617126e-02,4.564904794096946716e-02,4.708853736519813538e-02,4.762439057230949402e-02
2.624189510046604293e-02,9.281062375521287322e-06,4.597254469990730286e-02,4.665256664156913757e-02,4.354317486286163330e-02,4.583506658673286438e-02,4.531731456518173218e-02,4.524337500333786011e-02,4.725488647818565369e-02,4.659307003021240234e-02,4.647921770811080933e-02,4.488557577133178711e-02,4.728360846638679504e-02,4.644401744008064270e-02,4.560593515634536743e-02,4.533119499683380127e-02,4.701054841279983521e-02
2.640607124633596176e-02,9.345773833047132939e-06,4.587791860103607178e-02,4.576534777879714966e-02,4.493999108672142029e-02,4.646337032318115234e-02,4.656921327114105225e-02,4.543065652251243591e-02,4.843451455235481262e-02,4.550345242023468018e-02,4.615862295031547546e-02,4.598776623606681824e-02,4.818015918135643005e-02,4.646358639001846313e-02,4.542339220643043518e-02,4.729576408863067627e-02,4.614035412669181824e-02
2.657024739220588405e-02,9.193521691486239433e-06,4.727656021714210510e-02,4.414292052388191223e-02,4.359189793467521667e-02,4.551589861512184143e-02,4.415428638458251953e-02,4.550934582948684692e-02,4.561947286128997803e-02,4.452021420001983643e-02,4.486447200179100037e-02,4.525531083345413208e-02,4.684726521372795105e-02,4.656408727169036865e-02,4.658280313014984131e-02,4.709494486451148987e-02,4.582573845982551575e-02
2.673442353807579941e-02,9.262758794648107141e-06,4.363328218460083008e-02,4.521062597632408142e-02,4.602172225713729858e-02,4.596176370978355408e-02,4.503898695111274719e-02,4.528371989727020264e-02,4.595170170068740845e-02,4.564437642693519592e-02,4.598288610577583313e-02,4.574111849069595337e-02,4.727097973227500916e-02,4.643473774194717407e-02,4.677977412939071655e-02,4.541393741965293884e-02,4.548682272434234619e-02
2.689859968394572171e-02,9.220449101121630520e-06,4.489640519022941589e-02,4.536258429288864136e-02,4.449649155139923096e-02,4.419763386249542236e-02,4.710039868950843811e-02,4.476185888051986694e-02,4.576281085610389709e-02,4.518514126539230347e-02,4.665301367640495300e-02,4.704906791448593140e-02,4.647847637534141541e-02,4.424349591135978699e-02,4.558280110359191895e-02,4.736692085862159729e-02,4.613517224788665771e-02
2.706277582981563706e-02,9.243505701306276023e-06,4.583651944994926453e-02,4.561040922999382019e-02,4.520206898450851440e-02,4.593750834465026855e-02,4.550863429903984070e-02,4.504256695508956909e-02,4.614518955349922180e-02,4.568566009402275085e-02,4.565473273396492004e-02,4.610628262162208557e-02,4.614761844277381897e-02,4.565862938761711121e-02,4.562527313828468323e-02,4.478783532977104187e-02,4.694292694330215454e-02
2.722695197568555936e-02,9.322307050751987845e-06,4.566820338368415833e-02,4.460730031132698059e-02,4.541478306055068970e-02,4.679194465279579163e-02,4.586346819996833801e-02,4.576402157545089722e-02,4.614244028925895691e-02,4.589762538671493530e-02,4.585709422826766968e-02,4.713936150074005127e-02,4.730372503399848938e-02,4.618865251541137695e-02,4.708753898739814758e-02,4.631106927990913391e-02,4.637761041522026062e-02
2.739112812155548166e-02,9.221076652465853840e-06,4.385186359286308289e-02,4.570842906832695007e-02,4.477203637361526489e-02,4.536431282758712769e-02,4.716481268405914307e-02,4.627018794417381287e-02,4.345449060201644897e-02,4.473683983087539673e-02,4.642457515001296997e-02,4.549212008714675903e-02,4.658389836549758911e-02,4.509447515010833740e-02,4.490432143211364746e-02,4.682793468236923218e-02,4.661094024777412415e-02
2.755530426742539701e-02,9.291225069318898022e-06,4.576706141233444214e-02,4.528099671006202698e-02,4.616618901491165161e-02,4.576542228460311890e-02,4.608890414237976074e-02,4.627979546785354614e-02,4.628081247210502625e-02,4.763929545879364014e-02,4.472757503390312195e-02,4.586245492100715637e-02,4.617471247911453247e-02,4.604928940534591675e-02,4.528597742319107056e-02,4.613545164465904236e-02,4.717947170138359070e-02
2.771948041329531931e-02,9.233639502781443298e-06,4.533177986741065979e-02,4.563234746456146240e-02,4.542259126901626587e-02,4.446832090616226196e-02,4.547980800271034241e-02,4.599291086196899414e-02,4.658887535333633423e-02,4.690526053309440613e-02,4.648786783218383789e-02,4.502578824758529663e-02,4.498035088181495667e-02,4.606364294886589050e-02,4.613878205418586731e-02,4.616991057991981506e-02,4.574896767735481262e-02
2.788365655916523467e-02,9.253163625544402748e-06,4.443695023655891418e-02,4.441175237298011780e-02,4.553604871034622192e-02,4.480431973934173584e-02,4.624919593334197998e-02,4.585759714245796204e-02,4.546882212162017822e-02,4.594270512461662292e-02,4.531072825193405151e-02,4.574782773852348328e-02,4.652722552418708801e-02,4.721656814217567444e-02,4.639249667525291443e-02,4.653324931859970093e-02,4.637530818581581116e-02
2.804783270503515696e-02,9.288465662393718958e-06,4.342203214764595032e-02,4.602205380797386169e-02,4.548408091068267822e-02,4.526775330305099487e-02,4.607939720153808594e-02,4.610683768987655640e-02,4.548151046037673950e-02,4.655529186129570007e-02,4.638996347784996033e-02,4.615273699164390564e-02,4.670362174510955811e-02,4.550292715430259705e-02,4.652841016650199890e-02,4.686001315712928772e-02,4.635308310389518738e-02
2.821200885090507926e-02,9.278707693738397211e-06,4.592797905206680298e-02,4.392787814140319824e-02,4.518965259194374084e-02,4.703397303819656372e-02,4.589536041021347046e-02,4.618563503026962280e-02,4.773031175136566162e-02,4.648537933826446533e-02,4.526320844888687134e-02,4.428286105394363403e-02,4.694736376404762268e-02,4.596560075879096985e-02,4.557614773511886597e-02,4.522474482655525208e-02,4.701389744877815247e-02
2.837618499677499462e-02,9.258073987439274788e-06,4.560226574540138245e-02,4.467536881566047668e-02,4.543489217758178711e-02,4.439030960202217102e-02,4.577026888728141785e-02,4.581731185317039490e-02,4.630801454186439514e-02,4.591143131256103516e-02,4.421646147966384888e-02,4.616272822022438049e-02,4.680114611983299255e-02,4.648844525218009949e-02,4.787106439471244812e-02,4.648771509528160095e-02,4.577489197254180908e-02
2.854036114264491691e-02,9.296812095271889120e-06,4.486447572708129883e-02,4.486397281289100647e-02,4.440602287650108337e-02,4.695595055818557739e-02,4.574623331427574158e-02,4.628014191985130310e-02,4.495855048298835754e-02,4.558301344513893127e-02,4.654691740870475769e-02,4.585342481732368469e-02,4.596511647105216980e-02,4.686041548848152161e-02,4.677926748991012573e-02,4.727316647768020630e-02,4.727416113018989563e-02
2.870453728851483227e-02,9.214353667630348355e-06,4.626634344458580017e-02,4.274050891399383545e-02,4.547889903187751770e-02,4.528540000319480896e-02,4.561107605695724487e-02,4.633514210581779480e-02,4.526593163609504700e-02,4.560904577374458313e-02,4.568738490343093872e-02,4.643594846129417419e-02,4.667458310723304749e-02,4.457100108265876770e-02,4.605751484632492065e-02,4.594843834638595581e-02,4.489011690020561218e-02
2.886871343438475457e-02,9.319507626059930772e-06,4.552203789353370667e-02,4.573576897382736206e-02,4.548409581184387207e-02,4.617292433977127075e-02,4.606479406356811523e-02,4.666215926408767700e-02,4.562889412045478821e-02,4.658495262265205383e-02,4.569901898503303528e-02,4.664811491966247559e-02,4.592145234346389771e-02,4.690408706665039062e-02,4.523598402738571167e-02,4.566135257482528687e-02,4.707381501793861389e-02
2.903288958025467686e-02,9.247349225915968418e-06,4.419533163309097290e-02,4.595819488167762756e-02,4.484184458851814270e-02,4.426045343279838562e-02,4.505836963653564453e-02,4.622878506779670715e-02,4.623795300722122192e-02,4.567220062017440796e-02,4.560564458370208740e-02,4.664902389049530029e-02,4.517797380685806274e-02,4.614435881376266479e-02,4.617121070623397827e-02,4.737090691924095154e-02,4.630051925778388977e-02
2.919706572612459222e-02,9.342977136839181185e-06,4.577336832880973816e-02,4.477555677294731140e-02,4.620580747723579407e-02,4.611099883913993835e-02,4.548328742384910583e-02,4.759154841303825378e-02,4.597456008195877075e-02,4.683589935302734375e-02,4.531870782375335693e-02,4.703810065984725952e-02,4.635623842477798462e-02,4.646022617816925049e-02,4.582170769572257996e-02,4.661975428462028503e-02,4.699210450053215027e-02
2.936124187199451452e-02,9.272763236367609352e-06,4.407544061541557312e-02,4.614824056625366211e-02,4.606312885880470276e-02,4.536423832178115845e-02,4.559548944234848022e-02,4.537961632013320923e-02,4.790531098842620850e-02,4.560711234807968140e-02,4.566264897584915161e-02,4.576751589775085449e-02,4.566227644681930542e-02,4.684976115822792053e-02,4.524418339133262634e-02,4.693305864930152893e-02,4.570396244525909424e-02
2.952541801786442988e-02,9.291521564591675997e-06,4.563318565487861633e-02,4.331151023507118225e-02,4.489006102085113525e-02,4.597330465912818909e-02,4.456808790564537048e-02,4.609897732734680176e-02,4.632374644279479980e-02,4.490299150347709656e-02,4.734134301543235779e-02,4.621306806802749634e-02,4.607992619276046753e-02,4.793296009302139282e-02,4.678063094615936279e-02,4.667456448078155518e-02,4.612327739596366882e-02
2.968959416373435217e-02,9.259651051252149045e-06,4.532208666205406189e-02,4.499436914920806885e-02,4.398526251316070557e-02,4.449942708015441895e-02,4.612215235829353333e-02,4.628240689635276794e-02,4.540186747908592224e-02,4.573442414402961731e-02,4.565867781639099121e-02,4.501646012067794800e-02,4.607775807380676270e-02,4.710055887699127197e-02,4.816700890660285950e-02,4.708396643400192261e-02,4.613850265741348267e-02
2.985377030960427447e-02,9.275183401769027114e-06,4.505499452352523804e-02,4.474171623587608337e-02,4.601833224296569824e-02,4.467388615012168884e-02,4.560157656669616699e-02,4.578889161348342896e-02,4.520742222666740417e-02,4.717657715082168579e-02,4.606027901172637939e-02,4.702906683087348938e-02,4.624117165803909302e-02,4.578652977943420410e-02,4.610781744122505188e-02,4.643370956182479858e-02,4.566402733325958252e-02
3.001794645547418983e-02,9.259033504349645227e-06,4.483072832226753235e-02,4.549006000161170959e-02,4.469171538949012756e-02,4.590565338730812073e-02,4.494545981287956238e-02,4.504740610718727112e-02,4.597319662570953369e-02,4.532678797841072083e-02,4.493978992104530334e-02,4.581373184919357300e-02,4.617843031883239746e-02,4.667510837316513062e-02,4.562580958008766174e-02,4.789958149194717407e-02,4.727747291326522827e-02
3.018212260134411212e-02,9.302737453253939748e-06,4.491930827498435974e-02,4.544853791594505310e-02,4.571239650249481201e-02,4.538945108652114868e-02,4.430941864848136902e-02,4.605232924222946167e-02,4.687695950269699097e-02,4.587381705641746521e-02,4.479894414544105530e-02,4.510149732232093811e-02,4.661833122372627258e-02,4.691342636942863464e-02,4.642418399453163147e-02,4.748141393065452576e-02,4.778821766376495361e-02
3.034629874721402748e-02,9.220942956744693220e-06,4.472839087247848511e-02,4.402229562401771545e-02,4.617451876401901245e-02,4.625597223639488220e-02,4.578202590346336365e-02,4.468659311532974243e-02,4.477840662002563477e-02,4.608095437288284302e-02,4.617923125624656677e-02,4.598633199930191040e-02,4.582244902849197388e-02,4.611653462052345276e-02,4.744045808911323547e-02,4.474426060914993286e-02,4.626724123954772949e-02
3.051047489308394978e-02,9.359057003166526556e-06,4.612176120281219482e-02,4.755977168679237366e-02,4.611206427216529846e-02,4.536800831556320190e-02,4.539880529046058655e-02,4.577868804335594177e-02,4.709966480731964111e-02,4.613696038722991943e-02,4.522363469004631042e-02,4.760210588574409485e-02,4.625991359353065491e-02,4.619214683771133423e-02,4.669327661395072937e-02,4.601261392235755920e-02,4.716154560446739197e-02
3.067465103895387207e-02,9.314093404100276530e-06,4.631657153367996216e-02,4.646266996860504150e-02,4.526478052139282227e-02,4.489430040121078491e-02,4.527350142598152161e-02,4.579225555062294006e-02,4.575539007782936096e-02,4.571307078003883362e-02,4.599010571837425232e-02,4.723596945405006409e-02,4.721207171678543091e-02,4.708740487694740295e-02,4.635284096002578735e-02,4.634831845760345459e-02,4.649910703301429749e-02
3.083882718482378743e-02,9.226146175933536142e-06,4.512053355574607849e-02,4.373699426651000977e-02,4.522280767560005188e-02,4.532168805599212646e-02,4.515929892659187317e-02,4.470349848270416260e-02,4.507586732506752014e-02,4.569141566753387451e-02,4.627421870827674866e-02,4.594308510422706604e-02,4.763141274452209473e-02,4.630122333765029907e-02,4.635991901159286499e-02,4.657040908932685852e-02,4.523702338337898254e-02
3.100300333069370973e-02,9.325584869657177478e-06,4.465995356440544128e-02,4.509898647665977478e-02,4.602923989295959473e-02,4.602570459246635437e-02,4.648081585764884949e-02,4.622165486216545105e-02,4.666712880134582520e-02,4.592088609933853149e-02,4.642786830663681030e-02,4.610255360603332520e-02,4.562952369451522827e-02,4.685983434319496155e-02,4.515473544597625732e-02,4.720881208777427673e-02,4.832581058144569397e-02
3.116717947656362508e-02,9.315705938206519932e-06,4.578549042344093323e-02,4.479493200778961182e-02,4.541713371872901917e-02,4.523456841707229614e-02,4.666608944535255432e-02,4.627643898129463196e-02,4.704558849334716797e-02,4.602482914924621582e-02,4.549869894981384277e-02,4.609629884362220764e-02,4.643668234348297119e-02,4.628346860408782959e-02,4.654150083661079407e-02,4.731716960668563843e-02,4.652989283204078674e-02
3.133135562243354738e-02,9.287518878409173340e-06,4.493344202637672424e-02,4.526584222912788391e-02,4.462276399135589600e-02,4.607503861188888550e-02,4.711787030100822449e-02,4.616900905966758728e-02,4.545660316944122314e-02,4.504988715052604675e-02,4.642033949494361877e-02,4.515928775072097778e-02,4.667192697525024414e-02,4.571321979165077209e-02,4.811894893646240234e-02,4.566609859466552734e-02,4.656419157981872559e-02
3.149553176830346968e-02,9.363927347294520587e-06,4.553721100091934204e-02,4.499323293566703796e-02,4.554743692278862000e-02,4.607825353741645813e-02,4.647902399301528931e-02,4.560098424553871155e-02,4.650088027119636536e-02,4.684333875775337219e-02,4.663126543164253235e-02,4.671290889382362366e-02,4.668634384870529175e-02,4.580304399132728577e-02,4.756189510226249695e-02,4.542605578899383545e-02,4.734823852777481079e-02
3.165970791417338503e-02,9.326005056209396571e-06,4.514619708061218262e-02,4.579346626996994019e-02,4.482101649045944214e-02,4.497082158923149109e-02,4.532623663544654846e-02,4.502484574913978577e-02,4.613504186272621155e-02,4.586922377347946167e-02,4.676010087132453918e-02,4.685952141880989075e-02,4.667092487215995789e-02,4.755088314414024353e-02,4.589880257844924927e-02,4.713968187570571899e-02,4.678391665220260620e-02
3.182388406004330039e-02,9.333452908322215080e-06,4.602576419711112976e-02,4.449852555990219116e-02,4.486244916915893555e-02,4.566380381584167480e-02,4.578213766217231750e-02,4.606577381491661072e-02,4.644621163606643677e-02,4.545454680919647217e-02,4.693052545189857483e-02,4.635756090283393860e-02,4.648785293102264404e-02,4.680685326457023621e-02,4.703148081898689270e-02,4.648573324084281921e-02,4.740570858120918274e-02
3.198806020591322269e-02,9.308539119956549257e-06,4.606730118393898010e-02,4.669420421123504639e-02,4.460119456052780151e-02,4.481530189514160156e-02,4.678610339760780334e-02,4.554643854498863220e-02,4.370654746890068054e-02,4.704636335372924805e-02,4.622212797403335571e-02,4.569771885871887207e-02,4.784293845295906067e-02,4.640347138047218323e-02,4.595803096890449524e-02,4.745243117213249207e-02,4.622254520654678345e-02
3.215223635178314499e-02,9.370982297696173191e-06,4.593624919652938843e-02,4.498005285859107971e-02,4.491337761282920837e-02,4.640461504459381104e-02,4.508823528885841370e-02,4.618064686655998230e-02,4.656485468149185181e-02,4.702788591384887695e-02,4.718594625592231750e-02,4.666399583220481873e-02,4.663688689470291138e-02,4.705972969532012939e-02,4.742649570107460022e-02,4.729068651795387268e-02,4.667802527546882629e-02
3.231641249765306034e-02,9.396345376444514841e-06,4.480089992284774780e-02,4.576443508267402649e-02,4.654126614332199097e-02,4.648576304316520691e-02,4.641525074839591980e-02,4.584991186857223511e-02,4.680054262280464172e-02,4.707055911421775818e-02,4.655322805047035217e-02,4.642939940094947815e-02,4.671218991279602051e-02,4.701053351163864136e-02,4.858833178877830505e-02,4.536075517535209656e-02,4.685308784246444702e-02
3.248058864352298264e-02,9.311624125984963030e-06,4.494231194257736206e-02,4.575188085436820984e-02,4.454814270138740540e-02,4.549171775579452515e-02,4.683331027626991272e-02,4.635132849216461182e-02,4.574575647711753845e-02,4.594455659389495850e-02,4.621063545346260071e-02,4.634200781583786011e-02,4.668040201067924500e-02,4.619383811950683594e-02,4.622924700379371643e-02,4.709436744451522827e-02,4.736647382378578186e-02
3.264476478939290494e-02,9.380242772749625146e-06,4.567996785044670105e-02,4.555153101682662964e-02,4.752977564930915833e-02,4.587840288877487183e-02,4.380050674080848694e-02,4.666968435049057007e-02,4.678095504641532898e-02,4.658126831054687500e-02,4.745016247034072876e-02,4.617633670568466187e-02,4.650295525789260864e-02,4.761074110865592957e-02,4.609698429703712463e-02,4.680819436907768250e-02,4.779304191470146179e-02
3.280894093526282029e-02,9.291573405789677054e-06,4.597090184688568115e-02,4.598937183618545532e-02,4.535816237330436707e-02,4.617883265018463135e-02,4.683332517743110657e-02,4.374761134386062622e-02,4.573178291320800781e-02,4.554639756679534912e-02,4.595423117280006409e-02,4.686865955591201782e-02,4.662103578448295593e-02,4.546603187918663025e-02,4.579354450106620789e-02,4.732985422015190125e-02,4.644899070262908936e-02
3.297311708113273565e-02,9.377730748383328319e-06,4.616230726242065430e-02,4.624712839722633362e-02,4.592676833271980286e-02,4.530817642807960510e-02,4.691083356738090515e-02,4.638024047017097473e-02,4.581126570701599121e-02,4.530060663819313049e-02,4.593819007277488708e-02,4.739248007535934448e-02,4.674973711371421814e-02,4.645255208015441895e-02,4.693261533975601196e-02,4.718807712197303772e-02,4.773801192641258240e-02
3.313729322700266489e-02,9.309760571341030300e-06,4.575522989034652710e-02,4.632841423153877258e-02,4.459544643759727478e-02,4.588490724563598633e-02,4.495626315474510193e-02,4.605933278799057007e-02,4.751264303922653198e-02,4.668368771672248840e-02,4.423061385750770569e-02,4.714056476950645447e-02,4.758737236261367798e-02,4.578433558344841003e-02,4.613780230283737183e-02,4.628766328096389771e-02,4.559546709060668945e-02
3.330146937287258024e-02,9.373197826789692044e-06,4.624120146036148071e-02,4.692215844988822937e-02,4.552249610424041748e-02,4.567751660943031311e-02,4.569444805383682251e-02,4.591225087642669678e-02,4.629929736256599426e-02,4.634046182036399841e-02,4.651318490505218506e-02,4.709122702479362488e-02,4.662501811981201172e-02,4.600520431995391846e-02,4.665530472993850708e-02,4.763454943895339966e-02,4.714250937104225159e-02
3.346564551874249560e-02,9.342163139081094414e-06,4.519891366362571716e-02,4.514769464731216431e-02,4.578236863017082214e-02,4.662826284766197205e-02,4.626255482435226440e-02,4.574639350175857544e-02,4.495023563504219055e-02,4.710378870368003845e-02,4.654751718044281006e-02,4.649671912193298340e-02,4.731938615441322327e-02,4.661945998668670654e-02,4.720313847064971924e-02,4.628654196858406067e-02,4.732664674520492554e-02
3.362982166461241790e-02,9.378546565130818635e-06,4.421808570623397827e-02,4.509980976581573486e-02,4.564367234706878662e-02,4.617005959153175354e-02,4.614159837365150452e-02,4.610773548483848572e-02,4.702967777848243713e-02,4.573041200637817383e-02,4.678531736135482788e-02,4.672257974743843079e-02,4.722886532545089722e-02,4.692531004548072815e-02,4.635738208889961243e-02,4.704164713621139526e-02,4.858530312776565552e-02
3.379399781048234019e-02,9.378963113704230636e-06,4.609318077564239502e-02,4.461855441331863403e-02,4.642932862043380737e-02,4.578655958175659180e-02,4.606757685542106628e-02,4.670557379722595215e-02,4.726578667759895325e-02,4.722986370325088501e-02,4.564455896615982056e-02,4.606124013662338257e-02,4.594300687313079834e-02,4.729446023702621460e-02,4.632410779595375061e-02,4.708933830261230469e-02,4.804021120071411133e-02
3.395817395635225555e-02,9.381152267451398075e-06,4.576976969838142395e-02,4.512818157672882080e-02,4.568628221750259399e-02,4.670435935258865356e-02,4.704848676919937134e-02,4.532143473625183105e-02,4.678523540496826172e-02,4.736498370766639709e-02,4.719685018062591553e-02,4.675614088773727417e-02,4.633872583508491516e-02,4.582267254590988159e-02,4.659391939640045166e-02,4.647874832153320312e-02,4.674772918224334717e-02
3.412235010222217091e-02,9.401690476806834340e-06,4.606722295284271240e-02,4.550861194729804993e-02,4.475329071283340454e-02,4.560632631182670593e-02,4.614011570811271667e-02,4.645147174596786499e-02,4.743930324912071228e-02,4.653394967317581177e-02,4.917515814304351807e-02,4.565621539950370789e-02,4.544532299041748047e-02,4.708949103951454163e-02,4.774445295333862305e-02,4.596968740224838257e-02,4.731474071741104126e-02
3.428652624809210014e-02,9.390781997353769839e-06,4.484378919005393982e-02,4.578554257750511169e-02,4.616156220436096191e-02,4.615946486592292786e-02,4.789247736334800720e-02,4.644260928034782410e-02,4.678164422512054443e-02,4.539409279823303223e-02,4.687764123082160950e-02,4.683769494295120239e-02,4.653344303369522095e-02,4.567220807075500488e-02,4.599785432219505310e-02,4.857845231890678406e-02,4.669468849897384644e-02
3.445070239396201550e-02,9.370661246066447347e-06,4.596710950136184692e-02,4.538571089506149292e-02,4.677598178386688232e-02,4.494995996356010437e-02,4.577687382698059082e-02,4.636825248599052429e-02,4.742881283164024353e-02,4.668402671813964844e-02,4.727263003587722778e-02,4.725408554077148438e-02,4.561432078480720520e-02,4.691663011908531189e-02,4.622616618871688843e-02,4.730070009827613831e-02,4.634560272097587585e-02
3.461487853983193086e-02,9.392968422616831958e-06,4.680369049310684204e-02,4.654693976044654846e-02,4.620029404759407043e-02,4.599839076399803162e-02,4.572461545467376709e-02,4.678541421890258789e-02,4.634312540292739868e-02,4.603648185729980469e-02,4.620946198701858521e-02,4.704869911074638367e-02,4.740903154015541077e-02,4.636520519852638245e-02,4.605374112725257874e-02,4.686080664396286011e-02,4.686202108860015869e-02
3.477905468570185316e-02,9.359248906548600644e-06,4.613721743226051331e-02,4.597083851695060730e-02,4.649596288800239563e-02,4.556797072291374207e-02,4.547755047678947449e-02,4.560641199350357056e-02,4.655020311474800110e-02,4.733563959598541260e-02,4.596406593918800354e-02,4.584383219480514526e-02,4.637277498841285706e-02,4.639894142746925354e-02,4.743529483675956726e-02,4.685159772634506226e-02,4.667624831199645996e-02
3.494323083157177545e-02,9.408086953044403344e-06,4.728616029024124146e-02,4.647116363048553467e-02,4.458818212151527405e-02,4.623015224933624268e-02,4.588929936289787292e-02,4.676419496536254883e-02,4.568555951118469238e-02,4.572594910860061646e-02,4.667906463146209717e-02,4.771746695041656494e-02,4.731763526797294617e-02,4.655216634273529053e-02,4.726823791861534119e-02,4.639769718050956726e-02,4.644099995493888855e-02
3.510740697744169081e-02,9.399758710060268641e-06,4.610759019851684570e-02,4.553719982504844666e-02,4.620140790939331055e-02,4.565605893731117249e-02,4.715746641159057617e-02,4.706785082817077637e-02,4.572498425841331482e-02,4.677625000476837158e-02,4.530611634254455566e-02,4.664297029376029968e-02,4.707068949937820435e-02,4.739626124501228333e-02,4.734193161129951477e-02,4.714892804622650146e-02,4.712943360209465027e-02
3.527158312331161311e-02,9.426470569451339543e-06,4.653871059417724609e-02,4.694960266351699829e-02,4.634108394384384155e-02,4.633736610412597656e-02,4.667274281382560730e-02,4.569320753216743469e-02,4.563082382082939148e-02,4.586843401193618774e-02,4.551860690116882324e-02,4.687371477484703064e-02,4.735222086310386658e-02,4.760401323437690735e-02,4.815997555851936340e-02,4.738777503371238708e-02,4.779214039444923401e-02
3.543575926918153540e-02,9.430756108486093581e-06,4.518983140587806702e-02,4.667846485972404480e-02,4.643571749329566956e-02,4.646337777376174927e-02,4.641330242156982422e-02,4.635730013251304626e-02,4.605824872851371765e-02,4.690332710742950439e-02,4.614824801683425903e-02,4.753553122282028198e-02,4.636757448315620422e-02,4.740001261234283447e-02,4.689518734812736511e-02,4.761078581213951111e-02,4.787306860089302063e-02
3.559993541505145076e-02,9.385059456690214574e-06,4.687660932540893555e-02,4.519607126712799072e-02,4.558128863573074341e-02,4.640808328986167908e-02,4.633318260312080383e-02,4.610531032085418701e-02,4.729007557034492493e-02,4.577418789267539978e-02,4.620159417390823364e-02,4.622410237789154053e-02,4.537800326943397522e-02,4.679561406373977661e-02,4.784099385142326355e-02,4.788610711693763733e-02,4.747962951660156250e-02
3.576411156092136612e-02,9.469011274632066488e-06,4.601863026618957520e-02,4.666101187467575073e-02,4.698659479618072510e-02,4.640497267246246338e-02,4.718963429331779480e-02,4.659144580364227295e-02,4.577828943729400635e-02,4.738534986972808838e-02,4.791345074772834778e-02,4.716498032212257385e-02,4.602748155593872070e-02,4.728587344288825989e-02,4.660675302147865295e-02,4.757509008049964905e-02,4.663932323455810547e-02
3.592828770679129535e-02,9.376101843372453004e-06,4.503630101680755615e-02,4.566780105233192444e-02,4.632690548896789551e-02,4.604875668883323669e-02,4.703044146299362183e-02,4.552749916911125183e-02,4.625651612877845764e-02,4.658240452408790588e-02,4.709723591804504395e-02,4.607616737484931946e-02,4.620859771966934204e-02,4.722072184085845947e-02,4.682281613349914551e-02,4.735061898827552795e-02,4.564544931054115295e-02
3.609246385266121071e-02,9.429729288967791945e-06,4.596723616123199463e-02,4.575658962130546570e-02,4.539803043007850647e-02,4.645891487598419189e-02,4.633498191833496094e-02,4.674427956342697144e-02,4.642032831907272339e-02,4.709633439779281616e-02,4.614411294460296631e-02,4.704423621296882629e-02,4.762363806366920471e-02,4.632477462291717529e-02,4.675315320491790771e-02,4.756242409348487854e-02,4.832788184285163879e-02
3.625663999853112607e-02,9.345847502117976546e-06,4.676478728652000427e-02,4.603944718837738037e-02,4.543963447213172913e-02,4.509421437978744507e-02,4.644406959414482117e-02,4.703639075160026550e-02,4.699958488345146179e-02,4.635081440210342407e-02,4.526348412036895752e-02,4.652081429958343506e-02,4.581809788942337036e-02,4.658122360706329346e-02,4.660153016448020935e-02,4.690461233258247375e-02,4.680965468287467957e-02
3.642081614440104836e-02,9.458954082219861448e-06,4.668301343917846680e-02,4.566863179206848145e-02,4.716547578573226929e-02,4.625939205288887024e-02,4.580246284604072571e-02,4.683360084891319275e-02,4.711683467030525208e-02,4.636168479919433594e-02,4.686079919338226318e-02,4.757367819547653198e-02,4.646415635943412781e-02,4.610314220190048218e-02,4.753387719392776489e-02,4.776865988969802856e-02,4.769080132246017456e-02
3.658499229027097066e-02,9.456776751903817058e-06,4.674371331930160522e-02,4.603800550103187561e-02,4.584014788269996643e-02,4.623934626579284668e-02,4.665296897292137146e-02,4.609191417694091797e-02,4.639405757188796997e-02,4.628955945372581482e-02,4.708705097436904907e-02,4.769120365381240845e-02,4.725885763764381409e-02,4.776794835925102234e-02,4.749940708279609680e-02,4.722667858004570007e-02,4.734412953257560730e-02
3.674916843614088602e-02,9.400380804436281323e-06,4.538686946034431458e-02,4.612064734101295471e-02,4.676338657736778259e-02,4.617577791213989258e-02,4.609887674450874329e-02,4.604131355881690979e-02,4.624732211232185364e-02,4.567179456353187561e-02,4.807147383689880371e-02,4.632696881890296936e-02,4.647327587008476257e-02,4.806656390428543091e-02,4.630852490663528442e-02,4.741644486784934998e-02,4.681973904371261597e-02
3.691334458201080831e-02,9.423684787179809064e-06,4.488030448555946350e-02,4.623538628220558167e-02,4.579076915979385376e-02,4.643566906452178955e-02,4.632372409105300903e-02,4.633969813585281372e-02,4.666418209671974182e-02,4.767207801342010498e-02,4.764024540781974792e-02,4.599203914403915405e-02,4.606724157929420471e-02,4.785538464784622192e-02,4.647818580269813538e-02,4.687124118208885193e-02,4.824314266443252563e-02
3.707752072788073061e-02,9.437824701308272779e-06,4.603568837046623230e-02,4.582474753260612488e-02,4.744806885719299316e-02,4.683084413409233093e-02,4.708551242947578430e-02,4.685335233807563782e-02,4.610994085669517517e-02,4.607233032584190369e-02,4.684191197156906128e-02,4.757403209805488586e-02,4.624507576227188110e-02,4.584187269210815430e-02,4.652894288301467896e-02,4.770885035395622253e-02,4.768039286136627197e-02
3.724169687375064597e-02,9.439136192668229342e-06,4.643367603421211243e-02,4.597599431872367859e-02,4.626620188355445862e-02,4.681867733597755432e-02,4.631300270557403564e-02,4.623664543032646179e-02,4.612046852707862854e-02,4.649626836180686951e-02,4.639964178204536438e-02,4.535089433193206787e-02,4.685498401522636414e-02,4.925487190485000610e-02,4.734972491860389709e-02,4.707625880837440491e-02,4.758805781602859497e-02
3.740587301962056133e-02,9.374266483064275235e-06,4.629881307482719421e-02,4.530194401741027832e-02,4.715702682733535767e-02,4.572809860110282898e-02,4.447522014379501343e-02,4.635765030980110168e-02,4.658531397581100464e-02,4.689420759677886963e-02,4.658882319927215576e-02,4.616537690162658691e-02,4.596872627735137939e-02,4.774171486496925354e-02,4.616957902908325195e-02,4.815438017249107361e-02,4.716536030173301697e-02
3.757004916549048362e-02,9.437520020583178848e-06,4.618250206112861633e-02,4.754171893000602722e-02,4.562054947018623352e-02,4.623303562402725220e-02,4.720009118318557739e-02,4.609156772494316101e-02,4.567780345678329468e-02,4.767611250281333923e-02,4.646039754152297974e-02,4.626361653208732605e-02,4.598498716950416565e-02,4.727062210440635681e-02,4.669994860887527466e-02,4.735755920410156250e-02,4.701545462012290955e-02
3.773422531136040592e-02,9.497882274445146322e-06,4.663584753870964050e-02,4.700143262743949890e-02,4.696242511272430420e-02,4.747467115521430969e-02,4.774798080325126648e-02,4.642491042613983154e-02,4.694686084985733032e-02,4.676956310868263245e-02,4.681353271007537842e-02,4.724844545125961304e-02,4.759310930967330933e-02,4.809000715613365173e-02,4.710687696933746338e-02,4.738550633192062378e-02,4.652009159326553345e-02
3.789840145723032128e-02,9.442620466870721430e-06,4.624151811003684998e-02,4.716989770531654358e-02,4.694798961281776428e-02,4.683398827910423279e-02,4.673098027706146240e-02,4.645257070660591125e-02,4.632392898201942444e-02,4.716680571436882019e-02,4.636513814330101013e-02,4.657008126378059387e-02,4.657492414116859436e-02,4.676441103219985962e-02,4.658479988574981689e-02,4.736375808715820312e-02,4.845515638589859009e-02
3.806257760310024357e-02,9.478182619204744697e-06,4.608973488211631775e-02,4.733508080244064331e-02,4.737176373600959778e-02,4.684920981526374817e-02,4.650584980845451355e-02,4.625083878636360168e-02,4.675492644309997559e-02,4.857446625828742981e-02,4.640000686049461365e-02,4.765702784061431885e-02,4.768552258610725403e-02,4.580429568886756897e-02,4.765682294964790344e-02,4.669409245252609253e-02,4.734408482909202576e-02
3.822675374897016587e-02,9.466978553973603994e-06,4.627842083573341370e-02,4.648756608366966248e-02,4.681878909468650818e-02,4.714251309633255005e-02,4.666651412844657898e-02,4.543669149279594421e-02,4.697794094681739807e-02,4.709477350115776062e-02,4.652675986289978027e-02,4.695656150579452515e-02,4.742655903100967407e-02,4.678725451231002808e-02,4.733157902956008911e-02,4.769857227802276611e-02,4.784804210066795349e-02
3.839092989484008123e-02,9.388529178977478296e-06,4.691524058580398560e-02,4.497936367988586426e-02,4.655457288026809692e-02,4.530559107661247253e-02,4.450859874486923218e-02,4.645822197198867798e-02,4.631018638610839844e-02,4.655590653419494629e-02,4.663600772619247437e-02,4.711937904357910156e-02,4.693553224205970764e-02,4.662080481648445129e-02,4.737629368901252747e-02,4.725848883390426636e-02,4.734190180897712708e-02
3.855510604070999658e-02,9.487202987656928599e-06,4.590606689453125000e-02,4.747872799634933472e-02,4.724468663334846497e-02,4.676905274391174316e-02,4.772521927952766418e-02,4.684887826442718506e-02,4.682416468858718872e-02,4.629625752568244934e-02,4.793694987893104553e-02,4.689567163586616516e-02,4.763095453381538391e-02,4.568505287170410156e-02,4.758730158209800720e-02,4.647101089358329773e-02,4.709443822503089905e-02
3.871928218657992582e-02,9.493767720414325595e-06,4.662085324525833130e-02,4.710151627659797668e-02,4.693335294723510742e-02,4.577724263072013855e-02,4.689660668373107910e-02,4.720852524042129517e-02,4.693647846579551697e-02,4.764345660805702209e-02,4.780875146389007568e-02,4.724217951297760010e-02,4.663904756307601929e-02,4.603520035743713379e-02,4.726719856262207031e-02,4.842175170779228210e-02,4.703456535935401917e-02
3.888345833244984118e-02,9.517703801975585520e-06,4.599359631538391113e-02,4.762704670429229736e-02,4.556595534086227417e-02,4.702953994274139404e-02,4.589112848043441772e-02,4.722310602664947510e-02,4.742277041077613831e-02,4.749481752514839172e-02,4.694197699427604675e-02,4.720632731914520264e-02,4.833897948265075684e-02,4.771972447633743286e-02,4.812051355838775635e-02,4.696855321526527405e-02,4.732304811477661133e-02
3.904763447831975653e-02,9.514704288449138403e-06,4.706964641809463501e-02,4.658234864473342896e-02,4.629591479897499084e-02,4.534501582384109497e-02,4.610630124807357788e-02,4.688157141208648682e-02,4.790788516402244568e-02,4.800206422805786133e-02,4.720822349190711975e-02,4.789159446954727173e-02,4.686674103140830994e-02,4.636438935995101929e-02,4.853448644280433655e-02,4.803386703133583069e-02,4.830522835254669189e-02
3.921181062418967883e-02,9.505078196525573730e-06,4.623533040285110474e-02,4.651963338255882263e-02,4.547513276338577271e-02,4.789788275957107544e-02,4.611006379127502441e-02,4.755190387368202209e-02,4.859997704625129700e-02,4.676416143774986267e-02,4.622448235750198364e-02,4.736394807696342468e-02,4.617666080594062805e-02,4.761052131652832031e-02,4.739762470126152039e-02,4.780109599232673645e-02,4.737069830298423767e-02
3.937598677005960113e-02,9.449287972529418766e-06,4.533843323588371277e-02,4.668509960174560547e-02,4.637379571795463562e-02,4.691961407661437988e-02,4.667485505342483521e-02,4.593555256724357605e-02,4.708679765462875366e-02,4.719237238168716431e-02,4.654922708868980408e-02,4.706206545233726501e-02,4.634462296962738037e-02,4.809840396046638489e-02,4.690660908818244934e-02,4.873877018690109253e-02,4.545893892645835876e-02
3.954016291592951649e-02,9.413861334905959666e-06,4.531383514404296875e-02,4.631639644503593445e-02,4.624269902706146240e-02,4.732834547758102417e-02,4.630381986498832703e-02,4.581950977444648743e-02,4.727113991975784302e-02,4.592022672295570374e-02,4.832826554775238037e-02,4.643801599740982056e-02,4.693182557821273804e-02,4.760263860225677490e-02,4.636612161993980408e-02,4.607271403074264526e-02,4.677955061197280884e-02
3.970433906179943878e-02,9.485036571277305484e-06,4.706499725580215454e-02,4.730821773409843445e-02,4.522483795881271362e-02,4.631918296217918396e-02,4.630669951438903809e-02,4.585372656583786011e-02,4.612895473837852478e-02,4.825501516461372375e-02,4.713957756757736206e-02,4.732691124081611633e-02,4.805652052164077759e-02,4.810210317373275757e-02,4.736723005771636963e-02,4.775180295109748840e-02,4.680614918470382690e-02
3.986851520766936108e-02,9.420832611795049161e-06,4.526387155055999756e-02,4.703802987933158875e-02,4.663877189159393311e-02,4.627595096826553345e-02,4.659085348248481750e-02,4.664801806211471558e-02,4.672084003686904907e-02,4.571644961833953857e-02,4.587708413600921631e-02,4.761826992034912109e-02,4.751848801970481873e-02,4.717226326465606689e-02,4.660910367965698242e-02,4.678853601217269897e-02,4.764200374484062195e-02
4.003269135353927644e-02,9.377863534609787166e-06,4.695090278983116150e-02,4.593113809823989868e-02,4.550423100590705872e-02,4.554641991853713989e-02,4.593224823474884033e-02,4.545860737562179565e-02,4.525846242904663086e-02,4.634842649102210999e-02,4.729408398270606995e-02,4.770335182547569275e-02,4.595366120338439941e-02,4.807880893349647522e-02,4.670916125178337097e-02,4.643268883228302002e-02,4.696507006883621216e-02
4.019686749940919179e-02,9.403323929291218519e-06,4.624692723155021667e-02,4.511296376585960388e-02,4.581895843148231506e-02,4.450063407421112061e-02,4.668685793876647949e-02,4.625861719250679016e-02,4.677573963999748230e-02,4.606902599334716797e-02,4.735328257083892822e-02,4.703935980796813965e-02,4.630233347415924072e-02,4.735945537686347961e-02,4.664224013686180115e-02,4.655312001705169678e-02,4.838695004582405090e-02
4.036104364527912103e-02,9.470010809309314936e-06,4.598633199930191040e-02,4.670542478561401367e-02,4.669015482068061829e-02,4.735245555639266968e-02,4.624799638986587524e-02,4.670548439025878906e-02,4.631659388542175293e-02,4.728918895125389099e-02,4.738229140639305115e-02,4.680957645177841187e-02,4.690659791231155396e-02,4.758543893694877625e-02,4.813612625002861023e-02,4.754731804132461548e-02,4.686891287565231323e-02
4.052521979114903639e-02,9.351237167720682919e-06,4.599813371896743774e-02,4.611799865961074829e-02,4.582601785659790039e-02,4.639221355319023132e-02,4.684804379940032959e-02,4.538213834166526794e-02,4.513015598058700562e-02,4.761509597301483154e-02,4.525189474225044250e-02,4.513590410351753235e-02,4.650697112083435059e-02,4.716620594263076782e-02,4.690717160701751709e-02,4.739866405725479126e-02,4.685715213418006897e-02
4.068939593701895174e-02,9.449491699342615902e-06,4.726219549775123596e-02,4.546194523572921753e-02,4.588242992758750916e-02,4.738879948854446411e-02,4.638381302356719971e-02,4.699844121932983398e-02,4.605919867753982544e-02,4.609680175781250000e-02,4.677058756351470947e-02,4.636252298951148987e-02,4.739375039935112000e-02,4.715790599584579468e-02,4.725502431392669678e-02,4.611602053046226501e-02,4.779098555445671082e-02
4.085357208288887404e-02,9.452183803659863770e-06,4.658457636833190918e-02,4.638098552823066711e-02,4.690676555037498474e-02,4.698917642235755920e-02,4.663497954607009888e-02,4.561542347073554993e-02,4.684816673398017883e-02,4.662088304758071899e-02,4.627625644207000732e-02,4.698332026600837708e-02,4.676524549722671509e-02,4.617553949356079102e-02,4.786460846662521362e-02,4.639522731304168701e-02,4.758997634053230286e-02
4.101774822875879634e-02,9.436104846827220172e-06,4.573747143149375916e-02,4.623884707689285278e-02,4.664341732859611511e-02,4.688202962279319763e-02,4.669760167598724365e-02,4.652086272835731506e-02,4.711370170116424561e-02,4.714344441890716553e-02,4.712171107530593872e-02,4.745681956410408020e-02,4.687129706144332886e-02,4.609219357371330261e-02,4.616446420550346375e-02,4.674287140369415283e-02,4.723121970891952515e-02
4.118192437462871169e-02,9.420479727850761265e-06,4.518791288137435913e-02,4.505904763936996460e-02,4.669154435396194458e-02,4.693777859210968018e-02,4.718883708119392395e-02,4.690446332097053528e-02,4.704093560576438904e-02,4.772724211215972900e-02,4.787200689315795898e-02,4.636628180742263794e-02,4.644063860177993774e-02,4.632205888628959656e-02,4.766491428017616272e-02,4.700102284550666809e-02,4.639425873756408691e-02
4.134610052049863399e-02,9.472178135183639824e-06,4.680293053388595581e-02,4.647405818104743958e-02,4.678740724921226501e-02,4.530368000268936157e-02,4.699936509132385254e-02,4.656594246625900269e-02,4.609371721744537354e-02,4.623518511652946472e-02,4.824797436594963074e-02,4.740875959396362305e-02,4.732007905840873718e-02,4.695229232311248779e-02,4.808592051267623901e-02,4.656707495450973511e-02,4.673186317086219788e-02
4.151027666636855629e-02,9.454783139517530799e-06,4.493438825011253357e-02,4.616415500640869141e-02,4.643607884645462036e-02,4.716255515813827515e-02,4.688925296068191528e-02,4.724150896072387695e-02,4.757135361433029175e-02,4.672481864690780640e-02,4.591721296310424805e-02,4.734565317630767822e-02,4.656944423913955688e-02,4.716162756085395813e-02,4.726001247763633728e-02,4.791591688990592957e-02,4.608219116926193237e-02
4.167445281223847164e-02,9.550050890538841486e-06,4.743015766143798828e-02,4.766497015953063965e-02,4.642273113131523132e-02,4.670115187764167786e-02,4.795775562524795532e-02,4.814853891730308533e-02,4.596848413348197937e-02,4.698479920625686646e-02,4.824913293123245239e-02,4.674878343939781189e-02,4.856541007757186890e-02,4.756147414445877075e-02,4.635640606284141541e-02,4.679477214813232422e-02,4.821889102458953857e-02
4.183862895810838700e-02,9.469255928706843406e-06,4.598796367645263672e-02,4.636788368225097656e-02,4.770483076572418213e-02,4.725115373730659485e-02,4.728857800364494324e-02,4.687511920928955078e-02,4.620760306715965271e-02,4.566546902060508728e-02,4.691910743713378906e-02,4.668838903307914734e-02,4.734171554446220398e-02,4.760829359292984009e-02,4.753241688013076782e-02,4.772502928972244263e-02,4.572051763534545898e-02
4.200280510397831624e-02,9.514644261798821390e-06,4.617184028029441833e-02,4.663981497287750244e-02,4.682818800210952759e-02,4.712462797760963440e-02,4.641617089509963989e-02,4.743757098913192749e-02,4.755306243896484375e-02,4.698271304368972778e-02,4.718225449323654175e-02,4.649107903242111206e-02,4.793100431561470032e-02,4.695097357034683228e-02,4.683214053511619568e-02,4.845947027206420898e-02,4.824715852737426758e-02
4.216698124984823159e-02,9.470204531680792570e-06,4.660226404666900635e-02,4.750918224453926086e-02,4.505559429526329041e-02,4.669647291302680969e-02,4.630836099386215210e-02,4.719645157456398010e-02,4.666825011372566223e-02,4.673725739121437073e-02,4.685748368501663208e-02,4.675517603754997253e-02,4.721773415803909302e-02,4.676901549100875854e-02,4.773141816258430481e-02,4.754738882184028625e-02,4.703898727893829346e-02
4.233115739571814695e-02,9.445539944863412529e-06,4.618730768561363220e-02,4.673753678798675537e-02,4.660713672637939453e-02,4.618918895721435547e-02,4.630886018276214600e-02,4.680879786610603333e-02,4.768754541873931885e-02,4.808801412582397461e-02,4.794465750455856323e-02,4.648126289248466492e-02,4.597705975174903870e-02,4.660626128315925598e-02,4.611816257238388062e-02,4.713584855198860168e-02,4.696901515126228333e-02
4.249533354158806925e-02,9.535680874250829220e-06,4.712427780032157898e-02,4.625412449240684509e-02,4.769537225365638733e-02,4.645179957151412964e-02,4.663211852312088013e-02,4.658525437116622925e-02,4.776166751980781555e-02,4.713822901248931885e-02,4.759444296360015869e-02,4.795932024717330933e-02,4.746313393115997314e-02,4.644797369837760925e-02,4.788815602660179138e-02,4.729534313082695007e-02,4.885981976985931396e-02
4.265950968745799154e-02,9.521339961793273687e-06,4.764250293374061584e-02,4.652709513902664185e-02,4.696356877684593201e-02,4.757946357131004333e-02,4.764773696660995483e-02,4.783641546964645386e-02,4.658350348472595215e-02,4.701138287782669067e-02,4.822367429733276367e-02,4.667721316218376160e-02,4.593795910477638245e-02,4.713153094053268433e-02,4.799681901931762695e-02,4.738013818860054016e-02,4.768360406160354614e-02
4.282368583332790690e-02,9.487148417974822223e-06,4.793683812022209167e-02,4.623014107346534729e-02,4.808789491653442383e-02,4.590451717376708984e-02,4.612401127815246582e-02,4.652622714638710022e-02,4.656219854950904846e-02,4.708131402730941772e-02,4.685121402144432068e-02,4.778278619050979614e-02,4.738761857151985168e-02,4.570226371288299561e-02,4.695684090256690979e-02,4.706852510571479797e-02,4.862836375832557678e-02
4.298786197919782920e-02,9.521409992885310203e-06,4.623521119356155396e-02,4.677437618374824524e-02,4.758053272962570190e-02,4.627890512347221375e-02,4.529802501201629639e-02,4.712729156017303467e-02,4.759349301457405090e-02,4.848052933812141418e-02,4.758273810148239136e-02,4.772803559899330139e-02,4.710491746664047241e-02,4.789537563920021057e-02,4.710284993052482605e-02,4.628448560833930969e-02,4.782979935407638550e-02
4.315203812506775150e-02,9.528012924420181662e-06,4.659276083111763000e-02,4.699323326349258423e-02,4.720193520188331604e-02,4.704440385103225708e-02,4.732244461774826050e-02,4.780130088329315186e-02,4.701297357678413391e-02,4.645084217190742493e-02,4.832668974995613098e-02,4.823397099971771240e-02,4.633809998631477356e-02,4.768167063593864441e-02,4.651559889316558838e-02,4.772192984819412231e-02,4.570021480321884155e-02
4.331621427093766685e-02,9.474551916355267167e-06,4.675590619444847107e-02,4.644114896655082703e-02,4.580914601683616638e-02,4.628956317901611328e-02,4.654824733734130859e-02,4.648637399077415466e-02,4.693940281867980957e-02,4.624867066740989685e-02,4.722772166132926941e-02,4.730761423707008362e-02,4.651612415909767151e-02,4.787468910217285156e-02,4.713030159473419189e-02,4.865166544914245605e-02,4.661575332283973694e-02
4.348039041680758221e-02,9.508956281933933496e-06,4.697675257921218872e-02,4.741990193724632263e-02,4.747067764401435852e-02,4.748109355568885803e-02,4.583715647459030151e-02,4.768140241503715515e-02,4.624838754534721375e-02,4.769128561019897461e-02,4.734056070446968079e-02,4.677944630384445190e-02,4.734329506754875183e-02,4.826210066676139832e-02,4.689841344952583313e-02,4.731596633791923523e-02,4.633734002709388733e-02
4.364456656267751145e-02,9.580772712070029229e-06,4.761075600981712341e-02,4.722114279866218567e-02,4.737292230129241943e-02,4.794494062662124634e-02,4.690795764327049255e-02,4.745705425739288330e-02,4.693780839443206787e-02,4.812609776854515076e-02,4.741793870925903320e-02,4.700503870844841003e-02,4.852305725216865540e-02,4.670299589633941650e-02,4.809525236487388611e-02,4.797844961285591125e-02,4.688579961657524109e-02
4.380874270854742680e-02,9.568017958372365683e-06,4.680335149168968201e-02,4.645339772105216980e-02,4.601948335766792297e-02,4.743279144167900085e-02,4.798400774598121643e-02,4.787616431713104248e-02,4.771601781249046326e-02,4.768612980842590332e-02,4.745085537433624268e-02,4.748391732573509216e-02,4.697521775960922241e-02,4.807434231042861938e-02,4.745624214410781860e-02,4.678943380713462830e-02,4.778299108147621155e-02
4.397291885441734216e-02,9.499060070083942264e-06,4.631540551781654358e-02,4.652494564652442932e-02,4.720187559723854065e-02,4.711760208010673523e-02,4.691036418080329895e-02,4.888298362493515015e-02,4.645875841379165649e-02,4.634341597557067871e-02,4.683767631649971008e-02,4.756056144833564758e-02,4.597024619579315186e-02,4.766163975000381470e-02,4.924985393881797791e-02,4.672118648886680603e-02,4.631238058209419250e-02
4.413709500028726446e-02,9.597849384590517730e-06,4.677322879433631897e-02,4.760514572262763977e-02,4.728617519140243530e-02,4.912421479821205139e-02,4.718260094523429871e-02,4.693349823355674744e-02,4.756825417280197144e-02,4.840862005949020386e-02,4.719949513673782349e-02,4.726978391408920288e-02,4.777095094323158264e-02,4.703629389405250549e-02,4.699496179819107056e-02,4.696539416909217834e-02,4.784807190299034119e-02
4.430127114615718675e-02,9.510310519544873387e-06,4.610294848680496216e-02,4.746142774820327759e-02,4.629660397768020630e-02,4.713898524641990662e-02,4.725093767046928406e-02,4.788313060998916626e-02,4.815712943673133850e-02,4.628871381282806396e-02,4.721329361200332642e-02,4.708759859204292297e-02,4.700618237257003784e-02,4.689217731356620789e-02,4.727457091212272644e-02,4.689256846904754639e-02,4.732791706919670105e-02
4.446544729202710211e-02,9.584626241121441126e-06,4.696111753582954407e-02,4.607890918850898743e-02,4.750412330031394958e-02,4.779367148876190186e-02,4.709975048899650574e-02,4.770656302571296692e-02,4.827102273702621460e-02,4.783741384744644165e-02,4.702150449156761169e-02,4.681283608078956604e-02,4.808405414223670959e-02,4.742245003581047058e-02,4.846378788352012634e-02,4.815192148089408875e-02,4.741891101002693176e-02
4.462962343789702441e-02,9.570166184857953340e-06,4.619621112942695618e-02,4.816227406263351440e-02,4.683055356144905090e-02,4.694354161620140076e-02,4.611963033676147461e-02,4.738600552082061768e-02,4.746269807219505310e-02,4.829469323158264160e-02,4.689161106944084167e-02,4.841918498277664185e-02,4.780990257859230042e-02,4.815416783094406128e-02,4.668505117297172546e-02,4.685619100928306580e-02,4.823349043726921082e-02
4.479379958376694670e-02,9.614421287551522255e-06,4.790904000401496887e-02,4.677917063236236572e-02,4.882659763097763062e-02,4.580659791827201843e-02,4.879130795598030090e-02,4.760934039950370789e-02,4.692896455526351929e-02,4.659540578722953796e-02,4.805864021182060242e-02,4.768042638897895813e-02,4.809359088540077209e-02,4.727782309055328369e-02,4.813650622963905334e-02,4.844886437058448792e-02,4.817296564579010010e-02
4.495797572963686206e-02,9.517058060737326741e-06,4.688630253076553345e-02,4.553285241127014160e-02,4.717246070504188538e-02,4.735616967082023621e-02,4.596260562539100647e-02,4.735150188207626343e-02,4.717295244336128235e-02,4.761522263288497925e-02,4.772806912660598755e-02,4.681849852204322815e-02,4.804388433694839478e-02,4.774358868598937988e-02,4.723566398024559021e-02,4.793792963027954102e-02,4.650673270225524902e-02
4.512215187550677742e-02,9.570665497449226677e-06,4.824400320649147034e-02,4.625236988067626953e-02,4.662379994988441467e-02,4.787640646100044250e-02,4.676540940999984741e-02,4.765511304140090942e-02,4.765582084655761719e-02,4.844905808568000793e-02,4.697963967919349670e-02,4.812202230095863342e-02,4.776144772768020630e-02,4.817489534616470337e-02,4.614082351326942444e-02,4.697626456618309021e-02,4.746948927640914917e-02
4.528632802137670665e-02,9.580749974702484906e-06,4.704017937183380127e-02,4.712712392210960388e-02,4.608189687132835388e-02,4.700818657875061035e-02,4.631330072879791260e-02,4.712049663066864014e-02,4.736579954624176025e-02,4.736962169408798218e-02,4.725363850593566895e-02,4.814411699771881104e-02,4.800124838948249817e-02,4.777623340487480164e-02,4.713125526905059814e-02,4.860469698905944824e-02,4.880116879940032959e-02
4.545050416724662201e-02,9.543127816868945956e-06,4.764346778392791748e-02,4.741390049457550049e-02,4.869737476110458374e-02,4.611609503626823425e-02,4.837908595800399780e-02,4.566782340407371521e-02,4.697776585817337036e-02,4.716001823544502258e-02,4.689245298504829407e-02,4.669537395238876343e-02,4.773154482245445251e-02,4.817164689302444458e-02,4.807969182729721069e-02,4.721822217106819153e-02,4.716077446937561035e-02
4.561468031311653737e-02,9.578104254615027457e-06,4.749103263020515442e-02,4.807602241635322571e-02,4.554158821702003479e-02,4.650222510099411011e-02,4.712171852588653564e-02,4.685975238680839539e-02,4.812119901180267334e-02,4.637963324785232544e-02,4.878385737538337708e-02,4.780675098299980164e-02,4.739376157522201538e-02,4.812293127179145813e-02,4.691721871495246887e-02,4.702060669660568237e-02,4.821544513106346130e-02
4.577885645898645967e-02,9.562203558743931353e-06,4.826441779732704163e-02,4.702075570821762085e-02,4.658712819218635559e-02,4.653971642255783081e-02,4.750043898820877075e-02,4.572170972824096680e-02,4.836801812052726746e-02,4.791909828782081604e-02,4.791749268770217896e-02,4.726723209023475647e-02,4.628460854291915894e-02,4.955385252833366394e-02,4.655241593718528748e-02,4.850108176469802856e-02,4.633540660142898560e-02
4.594303260485638196e-02,9.562468221702147275e-06,4.680757969617843628e-02,4.779941961169242859e-02,4.691986367106437683e-02,4.742922261357307434e-02,4.805589467287063599e-02,4.609225690364837646e-02,4.843709990382194519e-02,4.666578397154808044e-02,4.675914347171783447e-02,4.775534942746162415e-02,4.726730659604072571e-02,4.878875240683555603e-02,4.731202125549316406e-02,4.791413620114326477e-02,4.698275774717330933e-02
4.610720875072629732e-02,9.574297109793405980e-06,4.756069555878639221e-02,4.835867881774902344e-02,4.774398729205131531e-02,4.741295054554939270e-02,4.989866167306900024e-02,4.767359793186187744e-02,4.657223448157310486e-02,4.747246205806732178e-02,4.642703756690025330e-02,4.712751880288124084e-02,4.726779833436012268e-02,4.666379839181900024e-02,4.612015187740325928e-02,4.724567383527755737e-02,4.765203967690467834e-02
4.627138489659621962e-02,9.599794793757610023e-06,4.809337481856346130e-02,4.709427803754806519e-02,4.660982638597488403e-02,4.789517819881439209e-02,4.705867543816566467e-02,4.760219901800155640e-02,4.788910970091819763e-02,4.837359488010406494e-02,4.913262650370597839e-02,4.674590006470680237e-02,4.650119319558143616e-02,4.834294691681861877e-02,4.798974469304084778e-02,4.650570079684257507e-02,4.746395349502563477e-02
4.643556104246614191e-02,9.508431503491010517e-06,4.714418947696685791e-02,4.772021993994712830e-02,4.594179987907409668e-02,4.590425267815589905e-02,4.736030101776123047e-02,4.576439410448074341e-02,4.813289642333984375e-02,4.646916314959526062e-02,4.777612909674644470e-02,4.704293981194496155e-02,4.720409587025642395e-02,4.626844823360443115e-02,4.812420159578323364e-02,4.748992621898651123e-02,4.702640697360038757e-02
4.659973718833605727e-02,9.563091225572861731e-06,4.679031297564506531e-02,4.812600091099739075e-02,4.663097858428955078e-02,4.701996222138404846e-02,4.724886640906333923e-02,4.783737659454345703e-02,4.672084376215934753e-02,4.761965572834014893e-02,4.543988034129142761e-02,4.770837724208831787e-02,4.695223271846771240e-02,4.779335111379623413e-02,4.746142402291297913e-02,4.822243005037307739e-02,4.873238503932952881e-02
4.676391333420597263e-02,9.534839591651689261e-06,4.513863846659660339e-02,4.497724026441574097e-02,4.725074023008346558e-02,4.872853308916091919e-02,4.714849963784217834e-02,4.681799933314323425e-02,4.682954028248786926e-02,4.723694175481796265e-02,4.781432077288627625e-02,4.773281514644622803e-02,4.684657603502273560e-02,4.806500300765037537e-02,4.688235372304916382e-02,4.704766348004341125e-02,4.827241972088813782e-02
4.692808948007590186e-02,9.649482308304868639e-06,4.578942432999610901e-02,4.823499545454978943e-02,4.711826890707015991e-02,4.818252846598625183e-02,4.746892303228378296e-02,4.748818650841712952e-02,4.864442721009254456e-02,4.723538085818290710e-02,4.772638529539108276e-02,4.826151207089424133e-02,4.810579493641853333e-02,4.829400405287742615e-02,4.876590892672538757e-02,4.702511802315711975e-02,4.797874018549919128e-02
4.709226562594581722e-02,9.595565643394365907e-06,4.780510440468788147e-02,4.781921580433845520e-02,4.703830555081367493e-02,4.624140262603759766e-02,4.790605977177619934e-02,4.789828509092330933e-02,4.729453474283218384e-02,4.801573604345321655e-02,4.773551970720291138e-02,4.740926995873451233e-02,4.676309600472450256e-02,4.804829135537147522e-02,4.807197302579879761e-02,4.692938923835754395e-02,4.727258905768394470e-02
4.725644177181573258e-02,9.492317985859699547e-06,4.686772450804710388e-02,4.690764844417572021e-02,4.782319068908691406e-02,4.668281227350234985e-02,4.664375633001327515e-02,4.628559947013854980e-02,4.684815555810928345e-02,4.676494374871253967e-02,4.808187112212181091e-02,4.620651155710220337e-02,4.762587696313858032e-02,4.741381108760833740e-02,4.691699519753456116e-02,4.679926484823226929e-02,4.706960171461105347e-02
4.742061791768565487e-02,9.529395356366876513e-06,4.761540517210960388e-02,4.604873061180114746e-02,4.656102880835533142e-02,4.680825769901275635e-02,4.768355935811996460e-02,4.598528146743774414e-02,4.786245524883270264e-02,4.710150510072708130e-02,4.836576059460639954e-02,4.733374714851379395e-02,4.652798175811767578e-02,4.721326753497123718e-02,4.725401103496551514e-02,4.767475649714469910e-02,4.764595627784729004e-02
4.758479406355557717e-02,9.562199011270422488e-06,4.757987707853317261e-02,4.795482754707336426e-02,4.689643904566764832e-02,4.742642864584922791e-02,4.642352089285850525e-02,4.765394702553749084e-02,4.681118205189704895e-02,4.816991090774536133e-02,4.755645617842674255e-02,4.612644016742706299e-02,4.799252375960350037e-02,4.820650443434715271e-02,4.659094288945198059e-02,4.777061939239501953e-02,4.736419022083282471e-02
4.774897020942549253e-02,9.536594916426111013e-06,4.596292227506637573e-02,4.670208320021629333e-02,4.823324084281921387e-02,4.615799710154533386e-02,4.739750549197196960e-02,4.634372517466545105e-02,4.809537529945373535e-02,4.702188819646835327e-02,4.776575788855552673e-02,4.732955992221832275e-02,4.846326634287834167e-02,4.666053503751754761e-02,4.651802405714988708e-02,4.738654196262359619e-02,4.824785888195037842e-02
4.791314635529541482e-02,9.574757314112503082e-06,4.722124338150024414e-02,4.672950133681297302e-02,4.684000089764595032e-02,4.648517444729804993e-02,4.963311180472373962e-02,4.696293175220489502e-02,4.842488467693328857e-02,4.662677273154258728e-02,4.935464635491371155e-02,4.791067540645599365e-02,4.657492041587829590e-02,4.685834795236587524e-02,4.793817549943923950e-02,4.759372398257255554e-02,4.700832068920135498e-02
4.807732250116533712e-02,9.532436706649605185e-06,4.646042361855506897e-02,4.740999266505241394e-02,4.622914642095565796e-02,4.628255218267440796e-02,4.771612212061882019e-02,4.831404611468315125e-02,4.656653478741645813e-02,4.686744883656501770e-02,4.825815558433532715e-02,4.714856296777725220e-02,4.554031044244766235e-02,4.784782603383064270e-02,4.750799760222434998e-02,4.819950833916664124e-02,4.664263501763343811e-02
4.824149864703525248e-02,9.564309948473237455e-06,4.714814946055412292e-02,4.696311801671981812e-02,4.652129858732223511e-02,4.664374887943267822e-02,4.774170368909835815e-02,4.655713587999343872e-02,4.706616699695587158e-02,4.623321071267127991e-02,4.729998111724853516e-02,4.771897196769714355e-02,4.648331552743911743e-02,4.911027848720550537e-02,4.891705513000488281e-02,4.720441997051239014e-02,4.699366912245750427e-02
4.840567479290516784e-02,9.544134627503808588e-06,4.767030850052833557e-02,4.629062861204147339e-02,4.748690500855445862e-02,4.685778543353080750e-02,4.761750251054763794e-02,4.774659872055053711e-02,4.737957194447517395e-02,4.717883095145225525e-02,4.650578647851943970e-02,4.747224226593971252e-02,4.746432229876518250e-02,4.655647650361061096e-02,4.684786871075630188e-02,4.753541946411132812e-02,4.675350710749626160e-02
4.856985093877509707e-02,9.579291145200841129e-06,4.763833805918693542e-02,4.757792875170707703e-02,4.777135699987411499e-02,4.713644832372665405e-02,4.637554660439491272e-02,4.769777879118919373e-02,4.633332788944244385e-02,4.559249803423881531e-02,4.790656641125679016e-02,4.802791401743888855e-02,4.757777228951454163e-02,4.813041910529136658e-02,4.759831354022026062e-02,4.944965615868568420e-02,4.810506477952003479e-02
4.873402708464501243e-02,9.501682143309153616e-06,4.787385836243629456e-02,4.648065194487571716e-02,4.627128317952156067e-02,4.546963050961494446e-02,4.743132740259170532e-02,4.708626866340637207e-02,4.692901298403739929e-02,4.693376272916793823e-02,4.750211164355278015e-02,4.843990132212638855e-02,4.727923497557640076e-02,4.825473949313163757e-02,4.717031493782997131e-02,4.624909907579421997e-02,4.695714265108108521e-02
4.889820323051492779e-02,9.493566722085233778e-06,4.644001275300979614e-02,4.762687906622886658e-02,4.668941348791122437e-02,4.771206527948379517e-02,4.594867303967475891e-02,4.700135067105293274e-02,4.761159047484397888e-02,4.827202856540679932e-02,4.717863351106643677e-02,4.748749732971191406e-02,4.673164710402488708e-02,4.798766970634460449e-02,4.549055546522140503e-02,4.716617241501808167e-02,4.628058895468711853e-02
4.906237937638485008e-02,9.572469934937544167e-06,4.702369123697280884e-02,4.719315841794013977e-02,4.636260122060775757e-02,4.761706665158271790e-02,4.810582101345062256e-02,4.807022213935852051e-02,4.751458019018173218e-02,4.769423976540565491e-02,4.679866507649421692e-02,4.733232036232948303e-02,4.674243554472923279e-02,4.741603508591651917e-02,4.631346091628074646e-02,4.787496477365493774e-02,4.888536036014556885e-02
4.922655552225477238e-02,9.559896170685533434e-06,4.662087559700012207e-02,4.698357731103897095e-02,4.722201824188232422e-02,4.733503609895706177e-02,4.689625278115272522e-02,4.677309840917587280e-02,4.602547362446784973e-02,4.704561084508895874e-02,4.768436029553413391e-02,4.645754396915435791e-02,4.698897898197174072e-02,4.817535355687141418e-02,4.828771576285362244e-02,4.835982993245124817e-02,4.849884659051895142e-02
4.939073166812468774e-02,9.565354957885574549e-06,4.800182580947875977e-02,4.735350608825683594e-02,4.697322845458984375e-02,4.717363044619560242e-02,4.701954498887062073e-02,4.624586552381515503e-02,4.729987308382987976e-02,4.700145497918128967e-02,4.733032733201980591e-02,4.830744117498397827e-02,4.814897105097770691e-02,4.811869934201240540e-02,4.705200716853141785e-02,4.742727428674697876e-02,4.691217094659805298e-02
4.955490781399461003e-02,9.659022907726466656e-06,4.807925596833229065e-02,4.679808765649795532e-02,4.679875448346138000e-02,4.752701520919799805e-02,4.833902046084403992e-02,4.787459969520568848e-02,4.747039452195167542e-02,4.784838855266571045e-02,4.801756888628005981e-02,4.823143780231475830e-02,4.859811440110206604e-02,4.611579328775405884e-02,4.965257644653320312e-02,4.854951053857803345e-02,4.785512760281562805e-02
4.971908395986453233e-02,9.545884495310019702e-06,4.745898395776748657e-02,4.652314633131027222e-02,4.804151877760887146e-02,4.608448967337608337e-02,4.769499972462654114e-02,4.735891148447990417e-02,4.659592732787132263e-02,4.768692702054977417e-02,4.817734658718109131e-02,4.780085757374763489e-02,4.701410233974456787e-02,4.675698652863502502e-02,4.886724054813385010e-02,4.722084477543830872e-02,4.705104976892471313e-02
4.988326010573444769e-02,9.575850526744034141e-06,4.661414772272109985e-02,4.583201557397842407e-02,4.657663032412528992e-02,4.671405255794525146e-02,4.804896563291549683e-02,4.615483433008193970e-02,4.985348507761955261e-02,4.811141639947891235e-02,4.761588573455810547e-02,4.718178138136863708e-02,4.750446975231170654e-02,4.659320414066314697e-02,4.870674759149551392e-02,4.824608564376831055e-02,4.837584868073463440e-02
5.004743625160436304e-02,9.611235327611211687e-06,4.654080793261528015e-02,4.695295169949531555e-02,4.917670786380767822e-02,4.699183255434036255e-02,4.831414669752120972e-02,4.789758101105690002e-02,4.656167700886726379e-02,4.868535324931144714e-02,4.771516844630241394e-02,4.810500517487525940e-02,4.731636494398117065e-02,4.743489250540733337e-02,4.755841568112373352e-02,4.709415137767791748e-02,4.740503430366516113e-02
5.021161239747429228e-02,9.577515811542980373e-06,4.762380570173263550e-02,4.624321684241294861e-02,4.660676047205924988e-02,4.678221046924591064e-02,4.663454741239547729e-02,4.724738001823425293e-02,4.717275127768516541e-02,4.678533971309661865e-02,4.804113134741783142e-02,4.909129440784454346e-02,4.840322956442832947e-02,4.739855229854583740e-02,4.732445627450942993e-02,4.839803278446197510e-02,4.806320741772651672e-02
5.037578854334420764e-02,9.541713552607689053e-06,4.639218375086784363e-02,4.715892300009727478e-02,4.690832272171974182e-02,4.702797532081604004e-02,4.776604101061820984e-02,4.783543571829795837e-02,4.648402705788612366e-02,4.639891162514686584e-02,4.712638631463050842e-02,4.766815528273582458e-02,4.887882992625236511e-02,4.615492746233940125e-02,4.733223840594291687e-02,4.779934510588645935e-02,4.708433896303176880e-02
5.053996468921412299e-02,9.603127182344906032e-06,4.854569584131240845e-02,4.663081094622612000e-02,4.819764941930770874e-02,4.721304401755332947e-02,4.779637232422828674e-02,4.714560881257057190e-02,4.857517406344413757e-02,4.686646163463592529e-02,4.664691165089607239e-02,4.646189883351325989e-02,4.663014784455299377e-02,4.781441390514373779e-02,4.701669514179229736e-02,4.827556386590003967e-02,4.914502054452896118e-02
5.070414083508404529e-02,9.546202818455640227e-06,4.719068855047225952e-02,4.794454202055931091e-02,4.855305701494216919e-02,4.859267920255661011e-02,4.541635513305664062e-02,4.663124307990074158e-02,4.674648120999336243e-02,4.734541103243827820e-02,4.708677902817726135e-02,4.699194431304931641e-02,4.703086614608764648e-02,4.723441228270530701e-02,4.641900211572647095e-02,4.787249863147735596e-02,4.844832047820091248e-02
5.086831698095396759e-02,9.572301678417716175e-06,4.661392048001289368e-02,4.637805372476577759e-02,4.812393710017204285e-02,4.768862575292587280e-02,4.805350303649902344e-02,4.624983295798301697e-02,4.801657423377037048e-02,4.657801613211631775e-02,4.757111519575119019e-02,4.741678014397621155e-02,4.703560844063758850e-02,4.825495928525924683e-02,4.693930596113204956e-02,4.776488244533538818e-02,4.748807847499847412e-02
5.103249312682388295e-02,9.572715498507022858e-06,4.697157442569732666e-02,4.689643532037734985e-02,4.604786634445190430e-02,4.819981753826141357e-02,4.719542711973190308e-02,4.720539599657058716e-02,4.740191623568534851e-02,4.768105968832969666e-02,4.711648449301719666e-02,4.798280075192451477e-02,4.733936116099357605e-02,4.784994199872016907e-02,4.855316132307052612e-02,4.771178215742111206e-02,4.737191274762153625e-02
5.119666927269380524e-02,9.511984899290837348e-06,4.664491862058639526e-02,4.745603352785110474e-02,4.822440072894096375e-02,4.707834497094154358e-02,4.583740606904029846e-02,4.825933277606964111e-02,4.583349823951721191e-02,4.589645192027091980e-02,4.815812408924102783e-02,4.709082841873168945e-02,4.776650294661521912e-02,4.718048498034477234e-02,4.773351177573204041e-02,4.622080549597740173e-02,4.721293598413467407e-02
5.136084541856372754e-02,9.609512744646053761e-06,4.822535067796707153e-02,4.804904758930206299e-02,4.715418443083763123e-02,4.776032641530036926e-02,4.692300409078598022e-02,4.824540764093399048e-02,4.688068479299545288e-02,4.869063198566436768e-02,4.815815016627311707e-02,4.827454686164855957e-02,4.670919105410575867e-02,4.631262272596359253e-02,4.774371907114982605e-02,4.743929952383041382e-02,4.790725558996200562e-02
5.152502156443364290e-02,9.499009138380642980e-06,4.736039787530899048e-02,4.750739410519599915e-02,4.674765467643737793e-02,4.680820927023887634e-02,4.716723412275314331e-02,4.590924084186553955e-02,4.667806252837181091e-02,4.594475030899047852e-02,4.788460209965705872e-02,4.706978052854537964e-02,4.721564427018165588e-02,4.852801933884620667e-02,4.653851315379142761e-02,4.748466238379478455e-02,4.618017002940177917e-02
5.168919771030355825e-02,9.554748430673498660e-06,4.670922458171844482e-02,4.821826145052909851e-02,4.767862707376480103e-02,4.719105362892150879e-02,4.749115183949470520e-02,4.773871600627899170e-02,4.647973179817199707e-02,4.852206632494926453e-02,4.637892544269561768e-02,4.785731807351112366e-02,4.716857522726058960e-02,4.659343138337135315e-02,4.634019359946250916e-02,4.802622646093368530e-02,4.796214029192924500e-02
5.185337385617348055e-02,9.596167728886939585e-06,4.710199683904647827e-02,4.840769618749618530e-02,4.819830134510993958e-02,4.632758721709251404e-02,4.797853901982307434e-02,4.875762760639190674e-02,4.655152186751365662e-02,4.797625169157981873e-02,4.696326702833175659e-02,4.778975248336791992e-02,4.599590599536895752e-02,4.733663797378540039e-02,4.760701209306716919e-02,4.714899510145187378e-02,4.813562333583831787e-02
5.201755000204340285e-02,9.621854587749112397e-06,4.939461126923561096e-02,4.778512194752693176e-02,4.720776528120040894e-02,4.812949523329734802e-02,4.630289226770401001e-02,4.708439856767654419e-02,4.756538942456245422e-02,4.867061972618103027e-02,4.779474809765815735e-02,4.710675776004791260e-02,4.638985171914100647e-02,4.759269952774047852e-02,4.803964123129844666e-02,4.737140238285064697e-02,4.724930226802825928e-02
5.218172614791331820e-02,9.537788173474837095e-06,4.607824608683586121e-02,4.743805900216102600e-02,4.676494747400283813e-02,4.869217798113822937e-02,4.667657241225242615e-02,4.697187989950180054e-02,4.700134694576263428e-02,4.737137258052825928e-02,4.777217656373977661e-02,4.739492759108543396e-02,4.768268764019012451e-02,4.690249264240264893e-02,4.627037048339843750e-02,4.746690019965171814e-02,4.821757227182388306e-02
5.234590229378324050e-02,9.521932952338829637e-06,4.649192467331886292e-02,4.708174243569374084e-02,4.794959723949432373e-02,4.819759353995323181e-02,4.729214683175086975e-02,4.702496901154518127e-02,4.708057269454002380e-02,4.729380458593368530e-02,4.695329070091247559e-02,4.655416682362556458e-02,4.752159118652343750e-02,4.720983654260635376e-02,4.730350151658058167e-02,4.707166925072669983e-02,4.704294726252555847e-02
5.251007843965316280e-02,9.544343811285216361e-06,4.777595773339271545e-02,4.594791680574417114e-02,4.742462933063507080e-02,4.622348025441169739e-02,4.681847617030143738e-02,4.740457609295845032e-02,4.767966270446777344e-02,4.689972475171089172e-02,4.715331643819808960e-02,4.802400618791580200e-02,4.661989584565162659e-02,4.829520359635353088e-02,4.862908646464347839e-02,4.643791541457176208e-02,4.779487475752830505e-02
5.267425458552307815e-02,9.535126991977449507e-06,4.774209484457969666e-02,4.701121151447296143e-02,4.769031330943107605e-02,4.825337976217269897e-02,4.707022756338119507e-02,4.696657881140708923e-02,4.703301936388015747e-02,4.879285395145416260e-02,4.762988165020942688e-02,4.917251691222190857e-02,4.569959640502929688e-02,4.777370393276214600e-02,4.556610062718391418e-02,4.703424498438835144e-02,4.631593823432922363e-02
5.283843073139299351e-02,9.502472494204994291e-06,4.850525781512260437e-02,4.634930565953254700e-02,4.698418080806732178e-02,4.751419275999069214e-02,4.683510959148406982e-02,4.585067182779312134e-02,4.503149911761283875e-02,4.918123036623001099e-02,4.559779912233352661e-02,4.699996858835220337e-02,4.797927662730216980e-02,4.589086771011352539e-02,4.847573861479759216e-02,4.615411534905433655e-02,4.835117235779762268e-02
5.300260687726292275e-02,9.582984603184740990e-06,4.620544984936714172e-02,4.834994301199913025e-02,4.841359332203865051e-02,4.603926464915275574e-02,4.635052755475044250e-02,4.928953200578689575e-02,4.628794267773628235e-02,4.608307778835296631e-02,4.849294200539588928e-02,4.893648624420166016e-02,4.855624958872795105e-02,4.791885241866111755e-02,4.638005420565605164e-02,4.768081754446029663e-02,4.742616787552833557e-02
5.316678302313283810e-02,9.550660251989029348e-06,4.858333244919776917e-02,4.648714885115623474e-02,4.805193096399307251e-02,4.786894842982292175e-02,4.651570320129394531e-02,4.736363887786865234e-02,4.702208563685417175e-02,4.678527638316154480e-02,4.668434336781501770e-02,4.790243878960609436e-02,4.774771630764007568e-02,4.717949405312538147e-02,4.656287282705307007e-02,4.738555476069450378e-02,4.700804501771926880e-02
5.333095916900275346e-02,9.433161721972282976e-06,4.801285266876220703e-02,4.596148058772087097e-02,4.700816050171852112e-02,4.627838358283042908e-02,4.720845073461532593e-02,4.650427028536796570e-02,4.673147574067115784e-02,4.520902037620544434e-02,4.774028435349464417e-02,4.655833542346954346e-02,4.606693238019943237e-02,4.771154373884201050e-02,4.546604305505752563e-02,4.596690833568572998e-02,4.708569869399070740e-02
5.349513531487267576e-02,9.514112207398284227e-06,4.725928977131843567e-02,4.672734811902046204e-02,4.853007942438125610e-02,4.726006835699081421e-02,4.733663797378540039e-02,4.582288488745689392e-02,4.714823141694068909e-02,4.656506329774856567e-02,4.618167132139205933e-02,4.770238697528839111e-02,4.718333855271339417e-02,4.691492393612861633e-02,4.751013219356536865e-02,4.754233360290527344e-02,4.747444391250610352e-02
5.365931146074259805e-02,9.527645488560665399e-06,4.752995446324348450e-02,4.802344366908073425e-02,4.518608748912811279e-02,4.750123247504234314e-02,4.713245108723640442e-02,4.650867730379104614e-02,4.697853326797485352e-02,4.753912240266799927e-02,4.798113554716110229e-02,4.638761281967163086e-02,4.753940552473068237e-02,4.749086126685142517e-02,4.622447490692138672e-02,4.687955975532531738e-02,4.729711636900901794e-02
5.382348760661251341e-02,9.453935490455478430e-06,4.736921563744544983e-02,4.712814092636108398e-02,4.670945554971694946e-02,4.703379794955253601e-02,4.679862782359123230e-02,4.591432958841323853e-02,4.716774448752403259e-02,4.639392346143722534e-02,4.697674885392189026e-02,4.768225923180580139e-02,4.714378342032432556e-02,4.726362600922584534e-02,4.645365104079246521e-02,4.614751785993576050e-02,4.695493355393409729e-02
5.398766375248243571e-02,9.454824066779110581e-06,4.785240069031715393e-02,4.728113487362861633e-02,4.641314223408699036e-02,4.486859589815139771e-02,4.622198268771171570e-02,4.791888967156410217e-02,4.812703281641006470e-02,4.847142845392227173e-02,4.572990909218788147e-02,4.718270525336265564e-02,4.593266919255256653e-02,4.662140086293220520e-02,4.722520336508750916e-02,4.711408168077468872e-02,4.625022038817405701e-02
5.415183989835235800e-02,9.519180821371264756e-06,4.649434238672256470e-02,4.631673172116279602e-02,4.765252396464347839e-02,4.646208137273788452e-02,4.896121472120285034e-02,4.700023308396339417e-02,4.736309871077537537e-02,4.795931279659271240e-02,4.747117310762405396e-02,4.634582623839378357e-02,4.731221124529838562e-02,4.632232338190078735e-02,4.741541668772697449e-02,4.686813056468963623e-02,4.651927575469017029e-02
5.431601604422227336e-02,9.500850865151733160e-06,4.696214944124221802e-02,4.653740674257278442e-02,4.742064327001571655e-02,4.520308226346969604e-02,4.921541735529899597e-02,4.724525660276412964e-02,4.647925123572349548e-02,4.825294390320777893e-02,4.717304557561874390e-02,4.741623625159263611e-02,4.814225062727928162e-02,4.732918739318847656e-02,4.693449661135673523e-02,4.603667184710502625e-02,4.601655155420303345e-02
5.448019219009218872e-02,9.478952051722444594e-06,4.696042463183403015e-02,4.719971492886543274e-02,4.763719439506530762e-02,4.624518379569053650e-02,4.859428107738494873e-02,4.727794975042343140e-02,4.637996479868888855e-02,4.703901708126068115e-02,4.569467902183532715e-02,4.560422897338867188e-02,4.705663025379180908e-02,4.588325694203376770e-02,4.690515249967575073e-02,4.927904531359672546e-02,4.736456647515296936e-02
5.464436833596211796e-02,9.480624612479005009e-06,4.805484786629676819e-02,4.897059127688407898e-02,4.737587273120880127e-02,4.748612269759178162e-02,4.682323709130287170e-02,4.630646109580993652e-02,4.670852422714233398e-02,4.657683894038200378e-02,4.832194373011589050e-02,4.611479118466377258e-02,4.676700010895729065e-02,4.637616872787475586e-02,4.630284011363983154e-02,4.637767747044563293e-02,4.695000126957893372e-02
5.480854448183203331e-02,9.547247827867977321e-06,4.593724757432937622e-02,4.837567359209060669e-02,4.820381850004196167e-02,4.855567589402198792e-02,4.823928326368331909e-02,4.703218117356300354e-02,4.581072553992271423e-02,4.652702808380126953e-02,4.720260202884674072e-02,4.662817344069480896e-02,4.775248840451240540e-02,4.787432774901390076e-02,4.800963401794433594e-02,4.654354974627494812e-02,4.753101617097854614e-02
5.497272062770194867e-02,9.525251698505599052e-06,4.733747988939285278e-02,4.857669770717620850e-02,4.713056236505508423e-02,4.642140120267868042e-02,4.716775566339492798e-02,4.806060343980789185e-02,4.751349985599517822e-02,4.738112539052963257e-02,4.651201888918876648e-02,4.667295888066291809e-02,4.774830117821693420e-02,4.668297246098518372e-02,4.700868576765060425e-02,4.818331822752952576e-02,4.576930031180381775e-02
5.513689677357187097e-02,9.428361408936325461e-06,4.804337397217750549e-02,4.823282733559608459e-02,4.710931703448295593e-02,4.638755321502685547e-02,4.715074971318244934e-02,4.509874433279037476e-02,4.691242054104804993e-02,4.554089158773422241e-02,4.696110263466835022e-02,4.766987264156341553e-02,4.697831347584724426e-02,4.612577706575393677e-02,4.496455192565917969e-02,4.734658449888229370e-02,4.658688604831695557e-02
5.530107291944179326e-02,9.445612704439554363e-06,4.652741551399230957e-02,4.833954200148582458e-02,4.742747172713279724e-02,4.610048234462738037e-02,4.670794308185577393e-02,4.576440155506134033e-02,4.807015508413314819e-02,4.725296050310134888e-02,4.796612635254859924e-02,4.636462777853012085e-02,4.540848359465599060e-02,4.715212062001228333e-02,4.680043086409568787e-02,4.644841700792312622e-02,4.701140895485877991e-02
5.546524906531170862e-02,9.450885045225732028e-06,4.717486724257469177e-02,4.751531034708023071e-02,4.820497706532478333e-02,4.609116911888122559e-02,4.789667949080467224e-02,4.730451107025146484e-02,4.613830894231796265e-02,4.741416126489639282e-02,4.580645635724067688e-02,4.712864011526107788e-02,4.659197106957435608e-02,4.681834951043128967e-02,4.548297077417373657e-02,4.630861803889274597e-02,4.624747112393379211e-02
5.562942521118163092e-02,9.432107617612928152e-06,4.594111815094947815e-02,4.746411368250846863e-02,4.716044291853904724e-02,4.597891122102737427e-02,4.757829383015632629e-02,4.576362296938896179e-02,4.587182402610778809e-02,4.613257572054862976e-02,4.690785706043243408e-02,4.633044451475143433e-02,4.758142307400703430e-02,4.765616357326507568e-02,4.699355363845825195e-02,4.712311550974845886e-02,4.597488045692443848e-02
5.579360135705155321e-02,9.391172170580830425e-06,4.502267017960548401e-02,4.724603518843650818e-02,4.526321962475776672e-02,4.636946320533752441e-02,4.708012565970420837e-02,4.738186299800872803e-02,4.638572037220001221e-02,4.660259187221527100e-02,4.698945209383964539e-02,4.790272563695907593e-02,4.629677161574363708e-02,4.604183509945869446e-02,4.720386490225791931e-02,4.536433145403862000e-02,4.777031391859054565e-02
5.595777750292146857e-02,9.377236892760265619e-06,4.655965417623519897e-02,4.651559889316558838e-02,4.713384062051773071e-02,4.665827751159667969e-02,4.528219997882843018e-02,4.612506926059722900e-02,4.621359705924987793e-02,4.675757512450218201e-02,4.528959840536117554e-02,4.661791399121284485e-02,4.589930549263954163e-02,4.640812054276466370e-02,4.677149280905723572e-02,4.704730212688446045e-02,4.695535823702812195e-02
5.612195364879138393e-02,9.417793989996425807e-06,4.696537181735038757e-02,4.795225337147712708e-02,4.671001434326171875e-02,4.770563542842864990e-02,4.580751806497573853e-02,4.666244238615036011e-02,4.682782664895057678e-02,4.642142727971076965e-02,4.643484950065612793e-02,4.732091352343559265e-02,4.732998088002204895e-02,4.590559750795364380e-02,4.521831870079040527e-02,4.574768617749214172e-02,4.641658440232276917e-02
5.628612979466131316e-02,9.507722097623627633e-06,4.766034334897994995e-02,4.788122326135635376e-02,4.807859659194946289e-02,4.887079447507858276e-02,4.724221676588058472e-02,4.836086556315422058e-02,4.660177230834960938e-02,4.843133687973022461e-02,4.560428485274314880e-02,4.746643826365470886e-02,4.540289193391799927e-02,4.689017683267593384e-02,4.728680104017257690e-02,4.640629515051841736e-02,4.522146657109260559e-02
5.645030594053122852e-02,9.406207936990540475e-06,4.586536064743995667e-02,4.780645668506622314e-02,4.737832024693489075e-02,4.745377972722053528e-02,4.605792835354804993e-02,4.518419876694679260e-02,4.600863531231880188e-02,4.694117978215217590e-02,4.623034223914146423e-02,4.626934230327606201e-02,4.702460020780563354e-02,4.577359557151794434e-02,4.746875539422035217e-02,4.540457576513290405e-02,4.665079712867736816e-02
5.661448208640114388e-02,9.456418410991318524e-06,4.783872514963150024e-02,4.735617339611053467e-02,4.700942710041999817e-02,4.736889153718948364e-02,4.682709276676177979e-02,4.615686088800430298e-02,4.626856371760368347e-02,4.736607521772384644e-02,4.667687416076660156e-02,4.716762527823448181e-02,4.758469387888908386e-02,4.598898440599441528e-02,4.674623161554336548e-02,4.715464264154434204e-02,4.537318274378776550e-02
5.677865823227106618e-02,9.419996786164119840e-06,4.670055583119392395e-02,4.792536050081253052e-02,4.760886728763580322e-02,4.737607389688491821e-02,4.672654345631599426e-02,4.798753932118415833e-02,4.621660336852073669e-02,4.767110198736190796e-02,4.657514765858650208e-02,4.511181265115737915e-02,4.704768583178520203e-02,4.692259430885314941e-02,4.593250155448913574e-02,4.536097496747970581e-02,4.624232649803161621e-02
5.694283437814098847e-02,9.444211173104122281e-06,4.747733101248741150e-02,4.737954586744308472e-02,4.626785963773727417e-02,4.523841664195060730e-02,4.676214605569839478e-02,4.774206504225730896e-02,4.704884067177772522e-02,4.730846360325813293e-02,4.629966616630554199e-02,4.591833055019378662e-02,4.705380648374557495e-02,4.700472578406333923e-02,4.663980752229690552e-02,4.586137086153030396e-02,4.597080871462821960e-02
5.710701052401090383e-02,9.443346243642736226e-06,4.595673829317092896e-02,4.676114767789840698e-02,4.716593399643898010e-02,4.681999981403350830e-02,4.657785221934318542e-02,4.727289080619812012e-02,4.695436358451843262e-02,4.565400630235671997e-02,4.631284996867179871e-02,4.717446491122245789e-02,4.671390727162361145e-02,4.778504371643066406e-02,4.676428064703941345e-02,4.674614593386650085e-02,4.618088528513908386e-02
5.727118666988082613e-02,9.370162842969875783e-06,4.870788753032684326e-02,4.738297685980796814e-02,4.583441466093063354e-02,4.635810479521751404e-02,4.635655507445335388e-02,4.664869233965873718e-02,4.662799090147018433e-02,4.619047418236732483e-02,4.717512801289558411e-02,4.530113935470581055e-02,4.729846119880676270e-02,4.595894366502761841e-02,4.665395990014076233e-02,4.593925923109054565e-02,4.546907916665077209e-02
5.743536281575074842e-02,9.326629879069514573e-06,4.690016061067581177e-02,4.647368937730789185e-02,4.647206515073776245e-02,4.592316597700119019e-02,4.539358988404273987e-02,4.560678824782371521e-02,4.516618326306343079e-02,4.788029938936233521e-02,4.600284993648529053e-02,4.651714861392974854e-02,4.616235196590423584e-02,4.561703652143478394e-02,4.683287069201469421e-02,4.565043374896049500e-02,4.606614634394645691e-02
5.759953896162066378e-02,9.395295819558668882e-06,4.755378887057304382e-02,4.611795768141746521e-02,4.736243188381195068e-02,4.665331169962882996e-02,4.658506438136100769e-02,4.559100419282913208e-02,4.716399312019348145e-02,4.780379310250282288e-02,4.696464911103248596e-02,4.539580270648002625e-02,4.560034722089767456e-02,4.635901376605033875e-02,4.579430073499679565e-02,4.692762717604637146e-02,4.465720802545547485e-02
5.776371510749057914e-02,9.314657290815375745e-06,4.679094627499580383e-02,4.694356396794319153e-02,4.544175788760185242e-02,4.759173467755317688e-02,4.545932263135910034e-02,4.637295007705688477e-02,4.679195210337638855e-02,4.604369774460792542e-02,4.691864177584648132e-02,4.545435309410095215e-02,4.485982283949851990e-02,4.597821459174156189e-02,4.430454969406127930e-02,4.685676842927932739e-02,4.496454447507858276e-02
5.792789125336050837e-02,9.307194886787328869e-06,4.605924710631370544e-02,4.551366344094276428e-02,4.645726084709167480e-02,4.630934074521064758e-02,4.469401016831398010e-02,4.596453160047531128e-02,4.606210440397262573e-02,4.643879085779190063e-02,4.665039479732513428e-02,4.668419435620307922e-02,4.567376896739006042e-02,4.574556276202201843e-02,4.522874206304550171e-02,4.642282798886299133e-02,4.654175043106079102e-02
5.809206739923042373e-02,9.364098332298453897e-06,4.638098552823066711e-02,4.566838964819908142e-02,4.740795865654945374e-02,4.595909640192985535e-02,4.684716463088989258e-02,4.574618861079216003e-02,4.758147522807121277e-02,4.647466912865638733e-02,4.594910517334938049e-02,4.545757174491882324e-02,4.632886499166488647e-02,4.460129514336585999e-02,4.746382683515548706e-02,4.683282971382141113e-02,4.660205170512199402e-02
5.825624354510033909e-02,9.271188901038840413e-06,4.603531956672668457e-02,4.659403115510940552e-02,4.476461187005043030e-02,4.592731595039367676e-02,4.444404691457748413e-02,4.642056673765182495e-02,4.614999145269393921e-02,4.661501199007034302e-02,4.614074900746345520e-02,4.512870311737060547e-02,4.548904672265052795e-02,4.564634710550308228e-02,4.644934833049774170e-02,4.597464576363563538e-02,4.618237167596817017e-02
5.842041969097026138e-02,9.312516340287402272e-06,4.862316325306892395e-02,4.674632474780082703e-02,4.786339774727821350e-02,4.710094258189201355e-02,4.592185094952583313e-02,4.638537392020225525e-02,4.478958994150161743e-02,4.457942768931388855e-02,4.526397958397865295e-02,4.644172266125679016e-02,4.580260440707206726e-02,4.493257030844688416e-02,4.589630663394927979e-02,4.570706933736801147e-02,4.643028229475021362e-02
5.858459583684018368e-02,9.330167813459411263e-06,4.735572263598442078e-02,4.585421830415725708e-02,4.609794542193412781e-02,4.514374956488609314e-02,4.511661827564239502e-02,4.780999943614006042e-02,4.574214667081832886e-02,4.502196237444877625e-02,4.711620882153511047e-02,4.619023576378822327e-02,4.613952711224555969e-02,4.711366072297096252e-02,4.644709080457687378e-02,4.418020695447921753e-02,4.609745368361473083e-02
5.874877198271009904e-02,9.362488526676315814e-06,4.727667197585105896e-02,4.663840681314468384e-02,4.683747142553329468e-02,4.651659354567527771e-02,4.651004821062088013e-02,4.681200906634330750e-02,4.575319588184356689e-02,4.622414335608482361e-02,4.708736762404441833e-02,4.604059457778930664e-02,4.479654878377914429e-02,4.511673748493194580e-02,4.673027619719505310e-02,4.670214280486106873e-02,4.646756127476692200e-02
5.891294812858002133e-02,9.261354534828569740e-06,4.655457660555839539e-02,4.683825373649597168e-02,4.812924936413764954e-02,4.655177518725395203e-02,4.596145451068878174e-02,4.687648639082908630e-02,4.562821239233016968e-02,4.441873729228973389e-02,4.575941339135169983e-02,4.602478072047233582e-02,4.521294683218002319e-02,4.611521959304809570e-02,4.484732449054718018e-02,4.513047635555267334e-02,4.481309279799461365e-02
5.907712427444994363e-02,9.300735655415337533e-06,4.760131239891052246e-02,4.592613130807876587e-02,4.626841098070144653e-02,4.610471427440643311e-02,4.661209881305694580e-02,4.592512175440788269e-02,4.621689394116401672e-02,4.490965604782104492e-02,4.503938555717468262e-02,4.598091542720794678e-02,4.451029747724533081e-02,4.787258058786392212e-02,4.661107063293457031e-02,4.553214833140373230e-02,4.633270949125289917e-02
5.924130042031985899e-02,9.250631592294666916e-06,4.694225639104843140e-02,4.728512838482856750e-02,4.436418786644935608e-02,4.556972533464431763e-02,4.670321941375732422e-02,4.647638648748397827e-02,4.579243808984756470e-02,4.620284959673881531e-02,4.662422463297843933e-02,4.483839496970176697e-02,4.556514695286750793e-02,4.591119661927223206e-02,4.558059200644493103e-02,4.479200392961502075e-02,4.522353410720825195e-02
5.940547656618977435e-02,9.185591807181481272e-06,4.572622105479240417e-02,4.532123729586601257e-02,4.744813591241836548e-02,4.495264589786529541e-02,4.596522450447082520e-02,4.524847120046615601e-02,4.468068107962608337e-02,4.530644416809082031e-02,4.657215252518653870e-02,4.566293954849243164e-02,4.583887383341789246e-02,4.470533132553100586e-02,4.538492485880851746e-02,4.478291049599647522e-02,4.504144936800003052e-02
5.956965271205970358e-02,9.214120836986694485e-06,4.612501338124275208e-02,4.651843756437301636e-02,4.529169201850891113e-02,4.638429731130599976e-02,4.565633833408355713e-02,4.566434770822525024e-02,4.426737874746322632e-02,4.569308832287788391e-02,4.721941798925399780e-02,4.518190026283264160e-02,4.541902244091033936e-02,4.496175795793533325e-02,4.548703506588935852e-02,4.459611326456069946e-02,4.564749076962471008e-02
5.973382885792961894e-02,9.283727194997482002e-06,4.543484002351760864e-02,4.556720703840255737e-02,4.594866931438446045e-02,4.696014523506164551e-02,4.493217915296554565e-02,4.606458917260169983e-02,4.645076394081115723e-02,4.589374363422393799e-02,4.590593278408050537e-02,4.678598791360855103e-02,4.607790708541870117e-02,4.651777073740959167e-02,4.563073813915252686e-02,4.584373533725738525e-02,4.572253301739692688e-02
5.989800500379953430e-02,9.187316209136042744e-06,4.522669315338134766e-02,4.644290730357170105e-02,4.718383401632308960e-02,4.595567658543586731e-02,4.637527093291282654e-02,4.447961226105690002e-02,4.612259939312934875e-02,4.428076371550559998e-02,4.593237489461898804e-02,4.408955201506614685e-02,4.697365686297416687e-02,4.506200924515724182e-02,4.490540176630020142e-02,4.512798786163330078e-02,4.471993073821067810e-02
6.006218114966945659e-02,9.193294317810796201e-06,4.503362998366355896e-02,4.601168632507324219e-02,4.671527817845344543e-02,4.663057252764701843e-02,4.674834012985229492e-02,4.622562229633331299e-02,4.525913298130035400e-02,4.645473510026931763e-02,4.495582729578018188e-02,4.460567608475685120e-02,4.486937448382377625e-02,4.431304335594177246e-02,4.449179023504257202e-02,4.485979303717613220e-02,4.632431268692016602e-02
6.022635729553937889e-02,9.222360858984757215e-06,4.533913731575012207e-02,4.617140814661979675e-02,4.614088684320449829e-02,4.593963548541069031e-02,4.571672156453132629e-02,4.646357893943786621e-02,4.732135310769081116e-02,4.470695555210113525e-02,4.649141430854797363e-02,4.502896964550018311e-02,4.537483304738998413e-02,4.341637715697288513e-02,4.617277905344963074e-02,4.556887596845626831e-02,4.464484006166458130e-02
6.039053344140929425e-02,9.205755304719787091e-06,4.641247913241386414e-02,4.593873769044876099e-02,4.656990244984626770e-02,4.756373912096023560e-02,4.564030840992927551e-02,4.534850269556045532e-02,4.595276713371276855e-02,4.398804530501365662e-02,4.688756540417671204e-02,4.430967941880226135e-02,4.469795525074005127e-02,4.517899081110954285e-02,4.523453116416931152e-02,4.609481617808341980e-02,4.469103738665580750e-02
6.055470958727921654e-02,9.098295777221210301e-06,4.542601481080055237e-02,4.625292122364044189e-02,4.555273801088333130e-02,4.439841955900192261e-02,4.528333619236946106e-02,4.501827061176300049e-02,4.517076909542083740e-02,4.463847354054450989e-02,4.386480152606964111e-02,4.542639106512069702e-02,4.541801661252975464e-02,4.559302330017089844e-02,4.643436148762702942e-02,4.396775364875793457e-02,4.401307180523872375e-02
6.071888573314913884e-02,9.194081940222531557e-06,4.567379876971244812e-02,4.553003236651420593e-02,4.623118415474891663e-02,4.703431203961372375e-02,4.622632637619972229e-02,4.470648616552352905e-02,4.460793733596801758e-02,4.623749107122421265e-02,4.546885937452316284e-02,4.596679657697677612e-02,4.604090005159378052e-02,4.461498931050300598e-02,4.686037823557853699e-02,4.431320726871490479e-02,4.439358040690422058e-02
6.088306187901905420e-02,9.185294402414001524e-06,4.424720630049705505e-02,4.486391693353652954e-02,4.613070935010910034e-02,4.528514295816421509e-02,4.624498263001441956e-02,4.671197757124900818e-02,4.603359848260879517e-02,4.519105702638626099e-02,4.512729868292808533e-02,4.656067490577697754e-02,4.673703387379646301e-02,4.452579841017723083e-02,4.501458629965782166e-02,4.536000266671180725e-02,4.494188725948333740e-02
6.104723802488896955e-02,9.096792382479179651e-06,4.577847570180892944e-02,4.447997361421585083e-02,4.476339370012283325e-02,4.460374638438224792e-02,4.678544774651527405e-02,4.575403779745101929e-02,4.571714624762535095e-02,4.519639164209365845e-02,4.516727849841117859e-02,4.635826870799064636e-02,4.371837899088859558e-02,4.559298977255821228e-02,4.288474842905998230e-02,4.491771012544631958e-02,4.448200389742851257e-02
6.121141417075889879e-02,9.117332410824019462e-06,4.617974907159805298e-02,4.391257464885711670e-02,4.555013775825500488e-02,4.446727782487869263e-02,4.499513283371925354e-02,4.676312208175659180e-02,4.577123001217842102e-02,4.542261734604835510e-02,4.435003176331520081e-02,4.514282569289207458e-02,4.582513123750686646e-02,4.497435316443443298e-02,4.503765329718589783e-02,4.538414254784584045e-02,4.471275210380554199e-02
6.137559031662881415e-02,9.093854714592453092e-06,4.588599503040313721e-02,4.641086980700492859e-02,4.590421169996261597e-02,4.598977789282798767e-02,4.545681923627853394e-02,4.456201940774917603e-02,4.544647037982940674e-02,4.444073140621185303e-02,4.364818334579467773e-02,4.499394074082374573e-02,4.590205475687980652e-02,4.433215782046318054e-02,4.415799304842948914e-02,4.393257945775985718e-02,4.560679569840431213e-02
