2.436353949327713705e-03,1.494468160672113299e-04,3.575049400329589844e+00,3.573138713836669922e+00,3.631602287292480469e+00,3.553709506988525391e+00,3.575855255126953125e+00,3.652408361434936523e+00,3.619137525558471680e+00,3.589229106903076172e+00,3.547542810440063477e+00,3.575843811035156250e+00,3.568819046020507812e+00,3.511738538742065430e+00,3.629631280899047852e+00,3.460784435272216797e+00,3.605137825012207031e+00
2.600530095197632965e-03,1.241669524461030960e-04,2.957983970642089844e+00,3.009866476058959961e+00,2.927844524383544922e+00,3.004073143005371094e+00,2.999994754791259766e+00,2.959324836730957031e+00,2.965847730636596680e+00,3.023926973342895508e+00,2.967424154281616211e+00,2.950832128524780273e+00,2.944837093353271484e+00,2.928854227066040039e+00,3.047413349151611328e+00,2.971950769424438477e+00,2.922121047973632812e+00
2.764706241067552660e-03,1.046205361490137875e-04,2.473991155624389648e+00,2.529166221618652344e+00,2.575945854187011719e+00,2.505722522735595703e+00,2.509696245193481445e+00,2.559419631958007812e+00,2.472772598266601562e+00,2.465909481048583984e+00,2.520048856735229492e+00,2.490674257278442383e+00,2.446535348892211914e+00,2.497193813323974609e+00,2.481853008270263672e+00,2.475645780563354492e+00,2.495559453964233398e+00
2.928882386937472354e-03,8.997481927508488297e-05,2.215592384338378906e+00,2.128911256790161133e+00,2.170409440994262695e+00,2.192627668380737305e+00,2.144259929656982422e+00,2.072093725204467773e+00,2.171413660049438477e+00,2.158728361129760742e+00,2.153701782226562500e+00,2.174167156219482422e+00,2.113755226135253906e+00,2.145639896392822266e+00,2.170564651489257812e+00,2.121827363967895508e+00,2.173028707504272461e+00
3.093058532807391615e-03,7.712141086813062429e-05,1.864495038986206055e+00,1.825355648994445801e+00,1.880572080612182617e+00,1.838575839996337891e+00,1.891192197799682617e+00,1.890153527259826660e+00,1.826868176460266113e+00,1.866552710533142090e+00,1.862150311470031738e+00,1.800237536430358887e+00,1.842425823211669922e+00,1.821449995040893555e+00,1.823615312576293945e+00,1.902977466583251953e+00,1.811168551445007324e+00
3.257234678677311309e-03,6.764248246327042580e-05,1.642081618309020996e+00,1.614854574203491211e+00,1.616574764251708984e+00,1.634722471237182617e+00,1.625544190406799316e+00,1.634839296340942383e+00,1.615829706192016602e+00,1.640937328338623047e+00,1.643972992897033691e+00,1.620357394218444824e+00,1.594383120536804199e+00,1.561967372894287109e+00,1.607440352439880371e+00,1.599870562553405762e+00,1.645243287086486816e+00
3.421410824547230570e-03,5.996925028739497066e-05,1.460306525230407715e+00,1.433698892593383789e+00,1.460418105125427246e+00,1.422972083091735840e+00,1.424604773521423340e+00,1.439096927642822266e+00,1.432808518409729004e+00,1.448198914527893066e+00,1.460717916488647461e+00,1.439366817474365234e+00,1.428050041198730469e+00,1.404285550117492676e+00,1.450973868370056152e+00,1.434239745140075684e+00,1.442336320877075195e+00
3.585586970417150264e-03,5.355323446565307677e-05,1.275535821914672852e+00,1.261152505874633789e+00,1.326535701751708984e+00,1.278190970420837402e+00,1.266749501228332520e+00,1.250542402267456055e+00,1.282634019851684570e+00,1.334090471267700195e+00,1.278762817382812500e+00,1.282457232475280762e+00,1.293677926063537598e+00,1.258872747421264648e+00,1.284359455108642578e+00,1.304344773292541504e+00,1.253400087356567383e+00
3.749763116287069525e-03,4.806930155609734356e-05,1.165831804275512695e+00,1.143465280532836914e+00,1.133866071701049805e+00,1.139801383018493652e+00,1.159207820892333984e+00,1.125465512275695801e+00,1.146376490592956543e+00,1.180343270301818848e+00,1.140612244606018066e+00,1.154942274093627930e+00,1.168687820434570312e+00,1.170787215232849121e+00,1.140282392501831055e+00,1.170744061470031738e+00,1.149655699729919434e+00
3.913939262156988785e-03,4.308012285036966205e-05,1.032406330108642578e+00,1.023766994476318359e+00,1.030009865760803223e+00,1.043989419937133789e+00,1.042537569999694824e+00,1.051180005073547363e+00,1.035322666168212891e+00,1.023948550224304199e+00,1.041830897331237793e+00,1.037915110588073730e+00,1.041398525238037109e+00,9.962220191955566406e-01,1.021375060081481934e+00,1.033908963203430176e+00,1.033248901367187500e+00
4.078115408026909347e-03,3.880689473589882255e-05,9.279869198799133301e-01,9.723314046859741211e-01,9.337709546089172363e-01,9.624787569046020508e-01,9.019074440002441406e-01,9.283540844917297363e-01,9.103715419769287109e-01,9.255002140998840332e-01,9.418027997016906738e-01,9.312859177589416504e-01,9.486168622970581055e-01,9.185327291488647461e-01,9.333899617195129395e-01,9.452948570251464844e-01,9.432274699211120605e-01
4.242291553896828174e-03,3.571307752281427383e-05,8.539727926254272461e-01,8.644366860389709473e-01,8.418380022048950195e-01,8.599594831466674805e-01,8.533591628074645996e-01,8.630179166793823242e-01,8.634819388389587402e-01,8.514459133148193359e-01,8.650370836257934570e-01,8.741171956062316895e-01,8.592797517776489258e-01,8.196760416030883789e-01,8.300501108169555664e-01,8.715438842773437500e-01,8.480021953582763672e-01
4.406467699766747001e-03,3.233124152757227421e-05,7.928910851478576660e-01,7.673936486244201660e-01,7.704671025276184082e-01,7.970323562622070312e-01,7.543237805366516113e-01,7.591879367828369141e-01,7.848705649375915527e-01,7.884978055953979492e-01,7.760858535766601562e-01,7.813179492950439453e-01,7.715473771095275879e-01,7.780892252922058105e-01,7.758974432945251465e-01,7.774536609649658203e-01,7.518053650856018066e-01
4.570643845636667563e-03,2.981056422868277878e-05,7.340837717056274414e-01,7.199559807777404785e-01,7.177165150642395020e-01,7.177919745445251465e-01,7.121109962463378906e-01,7.278584241867065430e-01,7.138477563858032227e-01,7.340976595878601074e-01,7.035960555076599121e-01,7.132202982902526855e-01,7.024162411689758301e-01,7.264338731765747070e-01,7.156937718391418457e-01,7.022958993911743164e-01,7.039244771003723145e-01
4.734819991506586390e-03,2.783375566650647670e-05,6.800269484519958496e-01,6.564669013023376465e-01,6.566169261932373047e-01,6.711994409561157227e-01,6.956952810287475586e-01,6.729805469512939453e-01,6.747354865074157715e-01,6.743004322052001953e-01,6.650832295417785645e-01,6.652445793151855469e-01,6.427527070045471191e-01,6.675225496292114258e-01,6.755190491676330566e-01,6.558750867843627930e-01,6.691129803657531738e-01
4.898996137376506084e-03,2.518457040423527360e-05,6.241384148597717285e-01,5.977622866630554199e-01,5.929166078567504883e-01,6.021585464477539062e-01,6.029544472694396973e-01,5.911008119583129883e-01,6.124622821807861328e-01,6.133816242218017578e-01,6.097252368927001953e-01,6.108849048614501953e-01,6.065642833709716797e-01,6.133630871772766113e-01,6.112528443336486816e-01,6.175132989883422852e-01,5.887162685394287109e-01
5.063172283246425778e-03,2.363175735808908939e-05,5.957838296890258789e-01,5.462629199028015137e-01,5.692365765571594238e-01,5.582838058471679688e-01,5.681437849998474121e-01,5.894018411636352539e-01,5.658060312271118164e-01,5.376940369606018066e-01,5.594549179077148438e-01,5.902773141860961914e-01,5.686726570129394531e-01,5.714321732521057129e-01,5.622264742851257324e-01,5.706579685211181641e-01,5.673220157623291016e-01
5.227348429116344605e-03,2.201251299993600696e-05,5.258303880691528320e-01,5.293288826942443848e-01,5.338941216468811035e-01,5.291325449943542480e-01,5.132243037223815918e-01,5.397744178771972656e-01,5.347231626510620117e-01,5.154166221618652344e-01,5.217333436012268066e-01,5.184252262115478516e-01,5.310877561569213867e-01,5.155970454216003418e-01,5.262597799301147461e-01,5.141909718513488770e-01,5.181317925453186035e-01
5.391524574986265167e-03,2.011307515203952789e-05,4.802106022834777832e-01,4.727379381656646729e-01,4.824284315109252930e-01,4.877915382385253906e-01,4.815803766250610352e-01,4.992556869983673096e-01,4.756389558315277100e-01,4.730024635791778564e-01,4.934348464012145996e-01,4.745188057422637939e-01,5.029966235160827637e-01,4.852303564548492432e-01,4.794897437095642090e-01,4.781745672225952148e-01,4.531951546669006348e-01
5.555700720856183994e-03,1.932408849825151265e-05,4.606478512287139893e-01,4.673891961574554443e-01,4.657967984676361084e-01,4.704823791980743408e-01,4.535607695579528809e-01,4.676164984703063965e-01,4.868806004524230957e-01,4.644098579883575439e-01,4.554022252559661865e-01,4.675234258174896240e-01,4.494107961654663086e-01,4.511990845203399658e-01,4.712139964103698730e-01,4.806344807147979736e-01,4.577568769454956055e-01
5.719876866726103688e-03,1.770319977367762476e-05,4.204588830471038818e-01,4.498118460178375244e-01,4.358677864074707031e-01,4.145602285861968994e-01,4.232378005981445312e-01,4.222730398178100586e-01,4.259785115718841553e-01,4.091105759143829346e-01,4.256216585636138916e-01,4.140084385871887207e-01,4.407464563846588135e-01,4.342813789844512939e-01,4.328596889972686768e-01,4.286803305149078369e-01,4.200617671012878418e-01
5.884053012596023383e-03,1.653056096984073520e-05,3.952278196811676025e-01,4.080120325088500977e-01,3.999962806701660156e-01,4.023151993751525879e-01,3.760123848915100098e-01,3.967176675796508789e-01,4.160250127315521240e-01,3.786267340183258057e-01,4.060865044593811035e-01,3.926958739757537842e-01,3.934804201126098633e-01,3.911813497543334961e-01,4.014902114868164062e-01,3.954312503337860107e-01,3.919663429260253906e-01
6.048229158465942210e-03,1.561462886456865817e-05,3.878970146179199219e-01,3.791770637035369873e-01,3.667040169239044189e-01,3.844665586948394775e-01,3.659696877002716064e-01,3.777577579021453857e-01,3.802689611911773682e-01,3.749275803565979004e-01,3.771975040435791016e-01,3.749914765357971191e-01,3.672847151756286621e-01,3.657148182392120361e-01,3.744497895240783691e-01,3.762906789779663086e-01,3.785122334957122803e-01
6.212405304335862771e-03,1.456910376873565838e-05,3.579710423946380615e-01,3.642497956752777100e-01,3.592063486576080322e-01,3.449833095073699951e-01,3.529340326786041260e-01,3.342202603816986084e-01,3.617101311683654785e-01,3.544997274875640869e-01,3.612252771854400635e-01,3.430989682674407959e-01,3.562833964824676514e-01,3.350872993469238281e-01,3.427067697048187256e-01,3.472349941730499268e-01,3.469231128692626953e-01
6.376581450205781598e-03,1.372189581161364913e-05,3.219654262065887451e-01,3.283490240573883057e-01,3.172726631164550781e-01,3.467036485671997070e-01,3.206387162208557129e-01,3.379097282886505127e-01,3.381681442260742188e-01,3.304857015609741211e-01,3.191342353820800781e-01,3.401748239994049072e-01,3.182650804519653320e-01,3.355383574962615967e-01,3.331476747989654541e-01,3.348388969898223877e-01,3.362931311130523682e-01
6.540757596075701293e-03,1.319852253800490871e-05,3.171533346176147461e-01,3.223492503166198730e-01,3.287141919136047363e-01,3.221379220485687256e-01,3.015623092651367188e-01,3.244307935237884521e-01,3.127518296241760254e-01,3.211102485656738281e-01,3.066175282001495361e-01,3.167469501495361328e-01,3.209650516510009766e-01,3.153276145458221436e-01,3.207775056362152100e-01,3.190951645374298096e-01,3.184354603290557861e-01
6.704933741945620987e-03,1.241948939423309639e-05,3.040113449096679688e-01,2.923706769943237305e-01,2.925120890140533447e-01,2.833933532238006592e-01,3.021794259548187256e-01,3.121600449085235596e-01,2.938457727432250977e-01,2.893353700637817383e-01,2.871410846710205078e-01,3.034185171127319336e-01,3.027759492397308350e-01,3.014370799064636230e-01,3.048636913299560547e-01,2.970529794692993164e-01,2.934806346893310547e-01
6.869109887815539814e-03,1.182622054329840466e-05,2.817465364933013916e-01,2.920105159282684326e-01,2.742792367935180664e-01,2.898660600185394287e-01,2.822634875774383545e-01,2.719222903251647949e-01,2.841616868972778320e-01,2.787428796291351318e-01,2.786442935466766357e-01,2.895909249782562256e-01,2.906836867332458496e-01,2.949485480785369873e-01,2.890720665454864502e-01,2.838569581508636475e-01,2.821056842803955078e-01
7.033286033685460376e-03,1.107143907574936748e-05,2.746684849262237549e-01,2.614487111568450928e-01,2.718364894390106201e-01,2.623328268527984619e-01,2.674395143985748291e-01,2.692269384860992432e-01,2.597673535346984863e-01,2.599722743034362793e-01,2.615327239036560059e-01,2.647550702095031738e-01,2.681720852851867676e-01,2.598497271537780762e-01,2.566953897476196289e-01,2.631129324436187744e-01,2.675675749778747559e-01
7.197462179555379203e-03,1.043246902554528788e-05,2.404307425022125244e-01,2.580650746822357178e-01,2.538612782955169678e-01,2.486029565334320068e-01,2.544880211353302002e-01,2.392198890447616577e-01,2.435666918754577637e-01,2.610182762145996094e-01,2.444703727960586548e-01,2.424264103174209595e-01,2.412854582071304321e-01,2.593536376953125000e-01,2.543523907661437988e-01,2.499868273735046387e-01,2.509157359600067139e-01
7.361638325425298029e-03,9.969500752049498260e-06,2.420383840799331665e-01,2.451048791408538818e-01,2.405504733324050903e-01,2.396141886711120605e-01,2.327971756458282471e-01,2.377554923295974731e-01,2.413931638002395630e-01,2.285072505474090576e-01,2.300948649644851685e-01,2.397485971450805664e-01,2.397193163633346558e-01,2.436240017414093018e-01,2.442632764577865601e-01,2.352414578199386597e-01,2.391778081655502319e-01
7.525814471295218591e-03,9.558332749293185771e-06,2.247375249862670898e-01,2.280390858650207520e-01,2.339237481355667114e-01,2.327623963356018066e-01,2.293004542589187622e-01,2.297892123460769653e-01,2.204077392816543579e-01,2.341041713953018188e-01,2.266638875007629395e-01,2.306894361972808838e-01,2.210550457239151001e-01,2.294489890336990356e-01,2.315944582223892212e-01,2.264889776706695557e-01,2.212280184030532837e-01
7.689990617165137418e-03,9.259639227821025997e-06,2.178717255592346191e-01,2.206148207187652588e-01,2.295200824737548828e-01,2.309039384126663208e-01,2.327495217323303223e-01,2.125474810600280762e-01,2.231255918741226196e-01,2.252041399478912354e-01,2.284210771322250366e-01,2.174018174409866333e-01,2.261655926704406738e-01,2.151620835065841675e-01,2.204319834709167480e-01,2.075828313827514648e-01,2.250264585018157959e-01
7.854166763035057980e-03,8.927826456783805043e-06,2.223521023988723755e-01,2.182755023241043091e-01,2.132854163646697998e-01,2.095718383789062500e-01,2.139075696468353271e-01,2.125729918479919434e-01,2.108232080936431885e-01,2.119830846786499023e-01,2.104861736297607422e-01,2.076788693666458130e-01,2.206809073686599731e-01,2.159204035997390747e-01,2.168939709663391113e-01,2.131731212139129639e-01,2.158334106206893921e-01
8.018342908904976807e-03,8.474485184706281871e-06,1.990122795104980469e-01,2.136425822973251343e-01,2.055217325687408447e-01,2.049830853939056396e-01,2.110869735479354858e-01,2.110240310430526733e-01,1.947429627180099487e-01,2.086731493473052979e-01,1.998864263296127319e-01,1.898160874843597412e-01,2.113863825798034668e-01,2.040443271398544312e-01,2.018116563558578491e-01,1.977245360612869263e-01,1.992568224668502808e-01
8.182519054774895634e-03,8.129975867632310838e-06,1.983476877212524414e-01,1.987380683422088623e-01,1.962846964597702026e-01,1.972762048244476318e-01,1.958225220441818237e-01,1.921873539686203003e-01,1.903199553489685059e-01,1.934789866209030151e-01,1.978754550218582153e-01,1.939174085855484009e-01,1.865864098072052002e-01,1.977234035730361938e-01,2.002309709787368774e-01,1.947269290685653687e-01,1.926176846027374268e-01
8.346695200644816195e-03,7.698518857068847865e-06,1.680038422346115112e-01,1.857629567384719849e-01,1.939922124147415161e-01,1.844971477985382080e-01,1.820948719978332520e-01,1.853056848049163818e-01,1.919853389263153076e-01,1.851384788751602173e-01,1.850077509880065918e-01,1.853312551975250244e-01,1.884614527225494385e-01,1.848416030406951904e-01,1.790802776813507080e-01,1.865818649530410767e-01,1.878737062215805054e-01
8.510871346514735022e-03,7.478533007088117301e-06,1.811883151531219482e-01,1.716317981481552124e-01,1.783830076456069946e-01,1.828687191009521484e-01,1.820066869258880615e-01,1.804391294717788696e-01,1.859955340623855591e-01,1.736943721771240234e-01,1.809713989496231079e-01,1.829395145177841187e-01,1.792346090078353882e-01,1.774442493915557861e-01,1.745240539312362671e-01,1.749689877033233643e-01,1.766245961189270020e-01
8.675047492384653849e-03,7.255892342072911561e-06,1.771470010280609131e-01,1.823763102293014526e-01,1.721339374780654907e-01,1.772102713584899902e-01,1.782663762569427490e-01,1.713833957910537720e-01,1.805019825696945190e-01,1.734257042407989502e-01,1.680038720369338989e-01,1.761928796768188477e-01,1.755369752645492554e-01,1.726897805929183960e-01,1.652270853519439697e-01,1.669794768095016479e-01,1.751866191625595093e-01
8.839223638254574411e-03,7.051423381199128926e-06,1.782440692186355591e-01,1.695961654186248779e-01,1.646761000156402588e-01,1.634168773889541626e-01,1.681322902441024780e-01,1.773875504732131958e-01,1.710522621870040894e-01,1.736284345388412476e-01,1.675825715065002441e-01,1.614576876163482666e-01,1.732469201087951660e-01,1.652215868234634399e-01,1.627130061388015747e-01,1.672958880662918091e-01,1.734085381031036377e-01
9.003399784124493238e-03,6.831852715549757704e-06,1.715368330478668213e-01,1.588239818811416626e-01,1.642645746469497681e-01,1.653743386268615723e-01,1.601190119981765747e-01,1.576400399208068848e-01,1.734225749969482422e-01,1.627308130264282227e-01,1.640562266111373901e-01,1.687925755977630615e-01,1.634553670883178711e-01,1.610994488000869751e-01,1.618937402963638306e-01,1.647519022226333618e-01,1.637292802333831787e-01
9.167575929994413800e-03,6.482697244791779667e-06,1.533662229776382446e-01,1.482900381088256836e-01,1.577019244432449341e-01,1.570300906896591187e-01,1.622171103954315186e-01,1.562984734773635864e-01,1.533018052577972412e-01,1.589829623699188232e-01,1.526340097188949585e-01,1.548876315355300903e-01,1.577632874250411987e-01,1.517115384340286255e-01,1.541348397731781006e-01,1.618733555078506470e-01,1.544792205095291138e-01
9.331752075864332627e-03,6.249902980925980955e-06,1.527493000030517578e-01,1.449823975563049316e-01,1.420090794563293457e-01,1.567665636539459229e-01,1.626155823469161987e-01,1.491305381059646606e-01,1.485285311937332153e-01,1.472542434930801392e-01,1.470151096582412720e-01,1.440103650093078613e-01,1.463529467582702637e-01,1.537118703126907349e-01,1.545285582542419434e-01,1.489450931549072266e-01,1.502779424190521240e-01
9.495928221734251454e-03,6.169961125124245882e-06,1.453604102134704590e-01,1.513774991035461426e-01,1.495283246040344238e-01,1.488690525293350220e-01,1.460146754980087280e-01,1.470689326524734497e-01,1.477298736572265625e-01,1.448487490415573120e-01,1.443229466676712036e-01,1.555062532424926758e-01,1.453325152397155762e-01,1.463746130466461182e-01,1.487729698419570923e-01,1.473108530044555664e-01,1.515605896711349487e-01
9.660104367604172015e-03,6.005109753459692001e-06,1.435191631317138672e-01,1.517442017793655396e-01,1.464126706123352051e-01,1.475234776735305786e-01,1.435994207859039307e-01,1.439852565526962280e-01,1.399627178907394409e-01,1.381742507219314575e-01,1.422693133354187012e-01,1.463380455970764160e-01,1.447948068380355835e-01,1.465618312358856201e-01,1.449167430400848389e-01,1.452257186174392700e-01,1.395969092845916748e-01
9.824280513474090842e-03,5.818142199132125825e-06,1.426174342632293701e-01,1.427272856235504150e-01,1.375021189451217651e-01,1.370075494050979614e-01,1.347179561853408813e-01,1.414843797683715820e-01,1.426073759794235229e-01,1.489505320787429810e-01,1.384151875972747803e-01,1.375644356012344360e-01,1.405363529920578003e-01,1.338229477405548096e-01,1.440885365009307861e-01,1.404546648263931274e-01,1.311126351356506348e-01
9.988456659344011404e-03,5.669696747645502910e-06,1.347274482250213623e-01,1.355688422918319702e-01,1.318156123161315918e-01,1.399497091770172119e-01,1.409172564744949341e-01,1.353122740983963013e-01,1.341141313314437866e-01,1.341918110847473145e-01,1.389663666486740112e-01,1.313234567642211914e-01,1.385239958763122559e-01,1.417123824357986450e-01,1.285149753093719482e-01,1.408567130565643311e-01,1.335124373435974121e-01
1.015263280521393023e-02,5.412991868070093915e-06,1.298639774322509766e-01,1.298910826444625854e-01,1.221495270729064941e-01,1.326858699321746826e-01,1.220583021640777588e-01,1.313755214214324951e-01,1.283930987119674683e-01,1.315134167671203613e-01,1.373102068901062012e-01,1.277729868888854980e-01,1.294472366571426392e-01,1.285520941019058228e-01,1.252589225769042969e-01,1.280495226383209229e-01,1.336307525634765625e-01
1.031680895108384906e-02,5.345288627722766250e-06,1.285207718610763550e-01,1.245639622211456299e-01,1.257186830043792725e-01,1.285797208547592163e-01,1.347191035747528076e-01,1.248951926827430725e-01,1.231266707181930542e-01,1.248842328786849976e-01,1.270846873521804810e-01,1.259874552488327026e-01,1.253167539834976196e-01,1.364654749631881714e-01,1.268726140260696411e-01,1.262853741645812988e-01,1.297226399183273315e-01
1.048098509695376962e-02,5.154809969099005684e-06,1.217275485396385193e-01,1.190026775002479553e-01,1.261384934186935425e-01,1.172904372215270996e-01,1.241159811615943909e-01,1.266926825046539307e-01,1.205714792013168335e-01,1.188334152102470398e-01,1.264614611864089966e-01,1.253400295972824097e-01,1.243167668581008911e-01,1.300369054079055786e-01,1.253175288438796997e-01,1.250002533197402954e-01,1.205752789974212646e-01
1.064516124282369018e-02,5.127839358465280384e-06,1.224087178707122803e-01,1.177747324109077454e-01,1.234444603323936462e-01,1.214588060975074768e-01,1.209434643387794495e-01,1.238456964492797852e-01,1.230163201689720154e-01,1.295732408761978149e-01,1.267428994178771973e-01,1.260893791913986206e-01,1.156959384679794312e-01,1.244316995143890381e-01,1.216004788875579834e-01,1.177314966917037964e-01,1.272548735141754150e-01
1.080933738869360901e-02,4.940447070111986250e-06,1.159733459353446960e-01,1.209604144096374512e-01,1.163463369011878967e-01,1.221644058823585510e-01,1.185401007533073425e-01,1.205989047884941101e-01,1.174071729183197021e-01,1.204326897859573364e-01,1.212478950619697571e-01,1.225844025611877441e-01,1.119913533329963684e-01,1.161913499236106873e-01,1.161853149533271790e-01,1.134332194924354553e-01,1.187241896986961365e-01
1.097351353456352784e-02,4.830469151784200221e-06,1.143308728933334351e-01,1.202924251556396484e-01,1.201635971665382385e-01,1.200661882758140564e-01,1.133144125342369080e-01,1.122605949640274048e-01,1.163968071341514587e-01,1.131360232830047607e-01,1.183621957898139954e-01,1.107464581727981567e-01,1.159596890211105347e-01,1.145895048975944519e-01,1.098915711045265198e-01,1.175405308604240417e-01,1.173379942774772644e-01
1.113768968043344666e-02,4.743606496049324051e-06,1.135169416666030884e-01,1.147334650158882141e-01,1.132195293903350830e-01,1.178333461284637451e-01,1.127970442175865173e-01,1.156028807163238525e-01,1.126250699162483215e-01,1.099009811878204346e-01,1.090163141489028931e-01,1.175416931509971619e-01,1.110356375575065613e-01,1.155957058072090149e-01,1.116184741258621216e-01,1.161981895565986633e-01,1.106381490826606750e-01
1.130186582630336549e-02,4.598882242135005072e-06,1.077952012419700623e-01,1.062643900513648987e-01,1.107031852006912231e-01,1.105833053588867188e-01,1.124875545501708984e-01,1.040251702070236206e-01,1.056101694703102112e-01,1.151968538761138916e-01,1.104770526289939880e-01,1.059047803282737732e-01,1.108830943703651428e-01,1.134197488427162170e-01,1.104363501071929932e-01,1.123021245002746582e-01,1.139517575502395630e-01
1.146604197217328605e-02,4.526799330051289871e-06,1.110310629010200500e-01,1.058459505438804626e-01,1.079516783356666565e-01,1.119993627071380615e-01,1.166156902909278870e-01,1.083698496222496033e-01,1.079705506563186646e-01,1.119327396154403687e-01,1.076043471693992615e-01,1.105257868766784668e-01,1.049977391958236694e-01,1.069350317120552063e-01,1.044961735606193542e-01,1.084946021437644958e-01,1.073118522763252258e-01
1.163021811804320661e-02,4.444751084520248696e-06,1.111610308289527893e-01,1.014818474650382996e-01,1.150362119078636169e-01,1.090470030903816223e-01,1.056361123919487000e-01,1.119287386536598206e-01,1.053595244884490967e-01,1.013200506567955017e-01,1.055859401822090149e-01,1.023327261209487915e-01,1.066657602787017822e-01,1.064409539103507996e-01,1.097775697708129883e-01,1.053822115063667297e-01,9.992707520723342896e-02
1.179439426391312544e-02,4.364207143225939944e-06,1.063451245427131653e-01,1.047086715698242188e-01,1.104506775736808777e-01,1.079340055584907532e-01,1.056080460548400879e-01,1.076502874493598938e-01,1.056946814060211182e-01,9.757348150014877319e-02,1.046405807137489319e-01,1.039841398596763611e-01,1.079878881573677063e-01,1.025440096855163574e-01,1.001290529966354370e-01,1.052879616618156433e-01,1.014081314206123352e-01
1.195857040978304427e-02,4.246148819220252335e-06,1.010052859783172607e-01,1.025379300117492676e-01,1.059778854250907898e-01,9.963160008192062378e-02,1.051372587680816650e-01,9.792408347129821777e-02,1.008873581886291504e-01,1.009661555290222168e-01,1.017314866185188293e-01,1.025305986404418945e-01,9.878990054130554199e-02,9.656519442796707153e-02,1.070180460810661316e-01,1.032781228423118591e-01,1.044078320264816284e-01
1.212274655565296309e-02,4.145176262682070956e-06,9.550342708826065063e-02,9.309096634387969971e-02,9.892580658197402954e-02,1.015995964407920837e-01,1.012625247240066528e-01,9.960819035768508911e-02,9.898292273283004761e-02,1.012318953871726990e-01,9.995226562023162842e-02,1.042843014001846313e-01,1.012676358222961426e-01,1.006998345255851746e-01,9.668000787496566772e-02,9.866132587194442749e-02,1.017939150333404541e-01
1.228692270152288366e-02,4.152439032623078674e-06,9.403135627508163452e-02,1.048177853226661682e-01,1.034504324197769165e-01,9.838055819272994995e-02,1.025240123271942139e-01,1.015780568122863770e-01,9.762237221002578735e-02,9.575280547142028809e-02,9.413025528192520142e-02,9.847909212112426758e-02,9.814059734344482422e-02,1.035431325435638428e-01,9.842175990343093872e-02,9.969782084226608276e-02,1.012961044907569885e-01
1.245109884739280422e-02,4.051527866977266967e-06,1.032722070813179016e-01,1.016596853733062744e-01,9.211613237857818604e-02,9.482564777135848999e-02,9.987961500883102417e-02,9.499078989028930664e-02,9.541150182485580444e-02,9.810618311166763306e-02,1.005584895610809326e-01,9.745755791664123535e-02,9.665726870298385620e-02,9.943460673093795776e-02,9.812851995229721069e-02,9.647472202777862549e-02,9.659050405025482178e-02
1.261527499326272304e-02,3.986201591033022851e-06,9.669230878353118896e-02,9.344735741615295410e-02,9.501216560602188110e-02,9.371023625135421753e-02,9.795790910720825195e-02,9.988952428102493286e-02,9.789954870939254761e-02,9.464123100042343140e-02,9.197298437356948853e-02,9.308180958032608032e-02,9.625472873449325562e-02,9.846962243318557739e-02,9.414285421371459961e-02,9.851345419883728027e-02,1.006891354918479919e-01
1.277945113913264187e-02,3.953040504711680114e-06,9.663956612348556519e-02,9.615866839885711670e-02,9.436953812837600708e-02,9.246945381164550781e-02,1.013469472527503967e-01,9.629285335540771484e-02,9.011668711900711060e-02,9.422621130943298340e-02,9.607905149459838867e-02,9.602290391921997070e-02,9.437502920627593994e-02,9.796293824911117554e-02,9.138131141662597656e-02,8.601944148540496826e-02,9.289789944887161255e-02
1.294362728500256070e-02,3.874308276863303035e-06,8.964364975690841675e-02,9.422446787357330322e-02,8.968017995357513428e-02,9.596326947212219238e-02,8.927944302558898926e-02,9.318120032548904419e-02,9.906005114316940308e-02,9.356661140918731689e-02,9.213318675756454468e-02,9.092453122138977051e-02,9.237008541822433472e-02,8.769821375608444214e-02,1.008488908410072327e-01,9.179656207561492920e-02,9.261758625507354736e-02
1.310780343087248126e-02,3.752127895495505072e-06,9.136542677879333496e-02,9.183219820261001587e-02,8.967304229736328125e-02,8.913589268922805786e-02,9.105199575424194336e-02,9.423458576202392578e-02,9.163507819175720215e-02,9.549956023693084717e-02,8.917856961488723755e-02,8.954438567161560059e-02,8.881328999996185303e-02,8.538211882114410400e-02,8.579809218645095825e-02,9.160459041595458984e-02,9.312773495912551880e-02
1.327197957674240182e-02,3.725085207406664267e-06,8.705447614192962646e-02,8.867380023002624512e-02,8.878560364246368408e-02,8.781603723764419556e-02,8.520872145891189575e-02,9.054246544837951660e-02,9.243337810039520264e-02,8.766402304172515869e-02,9.134904295206069946e-02,9.435057640075683594e-02,9.281110018491744995e-02,8.656687289476394653e-02,9.186289459466934204e-02,8.948680013418197632e-02,9.053969383239746094e-02
1.343615572261232065e-02,3.620274810600676574e-06,8.137931674718856812e-02,8.394290506839752197e-02,8.613327890634536743e-02,8.483514189720153809e-02,8.911132067441940308e-02,8.612179756164550781e-02,8.680836856365203857e-02,9.315238893032073975e-02,8.715753257274627686e-02,9.003244340419769287e-02,9.004839509725570679e-02,9.093956649303436279e-02,8.664693683385848999e-02,8.426136523485183716e-02,8.810684829950332642e-02
1.360033186848223948e-02,3.600264108172268607e-06,8.444284647703170776e-02,8.460435271263122559e-02,8.856951445341110229e-02,9.132464230060577393e-02,8.768530935049057007e-02,8.555915206670761108e-02,8.222353458404541016e-02,8.516832441091537476e-02,8.733621984720230103e-02,8.417430520057678223e-02,7.899743318557739258e-02,9.093395620584487915e-02,9.089256078004837036e-02,8.791728317737579346e-02,9.223433583974838257e-02
1.376450801435215830e-02,3.543844741216162220e-06,8.083226531744003296e-02,8.619217574596405029e-02,8.655773103237152100e-02,8.356373757123947144e-02,8.264514803886413574e-02,8.406382799148559570e-02,8.652707189321517944e-02,9.044064581394195557e-02,8.524733781814575195e-02,8.663833886384963989e-02,8.650396019220352173e-02,7.846009731292724609e-02,8.624431490898132324e-02,7.687868177890777588e-02,8.821891993284225464e-02
1.392868416022207886e-02,3.517321601975709200e-06,8.112403750419616699e-02,8.344268053770065308e-02,8.149494975805282593e-02,8.372665941715240479e-02,8.207152783870697021e-02,8.319684863090515137e-02,8.191045373678207397e-02,8.827357739210128784e-02,8.239623904228210449e-02,8.534856140613555908e-02,8.762142807245254517e-02,8.039057254791259766e-02,8.693850785493850708e-02,8.592626452445983887e-02,8.780257403850555420e-02
1.409286030609199943e-02,3.424843043831060641e-06,8.094468712806701660e-02,8.416203409433364868e-02,7.951014488935470581e-02,7.917982339859008789e-02,8.173058182001113892e-02,8.361469209194183350e-02,7.850738614797592163e-02,8.711310476064682007e-02,7.952519506216049194e-02,8.665001392364501953e-02,8.060725033283233643e-02,8.476113528013229370e-02,7.960790395736694336e-02,8.461032807826995850e-02,8.519005030393600464e-02
1.425703645196191825e-02,3.452374812695779838e-06,8.519807457923889160e-02,8.285439759492874146e-02,8.423127979040145874e-02,8.581999689340591431e-02,8.218404650688171387e-02,7.511156797409057617e-02,8.146566152572631836e-02,8.082331717014312744e-02,8.066388964653015137e-02,8.721515536308288574e-02,8.212921768426895142e-02,8.280757814645767212e-02,8.407772332429885864e-02,8.904440701007843018e-02,8.643605560064315796e-02
1.442121259783183708e-02,3.346968469486455433e-06,8.217916637659072876e-02,7.493083178997039795e-02,8.115178346633911133e-02,7.781683653593063354e-02,7.856846600770950317e-02,8.704075217247009277e-02,7.628136873245239258e-02,8.350349217653274536e-02,8.573044091463088989e-02,7.854876667261123657e-02,7.714221626520156860e-02,8.451438695192337036e-02,7.965692877769470215e-02,8.045837283134460449e-02,7.949547469615936279e-02
1.458538874370175591e-02,3.290238737463369034e-06,7.789864391088485718e-02,7.811459898948669434e-02,7.353564351797103882e-02,7.809750735759735107e-02,7.928910106420516968e-02,7.242302596569061279e-02,8.059374988079071045e-02,8.046627789735794067e-02,7.846312224864959717e-02,7.977204769849777222e-02,7.819886505603790283e-02,8.148290961980819702e-02,8.499354869127273560e-02,7.903216779232025146e-02,8.028016984462738037e-02
1.474956488957167647e-02,3.289509550086222589e-06,7.505511492490768433e-02,8.043231815099716187e-02,7.979819923639297485e-02,8.483380079269409180e-02,7.830512523651123047e-02,8.221574127674102783e-02,7.951774448156356812e-02,8.025428652763366699e-02,7.955384254455566406e-02,7.588615268468856812e-02,7.515357434749603271e-02,7.668180018663406372e-02,8.534983545541763306e-02,7.635896652936935425e-02,7.806413620710372925e-02
1.491374103544159703e-02,3.155935246468288824e-06,7.142724096775054932e-02,7.641265541315078735e-02,7.697051018476486206e-02,7.284954190254211426e-02,7.751616835594177246e-02,8.106067776679992676e-02,7.880423963069915771e-02,7.598870247602462769e-02,7.694637030363082886e-02,7.511079311370849609e-02,7.134356349706649780e-02,7.183291018009185791e-02,7.543200999498367310e-02,7.985994964838027954e-02,7.333498448133468628e-02
1.507791718131151586e-02,3.173468712702742778e-06,7.836897671222686768e-02,7.494448870420455933e-02,7.790867239236831665e-02,7.411209493875503540e-02,7.975335419178009033e-02,7.974053174257278442e-02,7.300560176372528076e-02,7.033699750900268555e-02,7.968430221080780029e-02,7.824679464101791382e-02,7.710579037666320801e-02,7.702494412660598755e-02,7.839843630790710449e-02,7.507146149873733521e-02,7.004141062498092651e-02
1.524209332718143468e-02,3.153408215439412743e-06,7.437029480934143066e-02,7.812225073575973511e-02,7.356946915388107300e-02,8.003137260675430298e-02,7.085843384265899658e-02,7.638135552406311035e-02,7.629746943712234497e-02,7.534635066986083984e-02,7.147975265979766846e-02,7.604805380105972290e-02,7.519527524709701538e-02,7.978196442127227783e-02,7.112655043601989746e-02,7.477205991744995117e-02,7.258291542530059814e-02
1.540626947305135351e-02,3.113018919975729659e-06,7.632035762071609497e-02,7.676928490400314331e-02,7.386383414268493652e-02,7.106617838144302368e-02,8.094604313373565674e-02,7.547730952501296997e-02,7.177038490772247314e-02,7.854975759983062744e-02,7.532721012830734253e-02,7.190857082605361938e-02,7.682994753122329712e-02,7.433449476957321167e-02,6.998349726200103760e-02,7.105795294046401978e-02,7.848066091537475586e-02
1.557044561892127407e-02,3.096540012847981416e-06,8.060126751661300659e-02,7.418082654476165771e-02,7.315532863140106201e-02,7.596527785062789917e-02,7.205537706613540649e-02,7.773949205875396729e-02,6.938800215721130371e-02,7.395946979522705078e-02,7.110540568828582764e-02,7.401523739099502563e-02,7.465330511331558228e-02,7.725593447685241699e-02,8.205268532037734985e-02,7.213597744703292847e-02,7.237227261066436768e-02
1.573462176479119290e-02,3.040539468202041462e-06,7.258252799510955811e-02,7.838175445795059204e-02,7.529294490814208984e-02,7.251088321208953857e-02,7.271131128072738647e-02,7.447777688503265381e-02,7.290704548358917236e-02,6.946187466382980347e-02,7.110200077295303345e-02,7.364384084939956665e-02,7.836502790451049805e-02,7.399487495422363281e-02,7.218126952648162842e-02,6.879139691591262817e-02,7.365506142377853394e-02
1.589879791066111520e-02,3.039370767510263249e-06,7.204324752092361450e-02,7.242061197757720947e-02,7.244346290826797485e-02,6.952566653490066528e-02,7.427283376455307007e-02,7.315560430288314819e-02,7.356340438127517700e-02,7.457030564546585083e-02,7.127384096384048462e-02,7.172913104295730591e-02,7.310023903846740723e-02,7.616956532001495361e-02,7.548461109399795532e-02,7.082435488700866699e-02,6.871876120567321777e-02
1.606297405653103055e-02,2.975320285258931108e-06,6.976518034934997559e-02,6.805819272994995117e-02,7.309247553348541260e-02,7.174853235483169556e-02,7.084387540817260742e-02,6.864139437675476074e-02,7.248579710721969604e-02,7.145634293556213379e-02,7.201462239027023315e-02,7.291206717491149902e-02,7.525260001420974731e-02,7.181270420551300049e-02,6.898890435695648193e-02,6.343252211809158325e-02,7.316916435956954956e-02
1.622715020240095285e-02,2.988892902067163959e-06,7.208587229251861572e-02,7.228111475706100464e-02,6.897681206464767456e-02,7.151260972023010254e-02,7.110891491174697876e-02,6.794818490743637085e-02,7.379520684480667114e-02,7.283359020948410034e-02,7.271667569875717163e-02,7.059306651353836060e-02,7.425972074270248413e-02,7.645680010318756104e-02,7.089512050151824951e-02,6.864497810602188110e-02,7.135993242263793945e-02
1.639132634827087168e-02,2.948590690721175633e-06,7.280678302049636841e-02,6.663823127746582031e-02,6.930050998926162720e-02,7.045612484216690063e-02,6.921598315238952637e-02,6.944475322961807251e-02,6.957078725099563599e-02,7.104657590389251709e-02,7.182002067565917969e-02,6.664289534091949463e-02,7.685098797082901001e-02,7.788637280464172363e-02,6.538170576095581055e-02,7.160491496324539185e-02,7.289443910121917725e-02
1.655550249414079050e-02,2.884291006921557710e-06,6.714256852865219116e-02,6.911507248878479004e-02,7.054989784955978394e-02,7.093143463134765625e-02,6.678374856710433960e-02,7.275515794754028320e-02,6.722886860370635986e-02,6.925396621227264404e-02,7.326299697160720825e-02,7.073836773633956909e-02,6.475844979286193848e-02,7.091778516769409180e-02,6.933683156967163086e-02,6.828248500823974609e-02,6.815936416387557983e-02
1.671967864001071280e-02,2.947671873698709533e-06,7.442254573106765747e-02,7.142496109008789062e-02,6.945433467626571655e-02,7.098039984703063965e-02,6.978687644004821777e-02,6.720051914453506470e-02,7.009146362543106079e-02,7.325421273708343506e-02,6.749798357486724854e-02,7.416258007287979126e-02,7.585384696722030640e-02,6.909810006618499756e-02,6.974586844444274902e-02,6.775136291980743408e-02,6.957209855318069458e-02
1.688385478588062816e-02,2.863257350327330641e-06,7.124604284763336182e-02,6.946902722120285034e-02,6.897827237844467163e-02,7.010324299335479736e-02,6.481131166219711304e-02,6.869280338287353516e-02,7.270338386297225952e-02,6.854661554098129272e-02,7.072973996400833130e-02,7.197771221399307251e-02,6.524024903774261475e-02,6.325214356184005737e-02,7.113770395517349243e-02,6.664051115512847900e-02,6.653105467557907104e-02
1.704803093175055045e-02,2.836862222466152161e-06,6.547264009714126587e-02,6.785102188587188721e-02,7.019639760255813599e-02,6.925015151500701904e-02,6.662587821483612061e-02,6.663113087415695190e-02,6.814491748809814453e-02,6.493160873651504517e-02,6.789207458496093750e-02,6.757231801748275757e-02,7.103675603866577148e-02,6.886845082044601440e-02,6.648997217416763306e-02,6.629600375890731812e-02,6.570857018232345581e-02
1.721220707762046928e-02,2.783722038657288067e-06,6.912027299404144287e-02,6.383667141199111938e-02,6.695050001144409180e-02,6.671681255102157593e-02,7.151771336793899536e-02,6.806901842355728149e-02,6.787878274917602539e-02,6.486447155475616455e-02,6.652818620204925537e-02,6.454660743474960327e-02,6.622424721717834473e-02,6.909063458442687988e-02,6.577667593955993652e-02,6.869837641716003418e-02,6.509789824485778809e-02
1.737638322349038811e-02,2.802806193358264863e-06,6.663696467876434326e-02,6.573308259248733521e-02,6.512267887592315674e-02,6.482092291116714478e-02,6.930527091026306152e-02,6.800705939531326294e-02,6.544087082147598267e-02,7.185344398021697998e-02,6.897789984941482544e-02,6.734152883291244507e-02,6.881702691316604614e-02,6.593556702136993408e-02,6.581935286521911621e-02,6.962134689092636108e-02,6.599509716033935547e-02
1.754055936936031040e-02,2.743475306488107890e-06,6.385691463947296143e-02,6.266496330499649048e-02,6.990800052881240845e-02,6.530877947807312012e-02,6.374789774417877197e-02,6.692358106374740601e-02,6.582244485616683960e-02,6.649995595216751099e-02,6.282632797956466675e-02,6.828032433986663818e-02,6.993496417999267578e-02,6.498568505048751831e-02,6.682109087705612183e-02,6.400935351848602295e-02,6.582123786211013794e-02
1.770473551523022576e-02,2.762217263807542622e-06,6.679438799619674683e-02,6.432262808084487915e-02,6.605918705463409424e-02,6.621265411376953125e-02,6.521193683147430420e-02,6.508895754814147949e-02,6.632189452648162842e-02,6.589183211326599121e-02,6.580189615488052368e-02,6.788190454244613647e-02,6.928607821464538574e-02,6.327216327190399170e-02,6.728424131870269775e-02,6.629512459039688110e-02,6.720318645238876343e-02
1.786891166110014806e-02,2.706406121433246881e-06,6.388932466506958008e-02,6.297457218170166016e-02,6.757735460996627808e-02,6.289593875408172607e-02,6.779906153678894043e-02,6.569171696901321411e-02,5.899509042501449585e-02,6.284911185503005981e-02,6.715258955955505371e-02,6.678252667188644409e-02,6.294058263301849365e-02,6.536369770765304565e-02,6.985699385404586792e-02,6.443879008293151855e-02,6.589337438344955444e-02
1.803308780697006689e-02,2.684019136722781695e-06,6.607242673635482788e-02,6.586073338985443115e-02,6.836771965026855469e-02,6.568281352519989014e-02,6.802436709403991699e-02,6.207057088613510132e-02,6.719993799924850464e-02,6.391930580139160156e-02,6.514517962932586670e-02,6.286772340536117554e-02,6.380277127027511597e-02,6.552904099225997925e-02,6.206170469522476196e-02,6.088947877287864685e-02,6.183619797229766846e-02
1.819726395283998571e-02,2.674312781891785562e-06,6.405428051948547363e-02,6.719727069139480591e-02,6.257762014865875244e-02,5.922895669937133789e-02,6.198941543698310852e-02,6.508161127567291260e-02,6.522969901561737061e-02,6.880675256252288818e-02,6.179383397102355957e-02,6.602527946233749390e-02,6.421352177858352661e-02,6.390592455863952637e-02,6.805486232042312622e-02,6.093364581465721130e-02,6.262316554784774780e-02
1.836144009870990801e-02,2.679413910300354473e-06,6.320865452289581299e-02,6.365434825420379639e-02,6.388446688652038574e-02,6.515701115131378174e-02,6.265176087617874146e-02,5.931846052408218384e-02,6.445429474115371704e-02,6.636817753314971924e-02,6.686497479677200317e-02,5.980343371629714966e-02,6.426820904016494751e-02,6.393676251173019409e-02,6.859654933214187622e-02,6.232169643044471741e-02,6.566046923398971558e-02
1.852561624457982337e-02,2.659144001881941222e-06,6.871409714221954346e-02,6.519224494695663452e-02,6.371780484914779663e-02,6.074026972055435181e-02,6.706570833921432495e-02,6.467702984809875488e-02,6.460761278867721558e-02,6.311544030904769897e-02,6.657236814498901367e-02,6.462372839450836182e-02,6.368324160575866699e-02,5.968551710247993469e-02,5.952657759189605713e-02,6.233835220336914062e-02,6.499095261096954346e-02
1.868979239044974566e-02,2.621279691084055230e-06,6.497287005186080933e-02,6.236824765801429749e-02,6.536710262298583984e-02,5.996978655457496643e-02,6.390510499477386475e-02,6.638375669717788696e-02,6.157292053103446960e-02,5.977557972073554993e-02,6.300512701272964478e-02,6.436082720756530762e-02,6.264706701040267944e-02,6.205829977989196777e-02,6.302557140588760376e-02,6.235353648662567139e-02,6.170831993222236633e-02
1.885396853631966796e-02,2.621565499794087373e-06,6.609898805618286133e-02,5.748284235596656799e-02,6.220323592424392700e-02,6.286369264125823975e-02,6.245082989335060120e-02,6.545056402683258057e-02,6.119688600301742554e-02,6.347634643316268921e-02,6.315961480140686035e-02,6.231993064284324646e-02,6.594978272914886475e-02,6.377569586038589478e-02,6.473820656538009644e-02,6.300599128007888794e-02,6.224032863974571228e-02
1.901814468218958332e-02,2.649034058777033351e-06,5.959216132760047913e-02,5.976035445928573608e-02,6.617525964975357056e-02,5.974066257476806641e-02,6.590517610311508179e-02,6.425525248050689697e-02,6.276673078536987305e-02,6.293684989213943481e-02,6.322938203811645508e-02,6.030659750103950500e-02,6.447377055883407593e-02,6.370607763528823853e-02,6.430442631244659424e-02,6.356383115053176880e-02,6.435961276292800903e-02
1.918232082805950561e-02,2.567428737165755592e-06,6.448104232549667358e-02,5.966808274388313293e-02,6.011827662587165833e-02,6.062617897987365723e-02,5.937933549284934998e-02,5.912899225950241089e-02,6.501165777444839478e-02,6.215026602149009705e-02,6.436540931463241577e-02,5.990849807858467102e-02,6.209132820367813110e-02,6.298958510160446167e-02,5.952467024326324463e-02,6.143525615334510803e-02,6.206846237182617188e-02
1.934649697392942097e-02,2.526930984458886087e-06,6.182568520307540894e-02,5.903276801109313965e-02,6.085724011063575745e-02,5.917522683739662170e-02,6.097481772303581238e-02,6.343776732683181763e-02,6.000902876257896423e-02,6.262971460819244385e-02,5.635197088122367859e-02,5.902594327926635742e-02,6.066820397973060608e-02,6.533892452716827393e-02,5.992218106985092163e-02,5.783356726169586182e-02,5.897109955549240112e-02
1.951067311979934327e-02,2.552246542109060101e-06,6.504237651824951172e-02,6.036603450775146484e-02,6.125942990183830261e-02,5.999109521508216858e-02,5.917457491159439087e-02,6.097579747438430786e-02,5.976088717579841614e-02,6.348207592964172363e-02,5.931048467755317688e-02,6.090979650616645813e-02,6.105332076549530029e-02,6.243583932518959045e-02,6.007786095142364502e-02,6.206219643354415894e-02,5.926539376378059387e-02
1.967484926566926556e-02,2.501313019820372574e-06,6.031417474150657654e-02,6.021698191761970520e-02,5.869935825467109680e-02,5.884008109569549561e-02,6.059187278151512146e-02,5.815197899937629700e-02,5.719336867332458496e-02,5.688782036304473877e-02,5.934002995491027832e-02,6.127443537116050720e-02,6.330115348100662231e-02,6.265162676572799683e-02,6.026419252157211304e-02,6.095109507441520691e-02,5.891739204525947571e-02
1.983902541153918092e-02,2.494350155757274479e-06,6.155329942703247070e-02,5.715146660804748535e-02,5.744887515902519226e-02,6.121914088726043701e-02,6.280861794948577881e-02,6.043459102511405945e-02,5.917416140437126160e-02,6.243831291794776917e-02,5.641952157020568848e-02,5.859476327896118164e-02,6.096293777227401733e-02,6.104213371872901917e-02,6.293035298585891724e-02,5.459310859441757202e-02,5.858632177114486694e-02
2.000320155740910322e-02,2.493114379831240512e-06,5.738712102174758911e-02,5.954018235206604004e-02,6.050358712673187256e-02,5.937052145600318909e-02,6.023804098367691040e-02,5.908136069774627686e-02,5.968506261706352234e-02,6.164369359612464905e-02,6.144661083817481995e-02,6.063571199774742126e-02,6.016632542014122009e-02,5.775824934244155884e-02,5.742810294032096863e-02,5.917345359921455383e-02,5.833820253610610962e-02
2.016737770327901857e-02,2.480786633896059357e-06,6.266847997903823853e-02,6.108765304088592529e-02,5.757322907447814941e-02,6.106197088956832886e-02,5.828683078289031982e-02,5.796618387103080750e-02,5.971855297684669495e-02,5.712125450372695923e-02,6.137802451848983765e-02,5.799378827214241028e-02,6.160188838839530945e-02,5.901794508099555969e-02,5.844663083553314209e-02,6.049993261694908142e-02,6.220913678407669067e-02
2.033155384914894087e-02,2.460845735186012462e-06,5.964972823858261108e-02,6.211748719215393066e-02,5.794300511479377747e-02,5.548509955406188965e-02,5.990483239293098450e-02,5.877870693802833557e-02,6.079879403114318848e-02,5.844296514987945557e-02,5.722193792462348938e-02,6.017255038022994995e-02,5.984964594244956970e-02,5.759156867861747742e-02,6.182472407817840576e-02,5.642208456993103027e-02,5.691182240843772888e-02
2.049572999501885970e-02,2.467317244736477733e-06,5.994024500250816345e-02,5.972559005022048950e-02,5.721120536327362061e-02,5.837643146514892578e-02,6.116628274321556091e-02,5.778228119015693665e-02,5.892992392182350159e-02,5.948986113071441650e-02,5.700711905956268311e-02,5.837279558181762695e-02,6.022720783948898315e-02,5.931800603866577148e-02,5.877454951405525208e-02,5.777713283896446228e-02,6.229614466428756714e-02
2.065990614088877853e-02,2.465944135110476054e-06,5.942878499627113342e-02,5.635581910610198975e-02,5.696206912398338318e-02,5.969881266355514526e-02,6.064967438578605652e-02,5.703820660710334778e-02,6.316166371107101440e-02,6.016583740711212158e-02,5.793891847133636475e-02,5.909292399883270264e-02,5.721847340464591980e-02,6.115286052227020264e-02,5.888285115361213684e-02,5.932643264532089233e-02,6.098941713571548462e-02
2.082408228675870082e-02,2.429218284305534326e-06,5.749677121639251709e-02,5.389869958162307739e-02,5.697008594870567322e-02,5.800340324640274048e-02,5.685671046376228333e-02,5.939397588372230530e-02,6.085727736353874207e-02,5.804769694805145264e-02,6.241091340780258179e-02,6.086638942360877991e-02,5.884249135851860046e-02,5.915992334485054016e-02,5.700946971774101257e-02,5.605742335319519043e-02,5.935066938400268555e-02
2.098825843262861618e-02,2.410483602943713777e-06,5.575928837060928345e-02,5.611106380820274353e-02,5.826133862137794495e-02,6.040335074067115784e-02,5.360776558518409729e-02,5.763648450374603271e-02,5.938509851694107056e-02,5.922201648354530334e-02,5.898050963878631592e-02,5.804504081606864929e-02,5.572752654552459717e-02,6.072103604674339294e-02,5.434932932257652283e-02,5.787277221679687500e-02,6.010412052273750305e-02
2.115243457849853848e-02,2.379507577643380500e-06,5.812582746148109436e-02,5.767592415213584900e-02,5.854339897632598877e-02,5.872417241334915161e-02,5.683907493948936462e-02,5.973272770643234253e-02,5.878897756338119507e-02,5.398894473910331726e-02,5.570513755083084106e-02,5.830330401659011841e-02,5.669482424855232239e-02,5.510027334094047546e-02,5.542276054620742798e-02,5.361009389162063599e-02,5.660556629300117493e-02
2.131661072436845730e-02,2.382613502049935050e-06,5.803584307432174683e-02,6.072779744863510132e-02,5.501409620046615601e-02,5.792559683322906494e-02,5.542217195034027100e-02,5.607834830880165100e-02,5.748801305890083313e-02,5.857897549867630005e-02,5.803828313946723938e-02,5.772304162383079529e-02,5.868473649024963379e-02,5.573401972651481628e-02,5.709433928132057190e-02,5.647936090826988220e-02,5.811902508139610291e-02
2.148078687023837613e-02,2.372393055338761769e-06,5.930683761835098267e-02,5.902854725718498230e-02,5.771971121430397034e-02,5.693875625729560852e-02,5.585537478327751160e-02,5.653227865695953369e-02,5.477647110819816589e-02,5.702695623040199280e-02,5.526843667030334473e-02,5.324625223875045776e-02,5.495810136198997498e-02,6.018072366714477539e-02,6.140299886465072632e-02,5.822725966572761536e-02,5.343403294682502747e-02
2.164496301610829843e-02,2.379468696744879708e-06,5.820338428020477295e-02,5.703803151845932007e-02,5.642363801598548889e-02,5.533181130886077881e-02,5.660666152834892273e-02,5.623674020171165466e-02,5.434895306825637817e-02,5.925075709819793701e-02,5.429955944418907166e-02,5.584860593080520630e-02,5.504375323653221130e-02,5.829549208283424377e-02,5.779984965920448303e-02,5.982231348752975464e-02,5.616042017936706543e-02
2.180913916197821378e-02,2.407682814009604044e-06,5.698079615831375122e-02,5.596775561571121216e-02,5.995597317814826965e-02,5.650251358747482300e-02,5.531485751271247864e-02,5.853351205587387085e-02,5.636106431484222412e-02,5.829996988177299500e-02,5.724011361598968506e-02,5.800382047891616821e-02,5.676301196217536926e-02,5.820493400096893311e-02,5.710715800523757935e-02,5.828271433711051941e-02,5.744669213891029358e-02
2.197331530784813608e-02,2.349504711673944257e-06,5.668365955352783203e-02,5.736180022358894348e-02,5.549164861440658569e-02,5.470535531640052795e-02,5.326384305953979492e-02,5.339201539754867554e-02,5.542143061757087708e-02,5.560993775725364685e-02,5.745551735162734985e-02,5.553617700934410095e-02,5.912690609693527222e-02,5.709003657102584839e-02,5.369209870696067810e-02,5.638938024640083313e-02,6.162520498037338257e-02
2.213749145371805491e-02,2.354128582737757824e-06,5.399497225880622864e-02,5.463638529181480408e-02,5.055327713489532471e-02,5.606776848435401917e-02,5.742238089442253113e-02,5.955124646425247192e-02,5.630539730191230774e-02,5.404302105307579041e-02,5.593877285718917847e-02,5.743687599897384644e-02,5.988379567861557007e-02,5.688817799091339111e-02,5.881355330348014832e-02,5.731610208749771118e-02,5.486722290515899658e-02
2.230166759958797373e-02,2.306872602275689133e-06,5.375256761908531189e-02,5.633931607007980347e-02,5.327370017766952515e-02,5.220516026020050049e-02,5.768323317170143127e-02,5.803973972797393799e-02,5.386897176504135132e-02,5.811822414398193359e-02,5.561894178390502930e-02,5.360891297459602356e-02,5.399134382605552673e-02,5.592858791351318359e-02,5.361890420317649841e-02,5.707388371229171753e-02,5.506689846515655518e-02
2.246584374545789603e-02,2.339329284950508736e-06,5.693644285202026367e-02,5.515751987695693970e-02,5.762601643800735474e-02,5.325963720679283142e-02,5.720247700810432434e-02,5.514880269765853882e-02,5.675901100039482117e-02,5.454551801085472107e-02,5.933903530240058899e-02,5.424002930521965027e-02,5.566011369228363037e-02,5.596156418323516846e-02,5.660328269004821777e-02,5.646773800253868103e-02,5.607366189360618591e-02
2.263001989132781139e-02,2.315907977390452288e-06,5.591376870870590210e-02,5.612596869468688965e-02,5.294095352292060852e-02,5.383962765336036682e-02,5.635819211602210999e-02,5.538222193717956543e-02,5.327006429433822632e-02,5.619166046380996704e-02,5.470500141382217407e-02,5.725061148405075073e-02,5.499255657196044922e-02,5.619912594556808472e-02,5.643505230545997620e-02,5.731962248682975769e-02,5.709518119692802429e-02
2.279419603719773368e-02,2.299872676303493790e-06,5.700118094682693481e-02,5.382817983627319336e-02,5.642049759626388550e-02,5.574967712163925171e-02,5.496022850275039673e-02,5.559971928596496582e-02,5.725996196269989014e-02,5.419807881116867065e-02,5.404584109783172607e-02,5.405367538332939148e-02,5.378143116831779480e-02,5.242205038666725159e-02,5.393265932798385620e-02,5.753038078546524048e-02,5.466954410076141357e-02
2.295837218306765251e-02,2.316144446012913249e-06,5.817849934101104736e-02,5.187800526618957520e-02,5.770513787865638733e-02,5.418769642710685730e-02,5.365027114748954773e-02,5.500858649611473083e-02,5.634325370192527771e-02,5.376573652029037476e-02,5.504636839032173157e-02,5.487210303544998169e-02,5.606779456138610840e-02,5.521956458687782288e-02,5.699564516544342041e-02,5.855242908000946045e-02,5.562012642621994019e-02
2.312254832893757134e-02,2.274266080348752439e-06,5.226634070277214050e-02,5.304368212819099426e-02,5.799268558621406555e-02,5.469828099012374878e-02,5.188131332397460938e-02,5.455387011170387268e-02,5.582125484943389893e-02,5.360393598675727844e-02,5.657150968909263611e-02,5.197720602154731750e-02,5.607271939516067505e-02,5.778606981039047241e-02,5.509564280509948730e-02,5.567878857254981995e-02,5.338509008288383484e-02
2.328672447480749363e-02,2.280504531881888397e-06,5.550231039524078369e-02,5.528793111443519592e-02,5.486892536282539368e-02,5.409706756472587585e-02,5.345305055379867554e-02,5.452447384595870972e-02,5.496764928102493286e-02,5.429736152291297913e-02,5.592354759573936462e-02,5.640368536114692688e-02,5.451415479183197021e-02,5.464546009898185730e-02,5.257028341293334961e-02,5.235775187611579895e-02,5.449437350034713745e-02
2.345090062067740899e-02,2.263327587570529431e-06,5.303992331027984619e-02,5.333425849676132202e-02,5.169330537319183350e-02,5.654523521661758423e-02,5.407990887761116028e-02,5.274968966841697693e-02,5.354620143771171570e-02,5.339181423187255859e-02,5.475734174251556396e-02,5.423697829246520996e-02,5.395698174834251404e-02,5.504599213600158691e-02,5.417935550212860107e-02,5.580476298928260803e-02,5.297322198748588562e-02
2.361507676654733129e-02,2.303466544617549516e-06,5.318540334701538086e-02,5.389266833662986755e-02,5.399390310049057007e-02,5.479941889643669128e-02,5.824767798185348511e-02,5.728410556912422180e-02,5.283375084400177002e-02,5.638319253921508789e-02,5.465936660766601562e-02,5.601304769515991211e-02,5.387514457106590271e-02,6.030104681849479675e-02,5.662326514720916748e-02,5.391566827893257141e-02,5.335021764039993286e-02
2.377925291241725012e-02,2.257554569951025769e-06,5.318278074264526367e-02,5.321872979402542114e-02,5.586470663547515869e-02,5.424537137150764465e-02,5.296311900019645691e-02,5.534640327095985413e-02,5.392707884311676025e-02,5.100347474217414856e-02,5.584485828876495361e-02,5.318440869450569153e-02,5.417611449956893921e-02,5.594109371304512024e-02,5.261163786053657532e-02,5.456121265888214111e-02,5.397630855441093445e-02
2.394342905828716894e-02,2.267072432005079463e-06,5.393529683351516724e-02,5.382531136274337769e-02,5.490037053823471069e-02,5.442566797137260437e-02,5.182731151580810547e-02,5.271726846694946289e-02,5.456093326210975647e-02,5.290278419852256775e-02,5.595774576067924500e-02,5.394546315073966980e-02,5.493275448679924011e-02,5.230595916509628296e-02,5.423515662550926208e-02,5.403568595647811890e-02,5.441855639219284058e-02
2.410760520415709124e-02,2.244472170787048526e-06,5.178541317582130432e-02,5.350746959447860718e-02,5.371995270252227783e-02,5.565788969397544861e-02,5.014551803469657898e-02,5.327132344245910645e-02,5.308339372277259827e-02,5.206793174147605896e-02,5.427882075309753418e-02,5.324517190456390381e-02,5.614695698022842407e-02,5.503553897142410278e-02,5.233125388622283936e-02,5.707917734980583191e-02,5.558119714260101318e-02
2.427178135002700660e-02,2.213511152149294503e-06,5.336047336459159851e-02,5.149294808506965637e-02,5.393828079104423523e-02,5.243968591094017029e-02,5.206481739878654480e-02,5.288130417466163635e-02,5.613004788756370544e-02,5.273739621043205261e-02,5.484620481729507446e-02,5.382986366748809814e-02,5.318737030029296875e-02,5.184504762291908264e-02,5.214980989694595337e-02,5.124504491686820984e-02,5.448802560567855835e-02
2.443595749589692889e-02,2.197940830228617415e-06,5.046552792191505432e-02,5.374865978956222534e-02,5.148983374238014221e-02,5.349218472838401794e-02,5.150271207094192505e-02,5.317184701561927795e-02,5.327453091740608215e-02,5.075044929981231689e-02,5.077269673347473145e-02,5.558446794748306274e-02,5.437545850872993469e-02,5.418520048260688782e-02,5.079508572816848755e-02,5.337393283843994141e-02,5.251032859086990356e-02
2.460013364176684772e-02,2.236733962490689009e-06,5.448758974671363831e-02,5.487487465143203735e-02,5.248500034213066101e-02,5.456414446234703064e-02,5.331541597843170166e-02,5.128151178359985352e-02,5.236350744962692261e-02,5.419454351067543030e-02,5.305247381329536438e-02,5.219764262437820435e-02,5.113773792982101440e-02,5.395022034645080566e-02,5.432021990418434143e-02,5.360005423426628113e-02,5.399568751454353333e-02
2.476430978763676655e-02,2.193638010794529691e-06,5.143002420663833618e-02,5.280002206563949585e-02,4.991199448704719543e-02,5.254542455077171326e-02,5.386159196496009827e-02,5.246428027749061584e-02,5.343728139996528625e-02,5.043633654713630676e-02,5.109766498208045959e-02,5.388752371072769165e-02,5.237067863345146179e-02,5.193751305341720581e-02,5.132066085934638977e-02,5.417129769921302795e-02,5.403745174407958984e-02
2.492848593350668884e-02,2.197244839408085681e-06,5.056712776422500610e-02,5.106648802757263184e-02,5.256136506795883179e-02,5.219246074557304382e-02,5.304263532161712646e-02,5.142556875944137573e-02,5.115505680441856384e-02,5.287796631455421448e-02,5.175739154219627380e-02,5.350794643163681030e-02,5.356048047542572021e-02,5.440893769264221191e-02,5.193746834993362427e-02,5.450937896966934204e-02,5.173209682106971741e-02
2.509266207937660420e-02,2.176954922106233425e-06,4.841151088476181030e-02,5.199941247701644897e-02,5.279109999537467957e-02,5.152164027094841003e-02,5.485790595412254333e-02,5.632720887660980225e-02,5.244709551334381104e-02,5.085849389433860779e-02,5.195364728569984436e-02,5.131656676530838013e-02,5.169072002172470093e-02,5.276592075824737549e-02,4.931879043579101562e-02,4.938384145498275757e-02,5.630002915859222412e-02
2.525683822524652650e-02,2.167564389310427941e-06,5.241301283240318298e-02,5.325655639171600342e-02,4.943697899580001831e-02,5.305290222167968750e-02,5.278202146291732788e-02,5.137225612998008728e-02,5.158308520913124084e-02,5.208914726972579956e-02,5.579508468508720398e-02,5.255558714270591736e-02,5.385898798704147339e-02,4.783719033002853394e-02,5.290494486689567566e-02,5.122696980834007263e-02,5.079122632741928101e-02
2.542101437111644532e-02,2.185764060413930565e-06,5.259846523404121399e-02,5.423123016953468323e-02,4.859781265258789062e-02,5.217934399843215942e-02,5.194054171442985535e-02,5.146598070859909058e-02,5.296213924884796143e-02,5.175056681036949158e-02,4.935578256845474243e-02,5.232331529259681702e-02,5.303825438022613525e-02,5.126425623893737793e-02,5.337030068039894104e-02,5.383677408099174500e-02,5.257396399974822998e-02
2.558519051698636415e-02,2.145435246347915381e-06,5.310150980949401855e-02,4.976946115493774414e-02,5.299535021185874939e-02,4.877721890807151794e-02,4.898466169834136963e-02,5.297727137804031372e-02,5.260907858610153198e-02,5.232564359903335571e-02,5.133767053484916687e-02,5.100753158330917358e-02,5.042086541652679443e-02,5.148071795701980591e-02,4.892301559448242188e-02,5.306734517216682434e-02,5.086864531040191650e-02
2.574936666285628645e-02,2.164038278351654299e-06,5.030812695622444153e-02,5.022826045751571655e-02,5.231831967830657959e-02,5.119301751255989075e-02,5.124999210238456726e-02,5.451975390315055847e-02,5.142867192625999451e-02,5.097058042883872986e-02,5.164078250527381897e-02,5.365907773375511169e-02,5.256100371479988098e-02,5.171949416399002075e-02,5.279173702001571655e-02,4.914934933185577393e-02,4.995660483837127686e-02
2.591354280872620180e-02,2.156450591428438202e-06,5.187014862895011902e-02,5.174771323800086975e-02,5.448723211884498596e-02,5.237926915287971497e-02,5.228155106306076050e-02,5.018923804163932800e-02,5.314918980002403259e-02,5.030613020062446594e-02,5.108511447906494141e-02,5.205294489860534668e-02,5.124632641673088074e-02,4.984446242451667786e-02,5.282160639762878418e-02,5.311711505055427551e-02,4.762686416506767273e-02
2.607771895459612410e-02,2.154813500965246931e-06,5.290468782186508179e-02,4.945616424083709717e-02,5.125492811203002930e-02,5.083154514431953430e-02,5.082067102193832397e-02,5.047444626688957214e-02,5.274191126227378845e-02,5.176110193133354187e-02,5.176100134849548340e-02,5.243169516324996948e-02,5.223828926682472229e-02,5.142837390303611755e-02,5.074701085686683655e-02,5.030231550335884094e-02,5.372636020183563232e-02
2.624189510046604293e-02,2.135322120011551306e-06,5.209279432892799377e-02,4.985686764121055603e-02,4.943978786468505859e-02,4.887963086366653442e-02,5.195292830467224121e-02,4.957399144768714905e-02,5.148749798536300659e-02,5.286387354135513306e-02,5.202214792370796204e-02,5.249491333961486816e-02,5.231276154518127441e-02,4.987469315528869629e-02,5.076127499341964722e-02,5.045234411954879761e-02,5.139452964067459106e-02
2.640607124633596176e-02,2.123783360730158165e-06,5.054162815213203430e-02,5.192979425191879272e-02,5.038006603717803955e-02,4.990018531680107117e-02,4.847159609198570251e-02,4.925051331520080566e-02,5.264823883771896362e-02,4.970598965883255005e-02,4.725945368409156799e-02,5.025094002485275269e-02,4.912861064076423645e-02,5.098298937082290649e-02,5.035706982016563416e-02,5.101159214973449707e-02,5.289969965815544128e-02
2.657024739220588405e-02,2.120120598192443140e-06,4.935045912861824036e-02,4.943696036934852600e-02,4.757869243621826172e-02,5.142542719841003418e-02,5.233321711421012878e-02,5.177523195743560791e-02,5.111968517303466797e-02,5.041960254311561584e-02,5.396285280585289001e-02,5.184574797749519348e-02,5.128419771790504456e-02,5.098449811339378357e-02,4.828407615423202515e-02,5.032338201999664307e-02,5.008102208375930786e-02
2.673442353807579941e-02,2.101072823279537261e-06,5.237988010048866272e-02,5.130226537585258484e-02,5.148604139685630798e-02,5.326723679900169373e-02,4.868485778570175171e-02,4.817533865571022034e-02,4.991472885012626648e-02,5.172647908329963684e-02,4.784037172794342041e-02,5.115791410207748413e-02,4.839215427637100220e-02,4.928201809525489807e-02,5.150644481182098389e-02,4.926143586635589600e-02,4.826548323035240173e-02
2.689859968394572171e-02,2.074881194857880473e-06,5.062796920537948608e-02,4.752271622419357300e-02,4.834577813744544983e-02,4.948361217975616455e-02,5.073073506355285645e-02,4.959369823336601257e-02,4.846307262778282166e-02,4.594513028860092163e-02,4.987392947077751160e-02,4.990188404917716980e-02,4.787210002541542053e-02,5.060144513845443726e-02,5.039665475487709045e-02,5.244951695203781128e-02,4.955247044563293457e-02
2.706277582981563706e-02,2.098044433296308853e-06,4.968754947185516357e-02,5.002930387854576111e-02,4.990328848361968994e-02,5.004472658038139343e-02,5.228865519165992737e-02,4.857068508863449097e-02,4.875358939170837402e-02,4.936859756708145142e-02,4.955630749464035034e-02,5.317378416657447815e-02,5.196179822087287903e-02,4.927677661180496216e-02,5.066308751702308655e-02,4.874731600284576416e-02,5.094716325402259827e-02
2.722695197568555936e-02,2.116617451974889264e-06,5.116664618253707886e-02,5.173791944980621338e-02,5.114958435297012329e-02,5.065605416893959045e-02,5.100736394524574280e-02,4.943832010030746460e-02,5.008767545223236084e-02,5.221560597419738770e-02,4.978336393833160400e-02,5.200581625103950500e-02,4.992584139108657837e-02,5.186890810728073120e-02,4.934148862957954407e-02,4.880904778838157654e-02,5.188940092921257019e-02
2.739112812155548166e-02,2.110240984620759264e-06,5.045387893915176392e-02,5.303598567843437195e-02,5.098990350961685181e-02,4.877325892448425293e-02,4.914627969264984131e-02,5.435711890459060669e-02,5.233851075172424316e-02,5.119179561734199524e-02,5.021559819579124451e-02,4.851520061492919922e-02,5.113254114985466003e-02,4.961737990379333496e-02,5.067515000700950623e-02,5.231752991676330566e-02,4.794377088546752930e-02
2.755530426742539701e-02,2.079225623674574308e-06,5.153877660632133484e-02,5.157897993922233582e-02,4.870369657874107361e-02,4.714488983154296875e-02,4.965401440858840942e-02,4.898423701524734497e-02,4.767058044672012329e-02,4.990291595458984375e-02,5.019694939255714417e-02,4.994178935885429382e-02,4.782702773809432983e-02,5.096074566245079041e-02,5.141175165772438049e-02,5.033333972096443176e-02,5.031677708029747009e-02
2.771948041329531931e-02,2.076953251162194647e-06,4.845297336578369141e-02,5.058602988719940186e-02,5.058993399143218994e-02,4.948996379971504211e-02,4.712694883346557617e-02,5.046422779560089111e-02,4.815863445401191711e-02,5.137247592210769653e-02,5.187810584902763367e-02,4.756902530789375305e-02,4.773443564772605896e-02,5.327389761805534363e-02,5.079675093293190002e-02,4.927582293748855591e-02,5.048271268606185913e-02
2.788365655916523467e-02,2.078759962387266569e-06,5.097790062427520752e-02,5.005040019750595093e-02,4.707409814000129700e-02,4.856754094362258911e-02,4.991327598690986633e-02,5.039582774043083191e-02,5.161250010132789612e-02,4.962330311536788940e-02,5.029046908020973206e-02,4.977504163980484009e-02,4.967381060123443604e-02,4.778563603758811951e-02,5.031270533800125122e-02,5.061834678053855896e-02,4.794695973396301270e-02
2.804783270503515696e-02,2.073934410873334855e-06,5.133278667926788330e-02,5.241177231073379517e-02,4.770669341087341309e-02,5.126849934458732605e-02,5.074270069599151611e-02,4.988019168376922607e-02,4.968628287315368652e-02,4.682460427284240723e-02,4.915162548422813416e-02,5.351769924163818359e-02,4.995108023285865784e-02,5.008984729647636414e-02,5.067946389317512512e-02,4.988523945212364197e-02,4.568912833929061890e-02
2.821200885090507926e-02,2.067712102871155366e-06,5.092491954565048218e-02,5.281471461057662964e-02,5.110900849103927612e-02,4.821157082915306091e-02,4.964708164334297180e-02,4.956335574388504028e-02,4.776008427143096924e-02,4.824109375476837158e-02,5.090438574552536011e-02,4.978805780410766602e-02,4.872037842869758606e-02,4.916140064597129822e-02,5.036927014589309692e-02,4.976259171962738037e-02,4.781430214643478394e-02
2.837618499677499462e-02,2.077124690913478844e-06,4.888507351279258728e-02,4.873267561197280884e-02,4.873337596654891968e-02,4.998690262436866760e-02,4.841958731412887573e-02,4.893975704908370972e-02,5.042275786399841309e-02,4.792782291769981384e-02,4.718901962041854858e-02,5.247010663151741028e-02,5.004929378628730774e-02,4.838840290904045105e-02,5.049315840005874634e-02,5.002419278025627136e-02,4.985785856842994690e-02
2.854036114264491691e-02,2.090067255267058499e-06,4.988310113549232483e-02,4.863983765244483948e-02,4.955998435616493225e-02,5.143675953149795532e-02,4.833462089300155640e-02,5.009132996201515198e-02,4.994930326938629150e-02,5.171237140893936157e-02,4.970555379986763000e-02,4.886152222752571106e-02,5.027342960238456726e-02,5.134517326951026917e-02,4.946498200297355652e-02,4.803997650742530823e-02,4.843817278742790222e-02
2.870453728851483227e-02,2.084680545522132888e-06,4.990689083933830261e-02,4.901046305894851685e-02,4.788395762443542480e-02,4.892453923821449280e-02,4.916310682892799377e-02,5.135345458984375000e-02,5.041584745049476624e-02,4.823993518948554993e-02,5.136867612600326538e-02,4.856799915432929993e-02,5.041184648871421814e-02,4.971673339605331421e-02,4.928343743085861206e-02,5.171705782413482666e-02,5.064636841416358948e-02
2.886871343438475457e-02,2.050649072771193460e-06,4.919534549117088318e-02,5.018514394760131836e-02,5.170273408293724060e-02,5.083359032869338989e-02,4.767687991261482239e-02,4.890832304954528809e-02,5.090615898370742798e-02,4.832561314105987549e-02,4.685023054480552673e-02,4.812696203589439392e-02,4.945670813322067261e-02,5.003031715750694275e-02,4.695795103907585144e-02,4.943815991282463074e-02,5.059968680143356323e-02
2.903288958025467686e-02,2.044818302238127217e-06,4.739589244127273560e-02,4.919916763901710510e-02,5.240603908896446228e-02,4.900220036506652832e-02,4.855103418231010437e-02,4.821710661053657532e-02,4.755022004246711731e-02,4.895977675914764404e-02,5.016634985804557800e-02,4.763966053724288940e-02,4.869433119893074036e-02,5.148636922240257263e-02,4.887942597270011902e-02,4.783933237195014954e-02,4.923289641737937927e-02
2.919706572612459222e-02,2.066050910798367113e-06,4.739484563469886780e-02,5.131632834672927856e-02,5.031204223632812500e-02,4.931903630495071411e-02,4.996423050761222839e-02,5.023888126015663147e-02,4.705949872732162476e-02,4.698472097516059875e-02,4.933552816510200500e-02,5.010728910565376282e-02,4.888484254479408264e-02,4.908978939056396484e-02,5.081994831562042236e-02,5.154111236333847046e-02,4.950067773461341858e-02
2.936124187199451452e-02,2.054189735645195469e-06,4.866171628236770630e-02,4.938977211713790894e-02,4.929634556174278259e-02,4.875283688306808472e-02,5.019339174032211304e-02,4.809160158038139343e-02,4.839185252785682678e-02,4.987172782421112061e-02,5.045131593942642212e-02,4.865487292408943176e-02,4.627409949898719788e-02,4.916971549391746521e-02,4.948614165186882019e-02,4.848373681306838989e-02,5.079109221696853638e-02
2.952541801786442988e-02,2.032668135143467225e-06,5.245108157396316528e-02,5.075485259294509888e-02,4.924025014042854309e-02,4.745791107416152954e-02,4.884902387857437134e-02,4.824037477374076843e-02,4.977457970380783081e-02,4.971912875771522522e-02,4.816807806491851807e-02,4.895673319697380066e-02,4.719047248363494873e-02,4.774714633822441101e-02,4.984442517161369324e-02,4.765178635716438293e-02,4.595474898815155029e-02
2.968959416373435217e-02,2.019846533585223369e-06,4.625967890024185181e-02,5.100876837968826294e-02,5.129943788051605225e-02,4.681739211082458496e-02,4.704592749476432800e-02,4.687323048710823059e-02,4.653489962220191956e-02,5.026986822485923767e-02,4.684229567646980286e-02,4.875769838690757751e-02,4.726463183760643005e-02,4.902758449316024780e-02,4.961280524730682373e-02,4.809643700718879700e-02,4.782753065228462219e-02
2.985377030960427447e-02,2.045595010713441297e-06,4.780116304755210876e-02,4.889218509197235107e-02,4.838075861334800720e-02,4.908208176493644714e-02,4.774501174688339233e-02,5.079358071088790894e-02,5.134771019220352173e-02,4.847493022680282593e-02,5.064630880951881409e-02,4.896270856261253357e-02,4.964000359177589417e-02,4.895495623350143433e-02,4.752228036522865295e-02,4.885812103748321533e-02,5.171393975615501404e-02
3.001794645547418983e-02,2.038665797954308800e-06,4.800184071063995361e-02,4.935368150472640991e-02,4.952641949057579041e-02,5.008940771222114563e-02,4.811578243970870972e-02,4.654690250754356384e-02,5.005603656172752380e-02,5.060347169637680054e-02,4.950382560491561890e-02,4.813753068447113037e-02,4.886575043201446533e-02,4.861258715391159058e-02,4.740602150559425354e-02,5.066577345132827759e-02,4.784823581576347351e-02
3.018212260134411212e-02,2.055635832221014425e-06,4.910842701792716980e-02,5.170337110757827759e-02,4.933626577258110046e-02,4.831761866807937622e-02,4.718236997723579407e-02,5.033082887530326843e-02,5.042425543069839478e-02,4.702693969011306763e-02,5.121187120676040649e-02,4.909389838576316833e-02,4.814454168081283569e-02,4.986532032489776611e-02,4.737261682748794556e-02,4.869229346513748169e-02,5.066448450088500977e-02
3.034629874721402748e-02,2.013456651184242219e-06,4.509361833333969116e-02,4.782310873270034790e-02,4.707610979676246643e-02,4.837766289710998535e-02,4.789666086435317993e-02,4.757479205727577209e-02,4.864097386598587036e-02,4.903602600097656250e-02,5.055407434701919556e-02,4.772313684225082397e-02,4.684370383620262146e-02,4.866574332118034363e-02,4.854132980108261108e-02,5.005243793129920959e-02,4.904990270733833313e-02
3.051047489308394978e-02,2.016382723013521172e-06,4.798255488276481628e-02,4.892427846789360046e-02,4.915922880172729492e-02,4.961793869733810425e-02,4.980937764048576355e-02,4.538102075457572937e-02,4.762545228004455566e-02,4.668051376938819885e-02,4.879463836550712585e-02,4.809983074665069580e-02,4.634284600615501404e-02,4.891772195696830750e-02,4.941363260149955750e-02,4.979605227708816528e-02,4.949193447828292847e-02
3.067465103895387207e-02,2.026920810749288648e-06,4.870439320802688599e-02,4.818128794431686401e-02,4.841662570834159851e-02,4.599062725901603699e-02,4.989635199308395386e-02,4.726507514715194702e-02,4.779369011521339417e-02,4.775032401084899902e-02,5.215187743306159973e-02,4.991297796368598938e-02,4.728739708662033081e-02,4.984235763549804688e-02,4.787676781415939331e-02,4.803553968667984009e-02,4.923702403903007507e-02
3.083882718482378743e-02,2.016945472860243171e-06,4.727745428681373596e-02,4.974510520696640015e-02,4.787582904100418091e-02,4.903801530599594116e-02,5.011793226003646851e-02,4.666171222925186157e-02,4.685469344258308411e-02,4.757368192076683044e-02,4.712232947349548340e-02,4.766780510544776917e-02,4.753419011831283569e-02,4.916282743215560913e-02,4.776256158947944641e-02,4.834716394543647766e-02,4.933113604784011841e-02
3.100300333069370973e-02,2.027783239100244828e-06,4.668712988495826721e-02,4.784294217824935913e-02,4.904034733772277832e-02,4.930558428168296814e-02,4.842208325862884521e-02,4.735056310892105103e-02,4.794724285602569580e-02,4.950280115008354187e-02,4.836410284042358398e-02,4.961682483553886414e-02,4.905286058783531189e-02,4.738011956214904785e-02,4.668208211660385132e-02,4.762006178498268127e-02,4.946021735668182373e-02
3.116717947656362508e-02,1.992187890209606849e-06,4.800819978117942810e-02,4.625149443745613098e-02,4.858504235744476318e-02,4.586342349648475647e-02,4.485035687685012817e-02,4.722110554575920105e-02,4.960045590996742249e-02,4.716788604855537415e-02,4.751230031251907349e-02,5.089216306805610657e-02,4.683680459856987000e-02,4.851892963051795959e-02,4.798653349280357361e-02,4.856342077255249023e-02,4.584756493568420410e-02
3.133135562243354738e-02,1.985192966458271258e-06,4.683348163962364197e-02,4.595456272363662720e-02,4.566443338990211487e-02,4.913347959518432617e-02,5.103020742535591125e-02,4.873920977115631104e-02,4.665851965546607971e-02,4.822169244289398193e-02,4.886882752180099487e-02,4.351349174976348877e-02,4.904304072260856628e-02,4.779991880059242249e-02,4.802724346518516541e-02,4.755203053355216980e-02,4.569188505411148071e-02
3.149553176830346968e-02,1.984535174415213987e-06,4.770996421575546265e-02,4.927450418472290039e-02,4.677205905318260193e-02,4.655894264578819275e-02,4.619974270462989807e-02,4.422806575894355774e-02,4.654097929596900940e-02,4.857806861400604248e-02,4.871060699224472046e-02,4.933778569102287292e-02,4.767400398850440979e-02,4.710279032588005066e-02,4.786508157849311829e-02,4.661304131150245667e-02,4.759204760193824768e-02
3.165970791417338503e-02,2.003672079808893614e-06,4.709005728363990784e-02,4.906836524605751038e-02,5.040193721652030945e-02,4.612909629940986633e-02,4.734260961413383484e-02,4.771204292774200439e-02,4.843456298112869263e-02,4.604962095618247986e-02,4.661475121974945068e-02,4.620807245373725891e-02,4.940878227353096008e-02,4.865191131830215454e-02,4.930415377020835876e-02,4.550656676292419434e-02,4.897575452923774719e-02
3.182388406004330039e-02,2.001659140660194680e-06,4.473877698183059692e-02,4.957417026162147522e-02,4.732567816972732544e-02,4.752721264958381653e-02,4.827996715903282166e-02,4.838375002145767212e-02,4.878527298569679260e-02,4.885026067495346069e-02,5.020676925778388977e-02,4.774161800742149353e-02,4.898491501808166504e-02,4.820919781923294067e-02,4.652721434831619263e-02,4.829372465610504150e-02,4.701937735080718994e-02
3.198806020591322269e-02,1.984248910957830958e-06,4.608805477619171143e-02,4.979973286390304565e-02,4.751298949122428894e-02,4.863242059946060181e-02,4.599858075380325317e-02,4.556192830204963684e-02,4.713526740670204163e-02,4.834426939487457275e-02,4.710425436496734619e-02,4.720862954854965210e-02,4.902051389217376709e-02,4.883485659956932068e-02,4.834244027733802795e-02,4.478527605533599854e-02,4.745518788695335388e-02
3.215223635178314499e-02,1.972083737200591713e-06,4.923794418573379517e-02,4.840177297592163086e-02,4.978878423571586609e-02,4.655110463500022888e-02,4.804649576544761658e-02,4.573572054505348206e-02,4.966112971305847168e-02,4.490267112851142883e-02,4.445780441164970398e-02,4.576857760548591614e-02,4.772514477372169495e-02,4.697516188025474548e-02,4.680805280804634094e-02,4.833579435944557190e-02,4.627257958054542542e-02
3.231641249765306034e-02,1.971437541214982048e-06,4.889209568500518799e-02,4.784255847334861755e-02,4.709081724286079407e-02,4.503679275512695312e-02,4.772749543190002441e-02,4.817078635096549988e-02,4.750362038612365723e-02,4.597432166337966919e-02,4.657257348299026489e-02,4.532365500926971436e-02,4.874404147267341614e-02,4.549955576658248901e-02,4.697143658995628357e-02,4.529904574155807495e-02,4.681107774376869202e-02
3.248058864352298264e-02,1.985850531127653085e-06,4.704630374908447266e-02,4.811688512563705444e-02,4.831460863351821899e-02,4.846493154764175415e-02,4.858747124671936035e-02,4.612384364008903503e-02,4.550356417894363403e-02,4.499426856637001038e-02,4.993419349193572998e-02,4.978822544217109680e-02,4.557558149099349976e-02,4.650132358074188232e-02,4.890183731913566589e-02,4.573689401149749756e-02,4.801475629210472107e-02
3.264476478939290494e-02,1.961926727744867094e-06,4.784839227795600891e-02,4.710235074162483215e-02,4.496060311794281006e-02,4.465681314468383789e-02,4.738768190145492554e-02,4.656801745295524597e-02,4.786286130547523499e-02,4.869341477751731873e-02,4.631305858492851257e-02,4.764178767800331116e-02,4.803945496678352356e-02,4.693623632192611694e-02,4.736293479800224304e-02,4.477486386895179749e-02,4.804790765047073364e-02
3.280894093526282029e-02,1.971280880752601661e-06,4.561374709010124207e-02,4.729754477739334106e-02,4.642701521515846252e-02,4.931937530636787415e-02,4.640733823180198669e-02,4.592262208461761475e-02,4.747199639678001404e-02,4.836275801062583923e-02,4.725026711821556091e-02,4.803400486707687378e-02,4.568932950496673584e-02,4.557058587670326233e-02,4.754658415913581848e-02,4.612978547811508179e-02,5.036239698529243469e-02
3.297311708113273565e-02,1.968547167052747682e-06,4.586804285645484924e-02,4.504835978150367737e-02,4.874907433986663818e-02,4.719990491867065430e-02,4.561985284090042114e-02,4.661990329623222351e-02,4.832715913653373718e-02,4.700021445751190186e-02,4.870302230119705200e-02,4.548294469714164734e-02,4.726478084921836853e-02,4.893320798873901367e-02,4.580302536487579346e-02,4.717693850398063660e-02,4.747499525547027588e-02
3.313729322700266489e-02,1.969468712559319101e-06,4.738884046673774719e-02,4.821543395519256592e-02,4.732245951890945435e-02,4.725914075970649719e-02,4.565309733152389526e-02,4.630841687321662903e-02,4.910625517368316650e-02,4.655487462878227234e-02,4.706475883722305298e-02,4.776089638471603394e-02,4.694816842675209045e-02,4.659551009535789490e-02,4.703967645764350891e-02,4.609442874789237976e-02,4.997912421822547913e-02
3.330146937287258024e-02,1.968881178981973790e-06,4.735906422138214111e-02,4.632714390754699707e-02,4.631968587636947632e-02,4.623048380017280579e-02,4.857794567942619324e-02,4.711737111210823059e-02,4.481340572237968445e-02,4.805774614214897156e-02,4.780052229762077332e-02,4.713649675250053406e-02,4.636310413479804993e-02,4.704842343926429749e-02,4.703839495778083801e-02,4.783501103520393372e-02,4.781355708837509155e-02
3.346564551874249560e-02,1.969601044038427062e-06,4.747692868113517761e-02,4.739355668425559998e-02,4.767582193017005920e-02,4.816344007849693298e-02,4.783057048916816711e-02,4.688366502523422241e-02,4.584547132253646851e-02,4.698225483298301697e-02,4.686814919114112854e-02,4.785828292369842529e-02,4.672764986753463745e-02,4.653133824467658997e-02,4.660941287875175476e-02,4.555026441812515259e-02,4.549141228199005127e-02
3.362982166461241790e-02,1.940203219419345260e-06,4.524590447545051575e-02,4.793077334761619568e-02,4.704708233475685120e-02,4.555009305477142334e-02,4.530012607574462891e-02,4.468729719519615173e-02,4.639053344726562500e-02,4.662948474287986755e-02,4.560497030615806580e-02,4.739273712038993835e-02,4.716264083981513977e-02,4.744209349155426025e-02,4.827034845948219299e-02,4.454217478632926941e-02,4.835962876677513123e-02
3.379399781048234019e-02,1.953471155502484180e-06,4.679993912577629089e-02,4.697759822010993958e-02,4.665250331163406372e-02,4.591535404324531555e-02,4.473143070936203003e-02,4.812032356858253479e-02,4.531310126185417175e-02,4.888890683650970459e-02,4.723294451832771301e-02,4.797421395778656006e-02,4.721277952194213867e-02,4.696499928832054138e-02,4.723073169589042664e-02,4.775209724903106689e-02,4.587513953447341919e-02
3.395817395635225555e-02,1.954216941157937981e-06,4.556880518794059753e-02,4.721049591898918152e-02,4.550153762102127075e-02,4.749201983213424683e-02,4.657409712672233582e-02,4.586092382669448853e-02,4.515467584133148193e-02,4.492883384227752686e-02,4.703954607248306274e-02,4.610143974423408508e-02,4.743303358554840088e-02,4.722734540700912476e-02,4.771596193313598633e-02,4.601772129535675049e-02,4.622521996498107910e-02
3.412235010222217091e-02,1.951646254383376800e-06,4.776966199278831482e-02,4.584111645817756653e-02,4.570394381880760193e-02,4.712879657745361328e-02,4.860725998878479004e-02,4.626330733299255371e-02,4.796000197529792786e-02,4.651499912142753601e-02,4.803903400897979736e-02,4.597436636686325073e-02,4.529955983161926270e-02,4.580914601683616638e-02,4.659003019332885742e-02,4.692307487130165100e-02,4.761372879147529602e-02
3.428652624809210014e-02,1.931650331243872643e-06,4.536519199609756470e-02,4.697282612323760986e-02,4.507580772042274475e-02,4.542068392038345337e-02,4.614242166280746460e-02,4.579078406095504761e-02,4.611205309629440308e-02,4.500406235456466675e-02,4.498299956321716309e-02,4.792593792080879211e-02,4.713244736194610596e-02,4.911347851157188416e-02,4.724701493978500366e-02,4.658365994691848755e-02,4.518768563866615295e-02
3.445070239396201550e-02,1.924071511893998832e-06,4.586821049451828003e-02,4.705454036593437195e-02,4.655348137021064758e-02,4.866700246930122375e-02,4.442994296550750732e-02,4.548238590359687805e-02,4.675610363483428955e-02,4.474904015660285950e-02,4.527318850159645081e-02,4.477891325950622559e-02,4.701268672943115234e-02,4.670496284961700439e-02,4.545722156763076782e-02,4.548456892371177673e-02,4.734822362661361694e-02
3.461487853983193086e-02,1.936868329721619375e-06,4.629314690828323364e-02,4.474715143442153931e-02,4.561045020818710327e-02,4.568515717983245850e-02,4.713588580489158630e-02,4.688879847526550293e-02,4.639991372823715210e-02,4.655424505472183228e-02,4.341841861605644226e-02,4.640980064868927002e-02,4.864380136132240295e-02,4.491681605577468872e-02,4.797226935625076294e-02,4.719613865017890930e-02,4.545379430055618286e-02
3.477905468570185316e-02,1.945113126566866413e-06,4.547722637653350830e-02,4.445328935980796814e-02,4.444084689021110535e-02,4.562978073954582214e-02,4.636327177286148071e-02,4.543090239167213440e-02,4.579513147473335266e-02,4.803623631596565247e-02,4.819509759545326233e-02,4.730696231126785278e-02,4.924552142620086670e-02,4.534893110394477844e-02,4.672003164887428284e-02,4.784949496388435364e-02,4.625014215707778931e-02
3.494323083157177545e-02,1.958209850272396579e-06,4.633788391947746277e-02,4.687465354800224304e-02,4.812153056263923645e-02,4.729453846812248230e-02,4.661133512854576111e-02,4.482306167483329773e-02,4.712044075131416321e-02,4.569225385785102844e-02,4.604069143533706665e-02,5.005038902163505554e-02,4.611800238490104675e-02,4.763294383883476257e-02,4.678764566779136658e-02,4.721034690737724304e-02,4.749279469251632690e-02
3.510740697744169081e-02,1.953298351509147324e-06,4.532971978187561035e-02,4.528658837080001831e-02,4.721315205097198486e-02,4.578546434640884399e-02,4.561200365424156189e-02,4.679822549223899841e-02,4.771815985441207886e-02,4.779412224888801575e-02,4.590990021824836731e-02,4.583651572465896606e-02,4.809739440679550171e-02,4.707968607544898987e-02,4.616622626781463623e-02,4.755903780460357666e-02,4.792858660221099854e-02
3.527158312331161311e-02,1.931571887325844727e-06,4.581177607178688049e-02,4.527930542826652527e-02,4.760963097214698792e-02,4.610000550746917725e-02,4.609201475977897644e-02,4.513724148273468018e-02,4.646663367748260498e-02,4.717476293444633484e-02,4.399819672107696533e-02,4.712880030274391174e-02,4.628952965140342712e-02,4.731817170977592468e-02,4.505797475576400757e-02,4.714373871684074402e-02,4.629948735237121582e-02
3.543575926918153540e-02,1.921088824019534513e-06,4.507521539926528931e-02,4.683068767189979553e-02,4.706800729036331177e-02,4.607135802507400513e-02,4.564869403839111328e-02,4.615031555294990540e-02,4.590921103954315186e-02,4.647322744131088257e-02,4.605692252516746521e-02,4.473739117383956909e-02,4.619360715150833130e-02,4.788760468363761902e-02,4.442470148205757141e-02,4.492287337779998779e-02,4.629592224955558777e-02
3.559993541505145076e-02,1.911328581627458334e-06,4.704789817333221436e-02,4.512472823262214661e-02,4.610149189829826355e-02,4.609650000929832458e-02,4.478915408253669739e-02,4.488849639892578125e-02,4.540757834911346436e-02,4.566273838281631470e-02,4.705071821808815002e-02,4.615292325615882874e-02,4.425872489809989929e-02,4.836845397949218750e-02,4.681870713829994202e-02,4.433475807309150696e-02,4.446226358413696289e-02
3.576411156092136612e-02,1.909429329316481017e-06,4.526082053780555725e-02,4.494205117225646973e-02,4.499546438455581665e-02,4.713947698473930359e-02,4.581646621227264404e-02,4.566374048590660095e-02,4.376915842294692993e-02,4.688131064176559448e-02,4.697726294398307800e-02,4.579058662056922913e-02,4.445847868919372559e-02,4.597628489136695862e-02,4.551366344094276428e-02,4.487515613436698914e-02,4.555867239832878113e-02
3.592828770679129535e-02,1.925591959661687724e-06,4.435453191399574280e-02,4.576505720615386963e-02,4.604375734925270081e-02,4.245898127555847168e-02,4.585075750946998596e-02,4.721381142735481262e-02,4.647618532180786133e-02,4.821453988552093506e-02,4.721096903085708618e-02,4.784245789051055908e-02,4.614916071295738220e-02,4.357466846704483032e-02,4.662734270095825195e-02,4.562695324420928955e-02,4.645878076553344727e-02
3.609246385266121071e-02,1.905097860799287446e-06,4.751043394207954407e-02,4.448759928345680237e-02,4.598402231931686401e-02,4.494309052824974060e-02,4.546913504600524902e-02,4.629880189895629883e-02,4.464305564761161804e-02,4.470298439264297485e-02,4.564778134226799011e-02,4.732995480298995972e-02,4.364025965332984924e-02,4.478863999247550964e-02,4.641921818256378174e-02,4.565363377332687378e-02,4.424844309687614441e-02
3.625663999853112607e-02,1.903327984109637327e-06,4.684977233409881592e-02,4.536675661802291870e-02,4.312273859977722168e-02,4.785864800214767456e-02,4.647970572113990784e-02,4.489240422844886780e-02,4.554153978824615479e-02,4.535553231835365295e-02,4.406275600194931030e-02,4.465184360742568970e-02,4.209274053573608398e-02,4.650140181183815002e-02,4.907920211553573608e-02,4.600641876459121704e-02,4.520744085311889648e-02
3.642081614440104836e-02,1.913350615723174997e-06,4.674908146262168884e-02,4.160887748003005981e-02,4.540107026696205139e-02,4.835386946797370911e-02,4.595853760838508606e-02,4.701521247625350952e-02,4.358860850334167480e-02,4.342453926801681519e-02,4.550919309258460999e-02,4.400032013654708862e-02,4.757606983184814453e-02,4.778684303164482117e-02,4.713820293545722961e-02,4.524382948875427246e-02,4.826612770557403564e-02
3.658499229027097066e-02,1.894784190881182440e-06,4.373222962021827698e-02,4.419223964214324951e-02,4.652862250804901123e-02,4.229965806007385254e-02,4.433396458625793457e-02,4.500257968902587891e-02,4.634677246212959290e-02,4.744469001889228821e-02,4.757016524672508240e-02,4.581505432724952698e-02,4.679919406771659851e-02,4.405709356069564819e-02,4.645474627614021301e-02,4.353553429245948792e-02,4.808485135436058044e-02
3.674916843614088602e-02,1.894685397019202355e-06,4.309755191206932068e-02,4.742266982793807983e-02,4.568631947040557861e-02,4.400006309151649475e-02,4.549403116106987000e-02,4.679796844720840454e-02,4.391485825181007385e-02,4.684446379542350769e-02,4.599386453628540039e-02,4.535591974854469299e-02,4.745909944176673889e-02,4.625434428453445435e-02,4.529126733541488647e-02,4.432890936732292175e-02,4.418436810374259949e-02
3.691334458201080831e-02,1.905369913401955273e-06,4.473547637462615967e-02,4.500338062644004822e-02,4.391678795218467712e-02,4.527821764349937439e-02,4.363499209284782410e-02,4.646449163556098938e-02,4.526675119996070862e-02,4.588480293750762939e-02,4.660462588071823120e-02,4.497495293617248535e-02,4.514208063483238220e-02,4.776432365179061890e-02,4.463154450058937073e-02,4.562985524535179138e-02,4.708937928080558777e-02
3.707752072788073061e-02,1.890312660179915838e-06,4.583474621176719666e-02,4.426151141524314880e-02,4.505094140768051147e-02,4.324251785874366760e-02,4.536763951182365417e-02,4.763399437069892883e-02,4.526375606656074524e-02,4.566669464111328125e-02,4.578101634979248047e-02,4.448445886373519897e-02,4.620793461799621582e-02,4.486649483442306519e-02,4.347418621182441711e-02,4.585902020335197449e-02,4.619753360748291016e-02
3.724169687375064597e-02,1.909874526972998865e-06,4.525920003652572632e-02,4.486760869622230530e-02,4.615278914570808411e-02,4.450881108641624451e-02,4.622431099414825439e-02,4.221240803599357605e-02,4.499914869666099548e-02,4.698804765939712524e-02,4.499351233243942261e-02,4.524140805006027222e-02,4.790765419602394104e-02,4.565599933266639709e-02,4.675344377756118774e-02,4.496764019131660461e-02,4.695416241884231567e-02
3.740587301962056133e-02,1.885603865048324224e-06,4.427094012498855591e-02,4.413066059350967407e-02,4.244897887110710144e-02,4.389630630612373352e-02,4.566023871302604675e-02,4.466031491756439209e-02,4.568978771567344666e-02,4.557402059435844421e-02,4.567645862698554993e-02,4.442888870835304260e-02,4.498682916164398193e-02,4.564521461725234985e-02,4.601957276463508606e-02,4.635951668024063110e-02,4.712486267089843750e-02
3.757004916549048362e-02,1.887581902337842621e-06,4.420258849859237671e-02,4.476669058203697205e-02,4.595420509576797485e-02,4.493663832545280457e-02,4.625928774476051331e-02,4.570047184824943542e-02,4.433360695838928223e-02,4.615783691406250000e-02,4.581247642636299133e-02,4.704122617840766907e-02,4.461482167243957520e-02,4.461985081434249878e-02,4.544255509972572327e-02,4.255779087543487549e-02,4.547133296728134155e-02
3.773422531136040592e-02,1.890478870336664841e-06,4.755982756614685059e-02,4.436090216040611267e-02,4.428533092141151428e-02,4.528934136033058167e-02,4.516674578189849854e-02,4.430891200900077820e-02,4.726539924740791321e-02,4.385959729552268982e-02,4.403940588235855103e-02,4.533451050519943237e-02,4.605022817850112915e-02,4.426645860075950623e-02,4.253803193569183350e-02,4.496245831251144409e-02,4.574207216501235962e-02
3.789840145723032128e-02,1.880302875179040711e-06,4.300241917371749878e-02,4.517503082752227783e-02,4.343872144818305969e-02,4.747982695698738098e-02,4.550072550773620605e-02,4.597363620996475220e-02,4.407207295298576355e-02,4.541865363717079163e-02,4.420869052410125732e-02,4.519596323370933533e-02,4.585423320531845093e-02,4.597210139036178589e-02,4.423643648624420166e-02,4.409297183156013489e-02,4.469939321279525757e-02
3.806257760310024357e-02,1.917625922942534089e-06,4.510693997144699097e-02,4.586528614163398743e-02,4.646526277065277100e-02,4.575364664196968079e-02,4.750027880072593689e-02,4.605495184659957886e-02,4.495278373360633850e-02,4.485668987035751343e-02,4.539237916469573975e-02,4.703302681446075439e-02,4.474540054798126221e-02,4.553272575139999390e-02,4.489351809024810791e-02,4.748419299721717834e-02,4.669040068984031677e-02
3.822675374897016587e-02,1.913136429720907472e-06,4.511531069874763489e-02,4.549753665924072266e-02,4.597488790750503540e-02,4.568022489547729492e-02,4.753068462014198303e-02,4.406591504812240601e-02,4.507615044713020325e-02,4.500783607363700867e-02,4.623674601316452026e-02,4.708106070756912231e-02,4.536910355091094971e-02,4.714937880635261536e-02,4.549395665526390076e-02,4.535322636365890503e-02,4.644029214978218079e-02
3.839092989484008123e-02,1.891664510367263574e-06,4.427202418446540833e-02,4.580247029662132263e-02,4.556336253881454468e-02,4.401241615414619446e-02,4.700548574328422546e-02,4.325070977210998535e-02,4.468548297882080078e-02,4.569434747099876404e-02,4.470143467187881470e-02,4.345773532986640930e-02,4.332826286554336548e-02,4.515468329191207886e-02,4.733622446656227112e-02,4.739502444863319397e-02,4.488321393728256226e-02
3.855510604070999658e-02,1.900755478345672600e-06,4.450525715947151184e-02,4.402774944901466370e-02,4.428889229893684387e-02,4.536896944046020508e-02,4.530217498540878296e-02,4.706652462482452393e-02,4.581618681550025940e-02,4.706760495901107788e-02,4.668612778186798096e-02,4.399044066667556763e-02,4.655262827873229980e-02,4.510035365819931030e-02,4.400840401649475098e-02,4.479405656456947327e-02,4.581278562545776367e-02
3.871928218657992582e-02,1.903389602375682443e-06,4.636921733617782593e-02,4.667199030518531799e-02,4.514310881495475769e-02,4.346204176545143127e-02,4.522946104407310486e-02,4.630677029490470886e-02,4.323491081595420837e-02,4.592438414692878723e-02,4.697362333536148071e-02,4.760374501347541809e-02,4.608936980366706848e-02,4.358572512865066528e-02,4.290940985083580017e-02,4.551903158426284790e-02,4.576239362359046936e-02
3.888345833244984118e-02,1.888840870378771797e-06,4.589046165347099304e-02,4.601798951625823975e-02,4.049034416675567627e-02,4.546445608139038086e-02,4.468198120594024658e-02,4.396126046776771545e-02,4.702845215797424316e-02,4.578717797994613647e-02,4.444086924195289612e-02,4.543267935514450073e-02,4.305333644151687622e-02,4.537694528698921204e-02,4.569384828209877014e-02,4.504013061523437500e-02,4.761306196451187134e-02
3.904763447831975653e-02,1.856105200204183348e-06,4.250102117657661438e-02,4.555181413888931274e-02,4.362358525395393372e-02,4.446548968553543091e-02,4.535303637385368347e-02,4.483669996261596680e-02,4.525715485215187073e-02,4.422071203589439392e-02,4.443461447954177856e-02,4.381692782044410706e-02,4.344956576824188232e-02,4.226030409336090088e-02,4.458509758114814758e-02,4.489916563034057617e-02,4.356467351317405701e-02
3.921181062418967883e-02,1.878152261269860901e-06,4.664045199751853943e-02,4.354844242334365845e-02,4.222851991653442383e-02,4.776940867304801941e-02,4.356337338685989380e-02,4.405684769153594971e-02,4.501307383179664612e-02,4.603441432118415833e-02,4.335090890526771545e-02,4.637131467461585999e-02,4.269845038652420044e-02,4.544535651803016663e-02,4.445550963282585144e-02,4.596106335520744324e-02,4.774396121501922607e-02
3.937598677005960113e-02,1.882367087091552094e-06,4.534302279353141785e-02,4.473629221320152283e-02,4.580166563391685486e-02,4.475759714841842651e-02,4.422239959239959717e-02,4.519205167889595032e-02,4.397971928119659424e-02,4.305170848965644836e-02,4.588421806693077087e-02,4.326290637254714966e-02,4.597154259681701660e-02,4.366305842995643616e-02,4.604639112949371338e-02,4.457439109683036804e-02,4.666508361697196960e-02
3.954016291592951649e-02,1.887346797957434319e-06,4.474955052137374878e-02,4.771701991558074951e-02,4.221840947866439819e-02,4.393744841217994690e-02,4.653187468647956848e-02,4.275162890553474426e-02,4.617892205715179443e-02,4.490163177251815796e-02,4.522509500384330750e-02,4.445216804742813110e-02,4.574494436383247375e-02,4.685883969068527222e-02,4.471759870648384094e-02,4.616288840770721436e-02,4.373971000313758850e-02
3.970433906179943878e-02,1.874935605883365497e-06,4.419452697038650513e-02,4.591332376003265381e-02,4.635886102914810181e-02,4.426315799355506897e-02,4.630289599299430847e-02,4.549713060259819031e-02,4.493960738182067871e-02,4.477287828922271729e-02,4.196557775139808655e-02,4.467545822262763977e-02,4.422529786825180054e-02,4.259432107210159302e-02,4.399092122912406921e-02,4.541509971022605896e-02,4.579923674464225769e-02
3.986851520766936108e-02,1.886281097540631890e-06,4.632448032498359680e-02,4.461915045976638794e-02,4.573941975831985474e-02,4.497559368610382080e-02,4.528712108731269836e-02,4.633501544594764709e-02,4.729678854346275330e-02,4.503092914819717407e-02,4.600399360060691833e-02,4.581902176141738892e-02,4.347199946641921997e-02,4.462408646941184998e-02,4.314480721950531006e-02,4.487813636660575867e-02,4.537564516067504883e-02
4.003269135353927644e-02,1.841909693212073762e-06,4.397589713335037231e-02,4.243991896510124207e-02,4.274410009384155273e-02,4.566610231995582581e-02,4.363183677196502686e-02,4.213136434555053711e-02,4.415327310562133789e-02,4.485369101166725159e-02,4.395319521427154541e-02,4.364060983061790466e-02,4.404191300272941589e-02,4.305857047438621521e-02,4.463487491011619568e-02,4.601772129535675049e-02,4.672208428382873535e-02
4.019686749940919179e-02,1.870749201771104708e-06,4.517854377627372742e-02,4.464345052838325500e-02,4.413965716958045959e-02,4.497516900300979614e-02,4.420232400298118591e-02,4.493642598390579224e-02,4.447384551167488098e-02,4.439254105091094971e-02,4.464473947882652283e-02,4.464390873908996582e-02,4.516986384987831116e-02,4.474122822284698486e-02,4.530382156372070312e-02,4.398188740015029907e-02,4.502403363585472107e-02
4.036104364527912103e-02,1.852418563430546783e-06,4.361717030405998230e-02,4.400375112891197205e-02,4.516122862696647644e-02,4.292274639010429382e-02,4.350530356168746948e-02,4.421913623809814453e-02,4.582048580050468445e-02,4.363306984305381775e-02,4.337489604949951172e-02,4.506126791238784790e-02,4.525154083967208862e-02,4.366223886609077454e-02,4.333969205617904663e-02,4.567527025938034058e-02,4.299116879701614380e-02
4.052521979114903639e-02,1.841497009991144296e-06,4.165159538388252258e-02,4.517976939678192139e-02,4.391586780548095703e-02,4.183377325534820557e-02,4.255292937159538269e-02,4.281158745288848877e-02,4.420888423919677734e-02,4.415804892778396606e-02,4.629743844270706177e-02,4.636597260832786560e-02,4.506874084472656250e-02,4.316723346710205078e-02,4.555367305874824524e-02,4.351079463958740234e-02,4.306931048631668091e-02
4.068939593701895174e-02,1.842828055487188976e-06,4.349116981029510498e-02,4.584410786628723145e-02,4.363415390253067017e-02,4.344634339213371277e-02,4.204623028635978699e-02,4.588015377521514893e-02,4.333302751183509827e-02,4.450581222772598267e-02,4.156105220317840576e-02,4.331173747777938843e-02,4.534411802887916565e-02,4.350888356566429138e-02,4.285857453942298889e-02,4.630265012383460999e-02,4.356880486011505127e-02
4.085357208288887404e-02,1.838961793509952258e-06,4.635636508464813232e-02,4.401797056198120117e-02,4.739437624812126160e-02,4.206575080752372742e-02,4.396078363060951233e-02,4.290189966559410095e-02,4.309786483645439148e-02,4.630645364522933960e-02,4.214533418416976929e-02,4.138734564185142517e-02,4.344511777162551880e-02,4.635592177510261536e-02,4.377143085002899170e-02,4.383313283324241638e-02,4.323925077915191650e-02
4.101774822875879634e-02,1.839607762121886481e-06,4.381715133786201477e-02,4.159690067172050476e-02,4.489661380648612976e-02,4.302462190389633179e-02,4.655102267861366272e-02,4.388934746384620667e-02,4.491508379578590393e-02,4.405039176344871521e-02,4.405371844768524170e-02,4.564521089196205139e-02,4.340831935405731201e-02,4.333379492163658142e-02,4.568095505237579346e-02,4.631656035780906677e-02,4.350459948182106018e-02
4.118192437462871169e-02,1.845482643147988711e-06,4.442775994539260864e-02,4.403216391801834106e-02,4.469282180070877075e-02,4.415278881788253784e-02,4.521635919809341431e-02,4.609796032309532166e-02,4.421523213386535645e-02,4.510513693094253540e-02,4.411813989281654358e-02,4.384845122694969177e-02,4.047088697552680969e-02,4.443224892020225525e-02,4.382032901048660278e-02,4.341486841440200806e-02,4.341293126344680786e-02
4.134610052049863399e-02,1.847994894887960982e-06,4.296261072158813477e-02,4.374663159251213074e-02,4.602215066552162170e-02,4.463704302906990051e-02,4.592403769493103027e-02,4.379730671644210815e-02,4.697776585817337036e-02,4.373014345765113831e-02,4.339219257235527039e-02,4.524073377251625061e-02,4.224247485399246216e-02,4.323334246873855591e-02,4.394472390413284302e-02,4.302859678864479065e-02,4.533273726701736450e-02
4.151027666636855629e-02,1.833801320572092663e-06,4.222413152456283569e-02,4.276053979992866516e-02,4.493502900004386902e-02,4.381852596998214722e-02,4.401540383696556091e-02,4.376765340566635132e-02,4.560241475701332092e-02,4.724559187889099121e-02,4.581721872091293335e-02,4.410620778799057007e-02,4.170851409435272217e-02,4.255310818552970886e-02,4.326357692480087280e-02,4.477615654468536377e-02,4.342988133430480957e-02
4.167445281223847164e-02,1.823969000724900980e-06,4.433447867631912231e-02,4.371082782745361328e-02,4.299625754356384277e-02,4.541384056210517883e-02,4.521714895963668823e-02,4.326942935585975647e-02,4.479265958070755005e-02,4.381742700934410095e-02,4.402723535895347595e-02,4.252029955387115479e-02,4.319730401039123535e-02,4.403693228960037231e-02,4.238440468907356262e-02,4.319914802908897400e-02,4.300872609019279480e-02
4.183862895810838700e-02,1.822903186621260829e-06,4.374511912465095520e-02,4.398348182439804077e-02,4.266814514994621277e-02,4.367336630821228027e-02,4.581608250737190247e-02,4.302622377872467041e-02,4.256419092416763306e-02,4.380616918206214905e-02,4.333457350730895996e-02,4.272091761231422424e-02,4.378547891974449158e-02,4.366406053304672241e-02,4.399461299180984497e-02,4.271443933248519897e-02,4.144750908017158508e-02
4.200280510397831624e-02,1.835527541516057681e-06,4.527972638607025146e-02,4.488564282655715942e-02,4.358159378170967102e-02,4.248397424817085266e-02,4.336716234683990479e-02,4.495543986558914185e-02,4.629157483577728271e-02,4.526984691619873047e-02,4.224434867501258850e-02,4.167542979121208191e-02,4.157647117972373962e-02,4.389359056949615479e-02,4.666568711400032043e-02,4.622680693864822388e-02,4.403369501233100891e-02
4.216698124984823159e-02,1.855434902608976699e-06,4.458289220929145813e-02,4.372368380427360535e-02,4.450030252337455750e-02,4.652265086770057678e-02,4.376257210969924927e-02,4.385150969028472900e-02,4.421296343207359314e-02,4.469740390777587891e-02,4.244784265756607056e-02,4.554440826177597046e-02,4.387069121003150940e-02,4.399381205439567566e-02,4.256485030055046082e-02,4.613168537616729736e-02,4.531382396817207336e-02
4.233115739571814695e-02,1.848541501203726511e-06,4.616688936948776245e-02,4.480925947427749634e-02,4.383602738380432129e-02,4.513180255889892578e-02,4.636937379837036133e-02,4.319540783762931824e-02,4.416790977120399475e-02,4.374374449253082275e-02,4.251619428396224976e-02,4.236242547631263733e-02,4.743262007832527161e-02,4.419920593500137329e-02,4.069758206605911255e-02,4.364376142621040344e-02,4.273678362369537354e-02
4.249533354158806925e-02,1.863883085206907708e-06,4.340647906064987183e-02,4.352150484919548035e-02,4.408849775791168213e-02,4.592784121632575989e-02,4.359754920005798340e-02,4.439552128314971924e-02,4.326560720801353455e-02,4.530226811766624451e-02,4.465299099683761597e-02,4.754610359668731689e-02,4.268814995884895325e-02,4.377041757106781006e-02,4.727645963430404663e-02,4.569685459136962891e-02,4.198522865772247314e-02
4.265950968745799154e-02,1.839709284467971884e-06,4.329728335142135620e-02,4.554854333400726318e-02,4.451818764209747314e-02,4.430091008543968201e-02,4.287624359130859375e-02,4.453715309500694275e-02,4.203746467828750610e-02,4.420813918113708496e-02,4.476724565029144287e-02,4.417949542403221130e-02,4.403362795710563660e-02,4.443316534161567688e-02,4.421515390276908875e-02,4.600726068019866943e-02,4.338017106056213379e-02
4.282368583332790690e-02,1.811248580452229362e-06,4.357414692640304565e-02,4.431622475385665894e-02,4.219805076718330383e-02,4.287265241146087646e-02,4.221152886748313904e-02,4.348677024245262146e-02,4.526490718126296997e-02,4.244751483201980591e-02,4.383723065257072449e-02,4.241650924086570740e-02,4.103606566786766052e-02,4.241954907774925232e-02,4.464067146182060242e-02,4.439948871731758118e-02,4.427940770983695984e-02
4.298786197919782920e-02,1.835304601627285592e-06,4.529111832380294800e-02,4.264033213257789612e-02,4.278530180454254150e-02,4.191916808485984802e-02,4.463084787130355835e-02,4.444379732012748718e-02,4.511817544698715210e-02,4.430301859974861145e-02,4.506231471896171570e-02,4.496686160564422607e-02,4.438685253262519836e-02,4.514234513044357300e-02,4.585848748683929443e-02,4.540679603815078735e-02,4.160388559103012085e-02
4.315203812506775150e-02,1.826541506488865707e-06,4.557127505540847778e-02,4.635925218462944031e-02,4.372866824269294739e-02,4.165624082088470459e-02,4.251373931765556335e-02,4.291279986500740051e-02,4.213595017790794373e-02,4.123231023550033569e-02,4.196242988109588623e-02,4.267667979001998901e-02,4.586830362677574158e-02,4.528398439288139343e-02,4.292986169457435608e-02,4.478207603096961975e-02,4.438751935958862305e-02
4.331621427093766685e-02,1.840766913119296078e-06,4.436395317316055298e-02,4.297397285699844360e-02,4.420347884297370911e-02,4.500143975019454956e-02,4.484092444181442261e-02,4.347204044461250305e-02,4.586363211274147034e-02,4.430446401238441467e-02,4.137729480862617493e-02,4.169369488954544067e-02,4.664719104766845703e-02,4.455313459038734436e-02,4.536842927336692810e-02,4.581408947706222534e-02,4.541271552443504333e-02
4.348039041680758221e-02,1.799914684852410574e-06,4.053105413913726807e-02,4.273174330592155457e-02,4.307250678539276123e-02,4.313848540186882019e-02,4.437214508652687073e-02,4.303272441029548645e-02,4.110407456755638123e-02,4.298418387770652771e-02,4.214872419834136963e-02,4.370018839836120605e-02,4.459197819232940674e-02,4.323945567011833191e-02,4.390548914670944214e-02,4.298759251832962036e-02,4.385439679026603699e-02
4.364456656267751145e-02,1.807855710467265453e-06,4.535159096121788025e-02,4.552530497312545776e-02,4.172050952911376953e-02,4.487494379281997681e-02,4.187549278140068054e-02,4.466395452618598938e-02,4.226784780621528625e-02,4.195887595415115356e-02,4.189679399132728577e-02,4.417514801025390625e-02,4.300220683217048645e-02,4.266477003693580627e-02,4.569312557578086853e-02,4.157322645187377930e-02,4.118657484650611877e-02
4.380874270854742680e-02,1.788951749404077418e-06,4.291553050279617310e-02,4.229845106601715088e-02,4.503971338272094727e-02,4.136168584227561951e-02,4.414221644401550293e-02,4.362741857767105103e-02,4.047958552837371826e-02,4.121911525726318359e-02,4.346662759780883789e-02,4.323292896151542664e-02,4.225223511457443237e-02,4.419641196727752686e-02,4.282791540026664734e-02,4.389164969325065613e-02,4.257834330201148987e-02
4.397291885441734216e-02,1.812292339309351519e-06,4.238608106970787048e-02,4.290775954723358154e-02,4.330779239535331726e-02,4.336165636777877808e-02,4.566410928964614868e-02,4.422157257795333862e-02,4.387658089399337769e-02,4.226491600275039673e-02,4.407883062958717346e-02,4.232272133231163025e-02,4.462649673223495483e-02,4.475517943501472473e-02,4.192054271697998047e-02,4.340856149792671204e-02,4.535201191902160645e-02
4.413709500028726446e-02,1.788128770385810640e-06,4.201668128371238708e-02,4.190360009670257568e-02,4.193574562668800354e-02,4.443720355629920959e-02,4.176725819706916809e-02,4.014133289456367493e-02,4.056280106306076050e-02,4.254900291562080383e-02,4.452027380466461182e-02,4.416821524500846863e-02,4.333481565117835999e-02,4.272641614079475403e-02,4.256646335124969482e-02,4.339049011468887329e-02,4.492272809147834778e-02
4.430127114615718675e-02,1.808149932003288995e-06,4.250729084014892578e-02,4.314449802041053772e-02,4.388044402003288269e-02,4.147753119468688965e-02,4.257916286587715149e-02,4.562549665570259094e-02,4.365596547722816467e-02,4.499165713787078857e-02,4.039163142442703247e-02,4.191889986395835876e-02,4.385112971067428589e-02,4.539961367845535278e-02,4.354964569211006165e-02,4.118495807051658630e-02,4.454099759459495544e-02
4.446544729202710211e-02,1.818678015297336970e-06,4.102243483066558838e-02,4.408915713429450989e-02,4.386991634964942932e-02,4.375914111733436584e-02,4.369015619158744812e-02,4.318193346261978149e-02,4.234103485941886902e-02,4.221709817647933960e-02,4.395617544651031494e-02,4.424583911895751953e-02,4.265318438410758972e-02,4.266791790723800659e-02,4.385367780923843384e-02,4.290836304426193237e-02,4.454749077558517456e-02
4.462962343789702441e-02,1.833185024224803783e-06,4.428920522332191467e-02,4.178227111697196960e-02,4.433600232005119324e-02,4.468315094709396362e-02,4.433403536677360535e-02,4.240584746003150940e-02,4.491813853383064270e-02,4.434433951973915100e-02,4.263398051261901855e-02,4.398064687848091125e-02,4.446773231029510498e-02,4.476311430335044861e-02,4.434491321444511414e-02,4.454470798373222351e-02,4.307191818952560425e-02
4.479379958376694670e-02,1.813683297768875491e-06,4.496451467275619507e-02,4.090705141425132751e-02,4.448658972978591919e-02,4.362790286540985107e-02,4.199465736746788025e-02,4.283307492733001709e-02,4.203430563211441040e-02,4.169534146785736084e-02,4.558236896991729736e-02,4.623140767216682434e-02,4.391064122319221497e-02,4.312936216592788696e-02,3.957096487283706665e-02,4.442057013511657715e-02,4.421096667647361755e-02
4.495797572963686206e-02,1.788824874893180095e-06,4.470643401145935059e-02,4.404965788125991821e-02,4.352325573563575745e-02,4.435786604881286621e-02,4.060468450188636780e-02,4.252514615654945374e-02,4.452527686953544617e-02,4.152964428067207336e-02,4.263992235064506531e-02,4.129005596041679382e-02,4.120439291000366211e-02,4.285846278071403503e-02,4.212982580065727234e-02,4.211660474538803101e-02,4.446114227175712585e-02
4.512215187550677742e-02,1.827217033678607550e-06,4.413319379091262817e-02,4.303259029984474182e-02,4.142360761761665344e-02,4.398552700877189636e-02,4.334822669625282288e-02,4.285784438252449036e-02,4.348290339112281799e-02,4.341818019747734070e-02,4.646880179643630981e-02,4.408345371484756470e-02,4.313905537128448486e-02,4.467375949025154114e-02,4.655165225267410278e-02,4.571467638015747070e-02,4.285484552383422852e-02
4.528632802137670665e-02,1.798237349248665851e-06,4.194598644971847534e-02,4.216255247592926025e-02,4.373611137270927429e-02,4.193970933556556702e-02,4.364950209856033325e-02,4.141310229897499084e-02,4.286605119705200195e-02,4.200478643178939819e-02,4.315967857837677002e-02,4.296719655394554138e-02,4.143492132425308228e-02,4.424369707703590393e-02,4.500851035118103027e-02,4.351229593157768250e-02,4.197736829519271851e-02
4.545050416724662201e-02,1.799955498427152634e-06,4.134279116988182068e-02,4.505298286676406860e-02,4.130528122186660767e-02,4.414382204413414001e-02,4.257779568433761597e-02,4.177476093173027039e-02,4.452161490917205811e-02,4.569796472787857056e-02,4.202188923954963684e-02,4.406153038144111633e-02,4.226344823837280273e-02,4.207189753651618958e-02,4.288776591420173645e-02,4.467811062932014465e-02,4.379477724432945251e-02
4.561468031311653737e-02,1.824804144234803971e-06,4.256379604339599609e-02,4.344895854592323303e-02,4.386133700609207153e-02,4.555264860391616821e-02,4.394456371665000916e-02,4.235292598605155945e-02,4.223795607686042786e-02,4.392182454466819763e-02,4.243393242359161377e-02,4.358476027846336365e-02,4.380878806114196777e-02,4.539014026522636414e-02,4.485113918781280518e-02,4.417091980576515198e-02,4.315759986639022827e-02
4.577885645898645967e-02,1.771457846189150587e-06,4.276987165212631226e-02,4.290558770298957825e-02,4.221047461032867432e-02,4.404248297214508057e-02,4.068254679441452026e-02,4.448251053690910339e-02,4.412123560905456543e-02,4.127253964543342590e-02,3.850260004401206970e-02,4.138377308845520020e-02,4.434252157807350159e-02,4.403435066342353821e-02,4.217430949211120605e-02,4.289030283689498901e-02,4.184380546212196350e-02
4.594303260485638196e-02,1.796857304725563154e-06,4.276333749294281006e-02,4.478252306580543518e-02,4.317903146147727966e-02,4.178963601589202881e-02,4.420149698853492737e-02,4.373547434806823730e-02,4.187046363949775696e-02,4.360019788146018982e-02,4.477901384234428406e-02,4.307185485959053040e-02,4.242954775691032410e-02,4.292480647563934326e-02,4.328361898660659790e-02,4.237207770347595215e-02,4.178768023848533630e-02
4.610720875072629732e-02,1.792960119928466156e-06,4.346340522170066833e-02,4.415697604417800903e-02,4.530400782823562622e-02,4.117674380540847778e-02,4.245375841856002808e-02,4.361866787075996399e-02,4.190573841333389282e-02,4.258201271295547485e-02,4.432648420333862305e-02,4.147647693753242493e-02,4.302425310015678406e-02,4.182385280728340149e-02,4.055407643318176270e-02,4.207696020603179932e-02,4.064441472291946411e-02
4.627138489659621962e-02,1.806371756174485199e-06,4.335621371865272522e-02,4.469159618020057678e-02,4.297901690006256104e-02,4.272811859846115112e-02,4.139700904488563538e-02,4.290709644556045532e-02,4.464676231145858765e-02,4.402097314596176147e-02,4.108387604355812073e-02,4.352742806077003479e-02,4.446732625365257263e-02,4.289151355624198914e-02,4.305117949843406677e-02,4.112634435296058655e-02,4.335498437285423279e-02
4.643556104246614191e-02,1.764308649399026763e-06,4.099490121006965637e-02,4.181364551186561584e-02,4.520472511649131775e-02,3.945993259549140930e-02,4.392115771770477295e-02,4.082189500331878662e-02,4.330460354685783386e-02,4.338844865560531616e-02,4.281181842088699341e-02,4.299985617399215698e-02,4.324294999241828918e-02,4.046970233321189880e-02,4.211258515715599060e-02,4.181978479027748108e-02,4.111996665596961975e-02
4.659973718833605727e-02,1.816458961911848746e-06,4.139477014541625977e-02,4.372260347008705139e-02,4.383095726370811462e-02,4.194623231887817383e-02,4.406995326280593872e-02,4.398541525006294250e-02,4.552664607763290405e-02,4.175110906362533569e-02,4.299216717481613159e-02,3.858251497149467468e-02,4.554645717144012451e-02,4.299373179674148560e-02,4.262620583176612854e-02,4.289244860410690308e-02,4.365835711359977722e-02
4.676391333420597263e-02,1.777733018570870627e-06,4.289316758513450623e-02,4.333540052175521851e-02,4.165843501687049866e-02,4.395683854818344116e-02,4.139125347137451172e-02,4.167756065726280212e-02,4.212373867630958557e-02,4.260075092315673828e-02,4.143164306879043579e-02,4.267506673932075500e-02,4.283689334988594055e-02,4.068939015269279480e-02,4.086796194314956665e-02,4.388682171702384949e-02,4.233067482709884644e-02
4.692808948007590186e-02,1.811861807254899759e-06,4.379214718937873840e-02,4.356735572218894958e-02,4.231118783354759216e-02,4.087543487548828125e-02,4.332934692502021790e-02,4.208863899111747742e-02,4.343218728899955750e-02,4.406844452023506165e-02,4.118733853101730347e-02,4.303932934999465942e-02,4.490014538168907166e-02,4.366274550557136536e-02,4.225810617208480835e-02,4.469495639204978943e-02,4.331474378705024719e-02
4.709226562594581722e-02,1.810426283554988913e-06,4.214967787265777588e-02,4.170331358909606934e-02,4.370208829641342163e-02,4.652710631489753723e-02,4.394066706299781799e-02,4.284320399165153503e-02,4.453316330909729004e-02,4.248081520199775696e-02,4.392923414707183838e-02,4.063325375318527222e-02,4.170484095811843872e-02,4.338957369327545166e-02,4.098647087812423706e-02,4.384170472621917725e-02,4.498361796140670776e-02
4.725644177181573258e-02,1.785590939107351005e-06,4.291843622922897339e-02,4.268952831625938416e-02,4.337225481867790222e-02,4.275992512702941895e-02,4.179494082927703857e-02,4.258951917290687561e-02,4.171957448124885559e-02,4.293133318424224854e-02,4.240647330880165100e-02,4.563954100012779236e-02,4.319693520665168762e-02,4.383379966020584106e-02,4.372259974479675293e-02,4.189350828528404236e-02,4.311760887503623962e-02
4.742061791768565487e-02,1.773626763679203577e-06,4.227263107895851135e-02,4.095501452684402466e-02,4.465115442872047424e-02,4.318703338503837585e-02,4.281969368457794189e-02,4.262312129139900208e-02,4.280964285135269165e-02,4.174921289086341858e-02,4.348726570606231689e-02,4.085549712181091309e-02,4.373272135853767395e-02,4.376760125160217285e-02,4.435329139232635498e-02,4.147523641586303711e-02,4.083155468106269836e-02
4.758479406355557717e-02,1.774636871232360136e-06,4.221918061375617981e-02,4.343132674694061279e-02,4.357369244098663330e-02,4.155122116208076477e-02,4.187943413853645325e-02,4.334924742579460144e-02,4.427248612046241760e-02,4.025580361485481262e-02,4.151570424437522888e-02,4.188470169901847839e-02,4.216072708368301392e-02,4.116451367735862732e-02,4.095628112554550171e-02,4.415529221296310425e-02,4.239183291792869568e-02
4.774897020942549253e-02,1.795648927327420097e-06,4.483320564031600952e-02,4.293398559093475342e-02,4.329411312937736511e-02,4.263457283377647400e-02,4.265420883893966675e-02,4.355840384960174561e-02,4.128102213144302368e-02,4.137760400772094727e-02,4.413517564535140991e-02,4.372542351484298706e-02,4.072108864784240723e-02,4.422403499484062195e-02,4.299911111593246460e-02,4.323022067546844482e-02,4.253541678190231323e-02
4.791314635529541482e-02,1.775616169652494136e-06,3.772465139627456665e-02,4.257437214255332947e-02,4.179438203573226929e-02,4.157970100641250610e-02,4.104502126574516296e-02,4.458527639508247375e-02,4.298777505755424500e-02,4.390000551939010620e-02,4.451064020395278931e-02,4.372043535113334656e-02,4.193776845932006836e-02,4.308358207345008850e-02,4.208864644169807434e-02,4.171486943960189819e-02,4.255883395671844482e-02
4.807732250116533712e-02,1.759632709763536695e-06,4.095078632235527039e-02,4.113102331757545471e-02,4.222310706973075867e-02,4.131465032696723938e-02,3.932189196348190308e-02,4.439261183142662048e-02,4.316483438014984131e-02,3.891695663332939148e-02,4.125063866376876831e-02,4.202707856893539429e-02,4.008198902010917664e-02,4.370459914207458496e-02,4.405022040009498596e-02,4.118283465504646301e-02,4.313290119171142578e-02
4.824149864703525248e-02,1.761091880325693637e-06,4.372975602746009827e-02,4.245564714074134827e-02,3.944792225956916809e-02,4.278284311294555664e-02,4.163337498903274536e-02,4.456278681755065918e-02,4.109107330441474915e-02,4.356942325830459595e-02,4.151496291160583496e-02,4.263130575418472290e-02,4.305090755224227905e-02,4.114098846912384033e-02,4.169405251741409302e-02,4.233250021934509277e-02,3.965276852250099182e-02
4.840567479290516784e-02,1.774981342350656632e-06,4.238989204168319702e-02,4.244225844740867615e-02,4.094355553388595581e-02,4.210900887846946716e-02,4.347616806626319885e-02,4.207503423094749451e-02,4.289576783776283264e-02,4.198235273361206055e-02,4.328475892543792725e-02,4.254774749279022217e-02,4.350088164210319519e-02,4.127835109829902649e-02,4.283509030938148499e-02,4.323818162083625793e-02,4.165143519639968872e-02
4.856985093877509707e-02,1.772589371284993831e-06,4.078637436032295227e-02,4.318588972091674805e-02,4.249446466565132141e-02,4.218195006251335144e-02,4.415476694703102112e-02,4.375239834189414978e-02,4.139314964413642883e-02,4.339218512177467346e-02,4.192730411887168884e-02,4.058226197957992554e-02,4.317547008395195007e-02,4.251369088888168335e-02,4.499691352248191833e-02,4.010365530848503113e-02,4.149698093533515930e-02
4.873402708464501243e-02,1.774378006302868016e-06,4.181136190891265869e-02,4.125231504440307617e-02,4.245367273688316345e-02,4.285134375095367432e-02,4.315332323312759399e-02,4.304826632142066956e-02,4.025265946984291077e-02,4.322327673435211182e-02,4.055873304605484009e-02,3.874276205897331238e-02,4.279174283146858215e-02,4.461458697915077209e-02,4.464754462242126465e-02,4.285826534032821655e-02,4.451848194003105164e-02
4.889820323051492779e-02,1.792768557606905233e-06,4.400201886892318726e-02,4.313288256525993347e-02,4.357179999351501465e-02,4.453595355153083801e-02,4.411224275827407837e-02,4.221267625689506531e-02,4.324635118246078491e-02,4.271121323108673096e-02,4.140890017151832581e-02,4.493127763271331787e-02,4.043789580464363098e-02,4.164035618305206299e-02,4.393854737281799316e-02,4.400913044810295105e-02,4.185123741626739502e-02
4.906237937638485008e-02,1.785204744919610675e-06,4.452380910515785217e-02,4.228974133729934692e-02,4.317532479763031006e-02,4.379489272832870483e-02,4.434914141893386841e-02,4.344079270958900452e-02,4.295822232961654663e-02,4.143330827355384827e-02,4.328287392854690552e-02,4.185452312231063843e-02,4.143766313791275024e-02,4.286199808120727539e-02,4.116102308034896851e-02,4.131998866796493530e-02,4.277176037430763245e-02
4.922655552225477238e-02,1.770212293195072562e-06,4.378383979201316833e-02,4.268326610326766968e-02,4.211418330669403076e-02,4.187928140163421631e-02,4.273011907935142517e-02,4.235189408063888550e-02,4.040734469890594482e-02,4.081920534372329712e-02,4.532084241509437561e-02,4.150041937828063965e-02,4.284040257334709167e-02,4.237910732626914978e-02,4.366538673639297485e-02,4.204750806093215942e-02,4.260674118995666504e-02
4.939073166812468774e-02,1.767631260918278713e-06,4.116854444146156311e-02,4.180359467864036560e-02,4.273332655429840088e-02,4.096932336688041687e-02,4.106873273849487305e-02,4.246220365166664124e-02,4.180128127336502075e-02,4.410821199417114258e-02,4.196605458855628967e-02,4.076102748513221741e-02,4.451787471771240234e-02,4.374046251177787781e-02,4.175018519163131714e-02,4.324268922209739685e-02,4.271793738007545471e-02
4.955490781399461003e-02,1.780321667865791824e-06,4.122312366962432861e-02,4.278457164764404297e-02,4.327435046434402466e-02,4.093312844634056091e-02,4.420012235641479492e-02,4.266074299812316895e-02,3.974776342511177063e-02,4.261308535933494568e-02,4.351452365517616272e-02,4.106141254305839539e-02,4.490032792091369629e-02,4.182608425617218018e-02,4.393491521477699280e-02,4.307185858488082886e-02,4.364296048879623413e-02
4.971908395986453233e-02,1.754750655891257338e-06,4.010619595646858215e-02,4.402283579111099243e-02,4.193602502346038818e-02,4.171100258827209473e-02,4.049976170063018799e-02,4.100316762924194336e-02,4.159999638795852661e-02,4.171195626258850098e-02,4.335995763540267944e-02,4.406785964965820312e-02,4.252559319138526917e-02,4.219119623303413391e-02,4.096236452460289001e-02,4.309822618961334229e-02,4.249420762062072754e-02
4.988326010573444769e-02,1.761002295097569004e-06,4.284334182739257812e-02,4.283555597066879272e-02,4.221519827842712402e-02,4.228307679295539856e-02,4.018248245120048523e-02,4.287147149443626404e-02,4.046561568975448608e-02,4.167139902710914612e-02,4.374830424785614014e-02,4.271778464317321777e-02,3.974308073520660400e-02,4.062288999557495117e-02,4.178736358880996704e-02,4.012550786137580872e-02,4.357638210058212280e-02
5.004743625160436304e-02,1.775140276549791452e-06,3.929280862212181091e-02,4.057659581303596497e-02,4.136965051293373108e-02,4.401852935552597046e-02,4.153393581509590149e-02,4.409757256507873535e-02,4.223113507032394409e-02,4.252386465668678284e-02,4.205732420086860657e-02,4.303445294499397278e-02,4.314061254262924194e-02,3.997972980141639709e-02,4.217397421598434448e-02,4.263572022318840027e-02,4.228064045310020447e-02
5.021161239747429228e-02,1.760846203069377225e-06,4.032465815544128418e-02,4.311530664563179016e-02,4.467500746250152588e-02,4.261261224746704102e-02,3.980188816785812378e-02,4.193199425935745239e-02,4.080607369542121887e-02,4.207317531108856201e-02,4.031770303845405579e-02,4.145793989300727844e-02,4.332065582275390625e-02,4.127094522118568420e-02,4.156460240483283997e-02,4.400571063160896301e-02,4.134669154882431030e-02
5.037578854334420764e-02,1.784762503120873589e-06,4.059020429849624634e-02,4.220893234014511108e-02,4.178500548005104065e-02,4.169083386659622192e-02,4.560875520110130310e-02,4.040544852614402771e-02,4.362919926643371582e-02,4.336302727460861206e-02,4.353988543152809143e-02,4.269703850150108337e-02,4.315944761037826538e-02,4.417192935943603516e-02,4.272213205695152283e-02,4.215364530682563782e-02,4.225363954901695251e-02
5.053996468921412299e-02,1.775003170223499183e-06,4.313085600733757019e-02,4.111130163073539734e-02,3.984868153929710388e-02,4.299091547727584839e-02,4.322266206145286560e-02,4.351493343710899353e-02,4.235059022903442383e-02,4.166429489850997925e-02,4.412863776087760925e-02,4.064365848898887634e-02,3.999232500791549683e-02,4.286203905940055847e-02,4.157021641731262207e-02,4.523669555783271790e-02,4.358222708106040955e-02
5.070414083508404529e-02,1.757550194270152133e-06,4.026984050869941711e-02,4.169253632426261902e-02,4.234042763710021973e-02,4.374235868453979492e-02,4.270258173346519470e-02,4.292473569512367249e-02,4.086460173130035400e-02,4.320509359240531921e-02,4.070046916604042053e-02,4.071662202477455139e-02,4.125895723700523376e-02,4.119302704930305481e-02,4.086825996637344360e-02,4.373224452137947083e-02,4.323430359363555908e-02
5.086831698095396759e-02,1.748625663822167553e-06,4.241469129920005798e-02,4.050075635313987732e-02,4.145978018641471863e-02,4.109700396656990051e-02,4.285778105258941650e-02,3.968103229999542236e-02,4.189320653676986694e-02,4.060551151633262634e-02,4.190060496330261230e-02,4.244213178753852844e-02,4.136921837925910950e-02,4.273346439003944397e-02,4.315712675452232361e-02,4.106799885630607605e-02,4.360964521765708923e-02
5.103249312682388295e-02,1.752629941620398313e-06,4.325609654188156128e-02,4.164547100663185120e-02,4.165690392255783081e-02,4.129838570952415466e-02,4.235187172889709473e-02,4.260544478893280029e-02,4.178703203797340393e-02,4.261615127325057983e-02,4.105508327484130859e-02,4.209970682859420776e-02,4.235343635082244873e-02,4.375040531158447266e-02,4.120711609721183777e-02,3.866402804851531982e-02,4.116593301296234131e-02
5.119666927269380524e-02,1.757765744514472317e-06,4.183620586991310120e-02,4.160054028034210205e-02,4.264859110116958618e-02,4.223811626434326172e-02,4.244201630353927612e-02,4.451637342572212219e-02,4.319280758500099182e-02,4.224221035838127136e-02,3.953030332922935486e-02,4.109391197562217712e-02,4.128251224756240845e-02,4.262416064739227295e-02,4.222173988819122314e-02,4.328407719731330872e-02,4.201406985521316528e-02
5.136084541856372754e-02,1.764825583450146951e-06,4.208552464842796326e-02,4.016267135739326477e-02,4.029105603694915771e-02,4.319614544510841370e-02,4.131369665265083313e-02,4.139371216297149658e-02,4.311113059520721436e-02,4.262195155024528503e-02,3.968623653054237366e-02,4.449912533164024353e-02,4.172557219862937927e-02,4.200047999620437622e-02,4.083334282040596008e-02,4.308945685625076294e-02,4.368096590042114258e-02
5.152502156443364290e-02,1.744780547596747056e-06,4.319994151592254639e-02,3.918931633234024048e-02,4.276648908853530884e-02,4.025799781084060669e-02,4.165158793330192566e-02,4.177895933389663696e-02,4.040076583623886108e-02,4.084661975502967834e-02,4.120383039116859436e-02,3.970145061612129211e-02,4.479929804801940918e-02,4.221929237246513367e-02,4.125277698040008545e-02,4.194746911525726318e-02,4.440879821777343750e-02
5.168919771030355825e-02,1.773055828380165622e-06,4.254815354943275452e-02,4.158552363514900208e-02,4.140371829271316528e-02,4.247328639030456543e-02,4.259680584073066711e-02,4.437268152832984924e-02,4.109860211610794067e-02,4.459806904196739197e-02,4.282093793153762817e-02,4.100456461310386658e-02,4.402233287692070007e-02,4.233396053314208984e-02,4.261108487844467163e-02,4.249939695000648499e-02,4.197015240788459778e-02
5.185337385617348055e-02,1.744854785101779271e-06,3.838711977005004883e-02,4.312380403280258179e-02,4.180172830820083618e-02,4.203614220023155212e-02,4.151478782296180725e-02,4.253418371081352234e-02,4.110224917531013489e-02,4.234835505485534668e-02,4.238831996917724609e-02,4.415775835514068604e-02,4.325931519269943237e-02,4.026573151350021362e-02,4.271700605750083923e-02,3.945027291774749756e-02,4.291023686528205872e-02
5.201755000204340285e-02,1.751906552271975670e-06,4.340033978223800659e-02,4.250254109501838684e-02,4.257782921195030212e-02,4.212128743529319763e-02,4.087562486529350281e-02,4.237932339310646057e-02,4.273558035492897034e-02,4.194340109825134277e-02,4.086048528552055359e-02,3.920792788267135620e-02,4.453075677156448364e-02,4.164425283670425415e-02,4.021815583109855652e-02,4.488602280616760254e-02,4.194100201129913330e-02
5.218172614791331820e-02,1.739658841870550532e-06,4.108543321490287781e-02,4.423531517386436462e-02,4.035082086920738220e-02,4.286244511604309082e-02,4.004229232668876648e-02,4.121256247162818909e-02,4.017400369048118591e-02,3.923931717872619629e-02,4.390711709856987000e-02,4.066548496484756470e-02,4.079806804656982422e-02,4.001353308558464050e-02,4.220174252986907959e-02,3.965248912572860718e-02,4.314776510000228882e-02
5.234590229378324050e-02,1.766895934451895300e-06,4.286516830325126648e-02,4.322606325149536133e-02,4.191595688462257385e-02,4.170375689864158630e-02,4.272799193859100342e-02,4.124908521771430969e-02,4.270928353071212769e-02,4.100588336586952209e-02,4.207067564129829407e-02,4.205313697457313538e-02,4.266966506838798523e-02,4.163249209523200989e-02,4.097624123096466064e-02,4.298607632517814636e-02,4.043753817677497864e-02
5.251007843965316280e-02,1.743155280564678833e-06,4.209291562438011169e-02,4.255183413624763489e-02,4.124572128057479858e-02,4.212216287851333618e-02,4.221447184681892395e-02,4.065062478184700012e-02,4.042521864175796509e-02,4.135496914386749268e-02,4.171096161007881165e-02,4.276297613978385925e-02,4.048648104071617126e-02,4.266697540879249573e-02,4.229651391506195068e-02,4.186088964343070984e-02,4.149648174643516541e-02
5.267425458552307815e-02,1.747161491039150860e-06,4.150708019733428955e-02,4.025052115321159363e-02,4.199723899364471436e-02,4.148520901799201965e-02,4.234838858246803284e-02,4.247907549142837524e-02,4.225091636180877686e-02,3.928754106163978577e-02,4.070387780666351318e-02,4.188492149114608765e-02,4.314117506146430969e-02,4.363651946187019348e-02,4.270181432366371155e-02,3.980452567338943481e-02,4.181472584605216980e-02
5.283843073139299351e-02,1.739803678901807871e-06,3.892061486840248108e-02,4.184103384613990784e-02,4.079907387495040894e-02,4.089973121881484985e-02,4.321574792265892029e-02,4.190571606159210205e-02,3.952115774154663086e-02,4.282730445265769958e-02,4.060895740985870361e-02,4.320883005857467651e-02,4.387052357196807861e-02,4.094462469220161438e-02,4.107542335987091064e-02,4.107419401407241821e-02,4.157876595854759216e-02
5.300260687726292275e-02,1.761566068125830498e-06,4.189305379986763000e-02,4.044426232576370239e-02,4.034192860126495361e-02,4.103576764464378357e-02,4.012761637568473816e-02,4.262876510620117188e-02,4.436080157756805420e-02,4.212033748626708984e-02,4.384645819664001465e-02,4.200818762183189392e-02,4.287118837237358093e-02,4.392923042178153992e-02,4.362493380904197693e-02,4.290053620934486389e-02,4.253011569380760193e-02
5.316678302313283810e-02,1.738875425871810876e-06,4.437216743826866150e-02,4.021986946463584900e-02,4.120181128382682800e-02,4.162039607763290405e-02,4.229166358709335327e-02,4.246171563863754272e-02,4.313559830188751221e-02,4.021029174327850342e-02,4.533762857317924500e-02,4.150388389825820923e-02,4.135867580771446228e-02,4.247042909264564514e-02,4.078658297657966614e-02,3.995158895850181580e-02,3.965200856328010559e-02
5.333095916900275346e-02,1.753490323608275503e-06,4.017186909914016724e-02,4.250175133347511292e-02,4.046185314655303955e-02,4.087962210178375244e-02,4.357144236564636230e-02,4.324262961745262146e-02,4.221433401107788086e-02,4.356019943952560425e-02,4.084839299321174622e-02,4.177330061793327332e-02,4.230982065200805664e-02,4.176066815853118896e-02,4.053098335862159729e-02,4.414298012852668762e-02,4.382095858454704285e-02
5.349513531487267576e-02,1.730658595988643356e-06,4.067302495241165161e-02,4.131776094436645508e-02,4.071827605366706848e-02,4.082222655415534973e-02,3.911840915679931641e-02,3.968741372227668762e-02,4.130047187209129333e-02,3.892806917428970337e-02,4.190219566226005554e-02,4.129222407937049866e-02,4.104119539260864258e-02,4.227015748620033264e-02,4.193888977169990540e-02,4.420664161443710327e-02,4.335590824484825134e-02
5.365931146074259805e-02,1.751416903061908670e-06,4.351169615983963013e-02,4.348738864064216614e-02,4.191732406616210938e-02,4.322176426649093628e-02,4.135672748088836670e-02,4.183511063456535339e-02,4.075552895665168762e-02,3.908259049057960510e-02,4.065328091382980347e-02,4.366483911871910095e-02,4.270756617188453674e-02,4.027998819947242737e-02,4.042223468422889709e-02,4.280983284115791321e-02,4.154291376471519470e-02
5.382348760661251341e-02,1.733669023451511748e-06,4.109941795468330383e-02,4.121645167469978333e-02,4.059937223792076111e-02,4.087327420711517334e-02,4.220768809318542480e-02,3.935003653168678284e-02,4.082262888550758362e-02,4.210691899061203003e-02,4.296022653579711914e-02,4.345266148447990417e-02,4.361097142100334167e-02,4.400489479303359985e-02,4.045320674777030945e-02,3.975985571742057800e-02,4.033164680004119873e-02
5.398766375248243571e-02,1.735737328090181109e-06,4.085464403033256531e-02,4.277787357568740845e-02,4.174024984240531921e-02,4.318341985344886780e-02,4.023678973317146301e-02,4.286981001496315002e-02,4.059039801359176636e-02,4.041197150945663452e-02,4.185815900564193726e-02,4.043209180235862732e-02,3.872111812233924866e-02,4.215826839208602905e-02,4.187258332967758179e-02,4.498462751507759094e-02,4.051376879215240479e-02
5.415183989835235800e-02,1.750345518303220160e-06,4.083277285099029541e-02,4.288917407393455505e-02,4.058453440666198730e-02,4.155115783214569092e-02,4.228166490793228149e-02,4.024652391672134399e-02,4.316355288028717041e-02,4.344283789396286011e-02,4.226716607809066772e-02,4.484299570322036743e-02,4.055636376142501831e-02,4.036920890212059021e-02,3.976885229349136353e-02,4.157356917858123779e-02,4.228835552930831909e-02
5.431601604422227336e-02,1.734114789542218205e-06,4.070846736431121826e-02,4.205676168203353882e-02,4.110293462872505188e-02,4.290593042969703674e-02,4.358148947358131409e-02,4.150884225964546204e-02,4.258885979652404785e-02,4.091949388384819031e-02,4.203634336590766907e-02,4.105290770530700684e-02,3.861328959465026855e-02,4.097003489732742310e-02,4.187019169330596924e-02,3.896206244826316833e-02,4.128153249621391296e-02
5.448019219009218872e-02,1.751539343786134850e-06,4.423449560999870300e-02,4.306840524077415466e-02,4.118775203824043274e-02,4.241499304771423340e-02,4.022577777504920959e-02,4.177363589406013489e-02,4.264763370156288147e-02,4.119855538010597229e-02,3.949500247836112976e-02,4.240212589502334595e-02,4.106715321540832520e-02,3.985520079731941223e-02,4.250574111938476562e-02,4.300596937537193298e-02,4.158224910497665405e-02
5.464436833596211796e-02,1.734189936541952193e-06,4.208393767476081848e-02,3.982963785529136658e-02,4.101709276437759399e-02,4.348113760352134705e-02,4.142659157514572144e-02,3.961002826690673828e-02,4.232285544276237488e-02,4.097157716751098633e-02,4.071887582540512085e-02,4.090440645813941956e-02,4.403137788176536560e-02,4.223885014653205872e-02,4.173704609274864197e-02,4.395869001746177673e-02,4.313271492719650269e-02
5.480854448183203331e-02,1.723674245113215875e-06,3.964243456721305847e-02,4.039619117975234985e-02,4.272440448403358459e-02,3.929420933127403259e-02,4.178875312209129333e-02,4.064450412988662720e-02,4.185482114553451538e-02,4.069232940673828125e-02,4.464548453688621521e-02,4.064179584383964539e-02,4.169806465506553650e-02,3.781648725271224976e-02,4.082537069916725159e-02,4.090418666601181030e-02,4.146039113402366638e-02
5.497272062770194867e-02,1.734492570903967135e-06,4.333179444074630737e-02,4.055138304829597473e-02,4.115612804889678955e-02,4.135191068053245544e-02,3.988855332136154175e-02,4.172416776418685913e-02,4.097823426127433777e-02,4.149200394749641418e-02,4.301638901233673096e-02,4.165747761726379395e-02,4.150127992033958435e-02,4.000483453273773193e-02,4.158437997102737427e-02,4.324125126004219055e-02,3.972373530268669128e-02
5.513689677357187097e-02,1.725411721054115333e-06,4.030226543545722961e-02,4.142669215798377991e-02,4.025390371680259705e-02,4.036148265004158020e-02,4.196973890066146851e-02,4.396545514464378357e-02,4.132044315338134766e-02,4.107544198632240295e-02,4.086067900061607361e-02,4.186556488275527954e-02,4.154396057128906250e-02,4.120967164635658264e-02,4.184668511152267456e-02,4.016084596514701843e-02,4.053471609950065613e-02
5.530107291944179326e-02,1.722187221275817137e-06,4.164674133062362671e-02,4.231532290577888489e-02,3.981505706906318665e-02,4.125358909368515015e-02,4.201532527804374695e-02,4.099111631512641907e-02,4.093770310282707214e-02,4.074912890791893005e-02,3.916271403431892395e-02,3.848858922719955444e-02,4.060489311814308167e-02,4.094952344894409180e-02,4.192410036921501160e-02,4.302791133522987366e-02,4.283220693469047546e-02
5.546524906531170862e-02,1.726476853036729153e-06,3.952004015445709229e-02,4.218288883566856384e-02,4.199097678065299988e-02,4.083671793341636658e-02,4.141283780336380005e-02,4.058209806680679321e-02,4.236044734716415405e-02,3.921618685126304626e-02,4.202976822853088379e-02,4.113975912332534790e-02,4.327743873000144958e-02,4.154529049992561340e-02,3.958570957183837891e-02,4.223858937621116638e-02,4.005681350827217102e-02
5.562942521118163092e-02,1.738908508741587866e-06,4.120743647217750549e-02,4.389749094843864441e-02,4.357070848345756531e-02,4.202385619282722473e-02,4.039030522108078003e-02,4.237934201955795288e-02,4.138477146625518799e-02,4.023693874478340149e-02,4.021256417036056519e-02,4.374239593744277954e-02,4.124192148447036743e-02,4.067239537835121155e-02,4.292103275656700134e-02,3.973584622144699097e-02,4.229485616087913513e-02
5.579360135705155321e-02,1.718347675705444999e-06,4.022900015115737915e-02,3.891081362962722778e-02,4.059208184480667114e-02,4.088886082172393799e-02,4.285123199224472046e-02,4.178597033023834229e-02,4.222362488508224487e-02,3.951656818389892578e-02,3.952341526746749878e-02,4.065507650375366211e-02,4.215197637677192688e-02,4.143244773149490356e-02,4.199689254164695740e-02,4.093316569924354553e-02,4.150959104299545288e-02
5.595777750292146857e-02,1.712923562990908977e-06,4.000705108046531677e-02,4.319210350513458252e-02,4.211894050240516663e-02,4.199568927288055420e-02,4.077513888478279114e-02,4.096516221761703491e-02,4.005986824631690979e-02,3.939880430698394775e-02,4.122005403041839600e-02,4.193784669041633606e-02,4.221919551491737366e-02,3.853984177112579346e-02,4.103410616517066956e-02,3.948660939931869507e-02,4.050387442111968994e-02
5.612195364879138393e-02,1.725185484247049317e-06,4.323966801166534424e-02,4.431244358420372009e-02,4.102607071399688721e-02,3.950169309973716736e-02,4.058938473463058472e-02,4.450652748346328735e-02,4.169776290655136108e-02,4.074498265981674194e-02,4.020385816693305969e-02,3.973403200507164001e-02,4.011573269963264465e-02,3.742641583085060120e-02,3.975775092840194702e-02,4.169776663184165955e-02,4.543539509177207947e-02
5.628612979466131316e-02,1.737479237817751709e-06,3.935695812106132507e-02,4.293779283761978149e-02,4.148631915450096130e-02,4.165667295455932617e-02,3.982026129961013794e-02,4.169993475079536438e-02,4.000473022460937500e-02,3.979057446122169495e-02,4.114557057619094849e-02,4.312014207243919373e-02,4.041907936334609985e-02,4.325666651129722595e-02,4.187233746051788330e-02,4.218774288892745972e-02,4.184853658080101013e-02
5.645030594053122852e-02,1.714505970085156150e-06,4.192801192402839661e-02,3.944656625390052795e-02,3.919741511344909668e-02,4.066794365644454956e-02,4.135665670037269592e-02,4.101089015603065491e-02,3.847574070096015930e-02,4.206648096442222595e-02,4.089142382144927979e-02,3.985040634870529175e-02,4.382947087287902832e-02,4.206205904483795166e-02,3.845448419451713562e-02,4.164309054613113403e-02,4.040618240833282471e-02
5.661448208640114388e-02,1.707390083538484760e-06,4.110880941152572632e-02,4.096636548638343811e-02,4.184750095009803772e-02,4.062682390213012695e-02,3.933878615498542786e-02,4.006029665470123291e-02,4.128323122859001160e-02,3.975874558091163635e-02,3.898837417364120483e-02,4.225482046604156494e-02,4.172883182764053345e-02,4.300155118107795715e-02,4.128167033195495605e-02,3.933642059564590454e-02,3.999643772840499878e-02
5.677865823227106618e-02,1.701396286080125719e-06,3.913119807839393616e-02,4.073773697018623352e-02,4.044089093804359436e-02,4.055434465408325195e-02,4.362192377448081970e-02,4.163680970668792725e-02,4.069621860980987549e-02,4.181741550564765930e-02,4.340184107422828674e-02,4.027532041072845459e-02,3.962298482656478882e-02,4.087563976645469666e-02,4.058291018009185791e-02,3.741999715566635132e-02,3.971114382147789001e-02
5.694283437814098847e-02,1.696512867965793703e-06,4.176216199994087219e-02,3.775545954704284668e-02,3.865282982587814331e-02,4.248828813433647156e-02,4.095400124788284302e-02,3.764453157782554626e-02,4.202007502317428589e-02,4.191971570253372192e-02,3.896268457174301147e-02,4.146811738610267639e-02,4.147475957870483398e-02,3.931724280118942261e-02,3.859071806073188782e-02,4.201912134885787964e-02,4.041794314980506897e-02
5.710701052401090383e-02,1.726517439237795770e-06,4.190549254417419434e-02,4.062006622552871704e-02,4.214466735720634460e-02,4.024348407983779907e-02,4.266219958662986755e-02,4.113337770104408264e-02,4.075655713677406311e-02,4.225261881947517395e-02,4.016021266579627991e-02,4.097857326269149780e-02,4.240712523460388184e-02,4.127142578363418579e-02,4.316890612244606018e-02,4.373294487595558167e-02,4.038916155695915222e-02
5.727118666988082613e-02,1.717951363389147446e-06,4.280954226851463318e-02,4.039336368441581726e-02,4.233550280332565308e-02,3.944312781095504761e-02,4.065249487757682800e-02,3.993853554129600525e-02,3.952938690781593323e-02,4.116637259721755981e-02,3.946010768413543701e-02,4.157431796193122864e-02,4.133020713925361633e-02,4.257462173700332642e-02,3.984249010682106018e-02,4.263342171907424927e-02,4.159828275442123413e-02
5.743536281575074842e-02,1.722200977383181453e-06,4.203595221042633057e-02,3.942697867751121521e-02,4.094906151294708252e-02,4.051390662789344788e-02,4.189803078770637512e-02,4.092089459300041199e-02,4.144470393657684326e-02,4.037809371948242188e-02,4.095892608165740967e-02,3.905306383967399597e-02,4.091946408152580261e-02,4.238611832261085510e-02,3.986316174268722534e-02,4.212990403175354004e-02,4.246111214160919189e-02
5.759953896162066378e-02,1.734206534820259549e-06,4.114453494548797607e-02,4.183458536863327026e-02,3.854351118206977844e-02,4.206440597772598267e-02,4.321546852588653564e-02,4.129330441355705261e-02,3.905597329139709473e-02,4.108767956495285034e-02,4.357853159308433533e-02,3.898657485842704773e-02,4.217084124684333801e-02,4.235124960541725159e-02,4.137537628412246704e-02,4.449327290058135986e-02,4.013942927122116089e-02
5.776371510749057914e-02,1.672359871918160934e-06,4.140562564134597778e-02,4.106421396136283875e-02,4.120372608304023743e-02,3.932439163327217102e-02,4.079493135213851929e-02,4.020335152745246887e-02,3.973178938031196594e-02,3.819461911916732788e-02,4.003398492932319641e-02,3.921400010585784912e-02,3.804726153612136841e-02,3.811120241880416870e-02,3.880031406879425049e-02,4.059193283319473267e-02,4.085287824273109436e-02
5.792789125336050837e-02,1.688216684669896495e-06,4.144144430756568909e-02,4.018605872988700867e-02,3.888248652219772339e-02,3.851576149463653564e-02,4.197442159056663513e-02,4.192909970879554749e-02,4.147977381944656372e-02,4.056731984019279480e-02,4.261519759893417358e-02,3.936837241053581238e-02,3.906525671482086182e-02,4.148643836379051208e-02,3.801548108458518982e-02,4.085864126682281494e-02,3.925001248717308044e-02
5.809206739923042373e-02,1.702926851976371836e-06,4.016747325658798218e-02,3.920303657650947571e-02,4.203213751316070557e-02,4.126485064625740051e-02,3.963508829474449158e-02,3.785017505288124084e-02,4.193931072950363159e-02,4.110788181424140930e-02,4.176852107048034668e-02,4.075416177511215210e-02,3.924852237105369568e-02,4.038750752806663513e-02,4.197215288877487183e-02,4.125703498721122742e-02,3.949386253952980042e-02
5.825624354510033909e-02,1.693020408310985658e-06,3.938133642077445984e-02,3.891742974519729614e-02,4.339000955224037170e-02,3.902473673224449158e-02,4.104342311620712280e-02,4.055893048644065857e-02,4.069720581173896790e-02,4.218103364109992981e-02,3.771799057722091675e-02,3.988038748502731323e-02,3.805245831608772278e-02,4.031228646636009216e-02,4.043341800570487976e-02,4.247019067406654358e-02,4.139372333884239197e-02
5.842041969097026138e-02,1.710165065560431685e-06,4.142283648252487183e-02,4.376927018165588379e-02,4.047248139977455139e-02,4.029662162065505981e-02,4.048487544059753418e-02,4.064920172095298767e-02,4.214530438184738159e-02,4.004764184355735779e-02,4.286315664649009705e-02,4.061692953109741211e-02,3.851847350597381592e-02,3.882979974150657654e-02,4.210938885807991028e-02,3.958709910511970520e-02,3.918687254190444946e-02
5.858459583684018368e-02,1.680582386143214535e-06,3.953530639410018921e-02,4.137064144015312195e-02,4.119713976979255676e-02,3.987959772348403931e-02,3.971904516220092773e-02,4.050649330019950867e-02,4.058004543185234070e-02,4.107479006052017212e-02,3.820084780454635620e-02,4.060598835349082947e-02,3.944170847535133362e-02,3.929799795150756836e-02,4.157077148556709290e-02,4.094702750444412231e-02,3.966542705893516541e-02
5.874877198271009904e-02,1.695677383395377547e-06,3.888698667287826538e-02,3.946337103843688965e-02,3.935863450169563293e-02,3.956769779324531555e-02,4.168369621038436890e-02,4.209232330322265625e-02,4.018449038267135620e-02,4.199359938502311707e-02,4.033368825912475586e-02,4.036314040422439575e-02,3.977664560079574585e-02,4.061413556337356567e-02,3.956750035285949707e-02,4.003052413463592529e-02,4.146511852741241455e-02
5.891294812858002133e-02,1.665382569626672193e-06,3.993296250700950623e-02,4.172303900122642517e-02,3.985178470611572266e-02,3.970794007182121277e-02,3.967551514506340027e-02,3.980327770113945007e-02,4.009906575083732605e-02,3.975264728069305420e-02,3.983964025974273682e-02,3.843180835247039795e-02,3.954508900642395020e-02,4.049893096089363098e-02,3.971025720238685608e-02,4.097759723663330078e-02,4.052504152059555054e-02
5.907712427444994363e-02,1.694145908004429657e-06,4.045351594686508179e-02,4.234330728650093079e-02,3.954399377107620239e-02,4.081081971526145935e-02,4.003429412841796875e-02,3.744716942310333252e-02,4.386713355779647827e-02,4.090426489710807800e-02,4.000857099890708923e-02,3.884861618280410767e-02,4.210640490055084229e-02,3.923254460096359253e-02,3.977703303098678589e-02,3.940661251544952393e-02,4.200818389654159546e-02
5.924130042031985899e-02,1.692371597528108396e-06,4.059571772813796997e-02,3.962546959519386292e-02,4.036934673786163330e-02,4.128675535321235657e-02,4.016304016113281250e-02,4.304468259215354919e-02,4.108216986060142517e-02,4.035019129514694214e-02,4.005841910839080811e-02,4.020910337567329407e-02,4.234321787953376770e-02,3.842510655522346497e-02,4.169553518295288086e-02,4.025843739509582520e-02,3.850273787975311279e-02
5.940547656618977435e-02,1.656767494750965852e-06,4.031823948025703430e-02,3.630311787128448486e-02,4.000321030616760254e-02,4.065477102994918823e-02,4.039253666996955872e-02,3.878795355558395386e-02,3.914890065789222717e-02,3.946532309055328369e-02,3.985988721251487732e-02,3.895853087306022644e-02,4.194769263267517090e-02,3.954426944255828857e-02,4.016467183828353882e-02,3.988231346011161804e-02,3.926663473248481750e-02
5.956965271205970358e-02,1.684201606622082181e-06,3.996448963880538940e-02,3.896198049187660217e-02,3.994023427367210388e-02,4.124280437827110291e-02,4.170826449990272522e-02,4.190570488572120667e-02,4.097985848784446716e-02,4.065926000475883484e-02,3.993333503603935242e-02,4.071401059627532959e-02,3.901069983839988708e-02,4.030193388462066650e-02,4.054567962884902954e-02,3.993433341383934021e-02,3.879345953464508057e-02
5.973382885792961894e-02,1.700689495010010432e-06,4.108134657144546509e-02,3.941995278000831604e-02,4.160488024353981018e-02,4.105225577950477600e-02,4.276020079851150513e-02,4.247352853417396545e-02,4.082471504807472229e-02,4.011078923940658569e-02,4.306749254465103149e-02,4.078854992985725403e-02,3.858705982565879822e-02,3.957298025488853455e-02,3.926984965801239014e-02,4.079620540142059326e-02,4.131536930799484253e-02
5.989800500379953430e-02,1.658212454458407592e-06,4.046612232923507690e-02,3.948062285780906677e-02,4.014101251959800720e-02,4.237141832709312439e-02,3.910877928137779236e-02,3.969243913888931274e-02,3.955245763063430786e-02,4.300478845834732056e-02,3.895117715001106262e-02,3.919499367475509644e-02,3.878415003418922424e-02,4.060835391283035278e-02,3.816517069935798645e-02,3.810283914208412170e-02,3.926033899188041687e-02
6.006218114966945659e-02,1.675797193456673995e-06,4.080239683389663696e-02,3.917617723345756531e-02,4.049397259950637817e-02,3.906998410820960999e-02,4.003608599305152893e-02,4.268589988350868225e-02,4.084544256329536438e-02,4.041384905576705933e-02,4.026466608047485352e-02,4.276626929640769958e-02,3.912947326898574829e-02,4.006902500987052917e-02,4.024500027298927307e-02,3.849062323570251465e-02,3.902914002537727356e-02
6.022635729553937889e-02,1.696257982075621840e-06,4.075982794165611267e-02,3.843987360596656799e-02,3.973683342337608337e-02,4.067721590399742126e-02,3.999244794249534607e-02,4.097646102309226990e-02,3.947867080569267273e-02,4.161535203456878662e-02,4.127404093742370605e-02,4.210657998919487000e-02,3.751221299171447754e-02,4.174125194549560547e-02,3.955311328172683716e-02,4.036359116435050964e-02,4.209058359265327454e-02
6.039053344140929425e-02,1.666897105678799562e-06,4.177570715546607971e-02,3.816504031419754028e-02,4.088648781180381775e-02,3.932362049818038940e-02,3.945185616612434387e-02,4.007888212800025940e-02,4.047008976340293884e-02,4.203997924923896790e-02,4.062856361269950867e-02,4.079169034957885742e-02,3.805192559957504272e-02,3.897361457347869873e-02,3.864265605807304382e-02,4.219889268279075623e-02,3.810974583029747009e-02
6.055470958727921654e-02,1.674992972766631283e-06,4.001851379871368408e-02,4.126400873064994812e-02,3.996358811855316162e-02,4.164336621761322021e-02,3.857912495732307434e-02,4.106045141816139221e-02,3.786005824804306030e-02,4.115542396903038025e-02,4.318500310182571411e-02,3.948754817247390747e-02,4.242291301488876343e-02,3.926745057106018066e-02,3.960866853594779968e-02,4.018905013799667358e-02,3.833024948835372925e-02
6.071888573314913884e-02,1.646951773182081524e-06,4.036645963788032532e-02,4.021213203668594360e-02,3.954489156603813171e-02,3.952651098370552063e-02,4.050402715802192688e-02,3.913580253720283508e-02,3.684052824974060059e-02,3.809595480561256409e-02,3.967260941863059998e-02,3.986419737339019775e-02,4.011604934930801392e-02,3.959801793098449707e-02,4.008537903428077698e-02,3.951557725667953491e-02,3.838849440217018127e-02
6.088306187901905420e-02,1.670164351708081085e-06,3.864172846078872681e-02,4.150788858532905579e-02,4.069716110825538635e-02,4.054412245750427246e-02,3.860078379511833191e-02,4.024716094136238098e-02,4.087878391146659851e-02,3.856560215353965759e-02,3.878720477223396301e-02,3.824571520090103149e-02,3.984392806887626648e-02,3.976760059595108032e-02,4.158305749297142029e-02,4.121877998113632202e-02,3.832344710826873779e-02
6.104723802488896955e-02,1.668696427259419579e-06,3.896365687251091003e-02,3.949719667434692383e-02,3.927608579397201538e-02,4.274186119437217712e-02,3.928532078862190247e-02,3.914308547973632812e-02,3.992756828665733337e-02,4.073577374219894409e-02,3.860779851675033569e-02,3.978305682539939880e-02,4.245711490511894226e-02,3.983191773295402527e-02,3.973914310336112976e-02,3.868600353598594666e-02,4.045163094997406006e-02
6.121141417075889879e-02,1.646108330533024855e-06,4.097814857959747314e-02,3.900072351098060608e-02,3.994420170783996582e-02,3.869228437542915344e-02,3.763069584965705872e-02,3.767601773142814636e-02,4.105169326066970825e-02,3.925765678286552429e-02,4.060639441013336182e-02,3.971285745501518250e-02,3.760972619056701660e-02,4.044574126601219177e-02,3.985570743680000305e-02,4.002755135297775269e-02,3.838592767715454102e-02
6.137559031662881415e-02,1.662104182287293952e-06,3.837938234210014343e-02,4.184111952781677246e-02,4.031487554311752319e-02,4.113892838358879089e-02,4.026311263442039490e-02,3.976561129093170166e-02,4.127552732825279236e-02,4.029626399278640747e-02,3.741089254617691040e-02,3.807687386870384216e-02,3.902761265635490417e-02,3.974970802664756775e-02,4.110965505242347717e-02,4.113955795764923096e-02,3.862478956580162048e-02
