2.436353949327713705e-03,1.093867467716336250e-03,5.028314113616943359e+00,5.009157657623291016e+00,4.997983455657958984e+00,4.972995758056640625e+00,4.966192245483398438e+00,4.952019214630126953e+00,4.935503959655761719e+00,4.920895099639892578e+00,4.923605442047119141e+00,4.894343852996826172e+00,4.882144451141357422e+00,4.879529953002929688e+00,4.859062671661376953e+00,4.843255996704101562e+00,4.823428630828857422e+00
2.600530095197632965e-03,9.066637139767408371e-04,4.161480903625488281e+00,4.136413097381591797e+00,4.135472297668457031e+00,4.138655662536621094e+00,4.120304584503173828e+00,4.098902702331542969e+00,4.094427585601806641e+00,4.071015357971191406e+00,4.077210426330566406e+00,4.052857398986816406e+00,4.048064708709716797e+00,4.028962135314941406e+00,4.027975082397460938e+00,4.015786170959472656e+00,4.013550758361816406e+00
2.764706241067552660e-03,7.524717948399484158e-04,3.454427003860473633e+00,3.442056179046630859e+00,3.436968803405761719e+00,3.437966346740722656e+00,3.425606012344360352e+00,3.420488834381103516e+00,3.393505096435546875e+00,3.390229940414428711e+00,3.379831790924072266e+00,3.365560054779052734e+00,3.355133771896362305e+00,3.342633008956909180e+00,3.331613540649414062e+00,3.332768440246582031e+00,3.320614814758300781e+00
2.928882386937472354e-03,6.376936216838657856e-04,2.925144910812377930e+00,2.921164989471435547e+00,2.913588762283325195e+00,2.909789085388183594e+00,2.898874282836914062e+00,2.886141300201416016e+00,2.879921674728393555e+00,2.873501300811767578e+00,2.860424995422363281e+00,2.853939056396484375e+00,2.851613044738769531e+00,2.841659069061279297e+00,2.825783252716064453e+00,2.828112363815307617e+00,2.806595087051391602e+00
3.093058532807391615e-03,5.398712819442152977e-04,2.471790552139282227e+00,2.477809190750122070e+00,2.473665475845336914e+00,2.460591793060302734e+00,2.450628042221069336e+00,2.442272663116455078e+00,2.443977117538452148e+00,2.435675859451293945e+00,2.427932262420654297e+00,2.418114900588989258e+00,2.413959741592407227e+00,2.399482727050781250e+00,2.400970935821533203e+00,2.388376474380493164e+00,2.379965543746948242e+00
3.257234678677311309e-03,4.653858195524662733e-04,2.135119438171386719e+00,2.128001689910888672e+00,2.131023645401000977e+00,2.124118089675903320e+00,2.110463619232177734e+00,2.104843378067016602e+00,2.104393243789672852e+00,2.097318172454833984e+00,2.084979772567749023e+00,2.082163810729980469e+00,2.079751014709472656e+00,2.078968048095703125e+00,2.068619251251220703e+00,2.061710119247436523e+00,2.056557178497314453e+00
3.421410824547230570e-03,4.013134457636624575e-04,1.852147817611694336e+00,1.844238758087158203e+00,1.832093358039855957e+00,1.833567142486572266e+00,1.824576854705810547e+00,1.814442992210388184e+00,1.814285039901733398e+00,1.810932397842407227e+00,1.799114823341369629e+00,1.796083927154541016e+00,1.796784520149230957e+00,1.784621357917785645e+00,1.777547359466552734e+00,1.775203585624694824e+00,1.776392936706542969e+00
3.585586970417150264e-03,3.502813342493027449e-04,1.611996769905090332e+00,1.605338454246520996e+00,1.595393061637878418e+00,1.594939589500427246e+00,1.599243521690368652e+00,1.591394782066345215e+00,1.584576964378356934e+00,1.581746459007263184e+00,1.570410013198852539e+00,1.564421653747558594e+00,1.563654661178588867e+00,1.562378048896789551e+00,1.557319641113281250e+00,1.553149580955505371e+00,1.542863726615905762e+00
3.749763116287069525e-03,3.055147244594991207e-04,1.404984235763549805e+00,1.399594902992248535e+00,1.404843688011169434e+00,1.388256907463073730e+00,1.390228152275085449e+00,1.384307980537414551e+00,1.380307197570800781e+00,1.377491950988769531e+00,1.373034238815307617e+00,1.370499253273010254e+00,1.365551590919494629e+00,1.358655333518981934e+00,1.358312129974365234e+00,1.352619886398315430e+00,1.353371739387512207e+00
3.913939262156988785e-03,2.704540966078639030e-04,1.253197193145751953e+00,1.237671494483947754e+00,1.238547563552856445e+00,1.234842896461486816e+00,1.227391958236694336e+00,1.226555347442626953e+00,1.220519900321960449e+00,1.224424719810485840e+00,1.211012959480285645e+00,1.214265823364257812e+00,1.210067152976989746e+00,1.202144742012023926e+00,1.202609777450561523e+00,1.195518970489501953e+00,1.196542978286743164e+00
4.078115408026909347e-03,2.368342247791588306e-04,1.089018225669860840e+00,1.090260505676269531e+00,1.086695909500122070e+00,1.080821990966796875e+00,1.076747059822082520e+00,1.073997259140014648e+00,1.070924639701843262e+00,1.065613627433776855e+00,1.065863728523254395e+00,1.057945728302001953e+00,1.060757040977478027e+00,1.057522296905517578e+00,1.053369283676147461e+00,1.051516294479370117e+00,1.042098164558410645e+00
4.242291553896828174e-03,2.111175272148102522e-04,9.737333059310913086e-01,9.720169901847839355e-01,9.683314561843872070e-01,9.628877043724060059e-01,9.648914337158203125e-01,9.559667706489562988e-01,9.562245011329650879e-01,9.500322937965393066e-01,9.436008334159851074e-01,9.453920125961303711e-01,9.420683979988098145e-01,9.404596686363220215e-01,9.350832700729370117e-01,9.419595003128051758e-01,9.337100982666015625e-01
4.406467699766747001e-03,1.885803940240293741e-04,8.681384325027465820e-01,8.661223053932189941e-01,8.656069040298461914e-01,8.590635061264038086e-01,8.569917082786560059e-01,8.529400825500488281e-01,8.555943965911865234e-01,8.507096767425537109e-01,8.467845916748046875e-01,8.453725576400756836e-01,8.424908518791198730e-01,8.405829071998596191e-01,8.397144079208374023e-01,8.391175866127014160e-01,8.330698609352111816e-01
4.570643845636667563e-03,1.681646972429007292e-04,7.744519114494323730e-01,7.742270231246948242e-01,7.668384313583374023e-01,7.658932805061340332e-01,7.679920196533203125e-01,7.667720913887023926e-01,7.610654830932617188e-01,7.587611675262451172e-01,7.582936882972717285e-01,7.553592324256896973e-01,7.513025403022766113e-01,7.496421933174133301e-01,7.431851625442504883e-01,7.449228763580322266e-01,7.448095679283142090e-01
4.734819991506586390e-03,1.520519435871392488e-04,6.983509659767150879e-01,6.966962814331054688e-01,6.986806392669677734e-01,6.934094429016113281e-01,6.922265887260437012e-01,6.879780888557434082e-01,6.881728768348693848e-01,6.824432015419006348e-01,6.833050847053527832e-01,6.804273724555969238e-01,6.827779412269592285e-01,6.772496700286865234e-01,6.783048510551452637e-01,6.782010793685913086e-01,6.761963963508605957e-01
4.898996137376506084e-03,1.372272818116471171e-04,6.301934719085693359e-01,6.304559111595153809e-01,6.285771727561950684e-01,6.274656057357788086e-01,6.217347383499145508e-01,6.206476092338562012e-01,6.199015974998474121e-01,6.165737509727478027e-01,6.159328818321228027e-01,6.135994195938110352e-01,6.179989576339721680e-01,6.139246225357055664e-01,6.140800118446350098e-01,6.097725033760070801e-01,6.099539399147033691e-01
5.063172283246425778e-03,1.249198685400187969e-04,5.799363851547241211e-01,5.722874999046325684e-01,5.722671151161193848e-01,5.710067152976989746e-01,5.678482651710510254e-01,5.664906501770019531e-01,5.670791864395141602e-01,5.640592575073242188e-01,5.615542531013488770e-01,5.623636245727539062e-01,5.607029199600219727e-01,5.540409684181213379e-01,5.548717379570007324e-01,5.508636236190795898e-01,5.509421229362487793e-01
5.227348429116344605e-03,1.135685160988941789e-04,5.223783254623413086e-01,5.204779505729675293e-01,5.195565819740295410e-01,5.190454721450805664e-01,5.183904767036437988e-01,5.155804157257080078e-01,5.149738788604736328e-01,5.127999782562255859e-01,5.120117664337158203e-01,5.097329616546630859e-01,5.070632696151733398e-01,5.068758130073547363e-01,5.092343091964721680e-01,5.007838010787963867e-01,5.028357505798339844e-01
5.391524574986265167e-03,1.033422086038626730e-04,4.749242663383483887e-01,4.750846028327941895e-01,4.743007719516754150e-01,4.739878475666046143e-01,4.690379798412322998e-01,4.693259894847869873e-01,4.661558568477630615e-01,4.656564891338348389e-01,4.632486999034881592e-01,4.661694467067718506e-01,4.605087041854858398e-01,4.619483053684234619e-01,4.623292386531829834e-01,4.562003612518310547e-01,4.606630802154541016e-01
5.555700720856183994e-03,9.527486690785735846e-05,4.374042153358459473e-01,4.392850100994110107e-01,4.357227087020874023e-01,4.353025257587432861e-01,4.341048896312713623e-01,4.327557682991027832e-01,4.312624037265777588e-01,4.320160150527954102e-01,4.291059672832489014e-01,4.282127320766448975e-01,4.274106919765472412e-01,4.229578673839569092e-01,4.235176444053649902e-01,4.228056371212005615e-01,4.214594066143035889e-01
5.719876866726103688e-03,8.689289097674190998e-05,4.006519317626953125e-01,4.007800817489624023e-01,3.973903059959411621e-01,3.933730423450469971e-01,3.966158032417297363e-01,3.932575881481170654e-01,3.939130604267120361e-01,3.902940750122070312e-01,3.916461169719696045e-01,3.874642550945281982e-01,3.892477452754974365e-01,3.883675634860992432e-01,3.884721994400024414e-01,3.875465095043182373e-01,3.860536813735961914e-01
5.884053012596023383e-03,7.991133315954357386e-05,3.695619702339172363e-01,3.655330538749694824e-01,3.654555380344390869e-01,3.640898168087005615e-01,3.638669252395629883e-01,3.613544106483459473e-01,3.616034090518951416e-01,3.618914783000946045e-01,3.568131327629089355e-01,3.557370901107788086e-01,3.573618233203887939e-01,3.569853305816650391e-01,3.555619716644287109e-01,3.552570641040802002e-01,3.567706048488616943e-01
6.048229158465942210e-03,7.419383473461493850e-05,3.432617485523223877e-01,3.407213985919952393e-01,3.400221168994903564e-01,3.397774994373321533e-01,3.359707891941070557e-01,3.370413184165954590e-01,3.345962166786193848e-01,3.332982063293457031e-01,3.369514942169189453e-01,3.313809633255004883e-01,3.317377865314483643e-01,3.314090967178344727e-01,3.313137590885162354e-01,3.290667831897735596e-01,3.289350271224975586e-01
6.212405304335862771e-03,6.857589323772117496e-05,3.153146207332611084e-01,3.161967694759368896e-01,3.128526806831359863e-01,3.123285472393035889e-01,3.117619156837463379e-01,3.119678497314453125e-01,3.110668063163757324e-01,3.059902787208557129e-01,3.105925023555755615e-01,3.075672090053558350e-01,3.071933984756469727e-01,3.069306910037994385e-01,3.038263320922851562e-01,3.047692477703094482e-01,3.048444092273712158e-01
6.376581450205781598e-03,6.346979353111237288e-05,2.913198769092559814e-01,2.941681742668151855e-01,2.909044921398162842e-01,2.889407873153686523e-01,2.881151139736175537e-01,2.885151207447052002e-01,2.879028618335723877e-01,2.854419946670532227e-01,2.853528857231140137e-01,2.857705354690551758e-01,2.844646275043487549e-01,2.838822305202484131e-01,2.826204001903533936e-01,2.800828218460083008e-01,2.824198901653289795e-01
6.540757596075701293e-03,5.960951966699212790e-05,2.737861275672912598e-01,2.731981873512268066e-01,2.723742723464965820e-01,2.731563746929168701e-01,2.716968059539794922e-01,2.688859403133392334e-01,2.707901895046234131e-01,2.673508524894714355e-01,2.672857940196990967e-01,2.681569457054138184e-01,2.650044858455657959e-01,2.668245434761047363e-01,2.659212946891784668e-01,2.673564851284027100e-01,2.649698555469512939e-01
6.704933741945620987e-03,5.485596193466335535e-05,2.527403831481933594e-01,2.511282861232757568e-01,2.495198100805282593e-01,2.508585155010223389e-01,2.482590973377227783e-01,2.491275370121002197e-01,2.469442933797836304e-01,2.486943900585174561e-01,2.463229447603225708e-01,2.455032616853713989e-01,2.454947084188461304e-01,2.470845580101013184e-01,2.439970523118972778e-01,2.452105730772018433e-01,2.443646788597106934e-01
6.869109887815539814e-03,5.133932063472457230e-05,2.356962263584136963e-01,2.347278147935867310e-01,2.352295517921447754e-01,2.328233271837234497e-01,2.325245738029479980e-01,2.323857098817825317e-01,2.309873104095458984e-01,2.314783781766891479e-01,2.307075113058090210e-01,2.324535399675369263e-01,2.300285249948501587e-01,2.292786687612533569e-01,2.306962311267852783e-01,2.282048612833023071e-01,2.282168120145797729e-01
7.033286033685460376e-03,4.755396366817876697e-05,2.172552049160003662e-01,2.177277803421020508e-01,2.185868769884109497e-01,2.158679515123367310e-01,2.176294475793838501e-01,2.164767384529113770e-01,2.139099240303039551e-01,2.144469022750854492e-01,2.143691480159759521e-01,2.144039720296859741e-01,2.123540639877319336e-01,2.118549793958663940e-01,2.130926996469497681e-01,2.108636200428009033e-01,2.106613665819168091e-01
7.197462179555379203e-03,4.419982724357396364e-05,2.015665322542190552e-01,2.013503164052963257e-01,2.023903429508209229e-01,2.001087069511413574e-01,2.012689858675003052e-01,2.006611078977584839e-01,1.994964927434921265e-01,1.995661407709121704e-01,1.987498551607131958e-01,1.985399872064590454e-01,1.978003978729248047e-01,1.983696371316909790e-01,1.969898045063018799e-01,1.981541514396667480e-01,1.967294663190841675e-01
7.361638325425298029e-03,4.143506157561205328e-05,1.906290799379348755e-01,1.896267831325531006e-01,1.896800845861434937e-01,1.882390081882476807e-01,1.874151080846786499e-01,1.876725703477859497e-01,1.862940639257431030e-01,1.862275898456573486e-01,1.854934841394424438e-01,1.870643347501754761e-01,1.864244341850280762e-01,1.859688311815261841e-01,1.846444308757781982e-01,1.842679083347320557e-01,1.850838661193847656e-01
7.525814471295218591e-03,3.900519368471577764e-05,1.778663843870162964e-01,1.779695451259613037e-01,1.777466237545013428e-01,1.765388697385787964e-01,1.769834756851196289e-01,1.745753884315490723e-01,1.774356067180633545e-01,1.761926859617233276e-01,1.770139336585998535e-01,1.767585277557373047e-01,1.756201088428497314e-01,1.740479469299316406e-01,1.739760041236877441e-01,1.750500798225402832e-01,1.740642637014389038e-01
7.689990617165137418e-03,3.659300637082196772e-05,1.669480502605438232e-01,1.672602444887161255e-01,1.673939377069473267e-01,1.660650819540023804e-01,1.671865135431289673e-01,1.656690537929534912e-01,1.647252887487411499e-01,1.649475842714309692e-01,1.647007316350936890e-01,1.634885519742965698e-01,1.673175990581512451e-01,1.628382652997970581e-01,1.638446301221847534e-01,1.637538820505142212e-01,1.626631915569305420e-01
7.854166763035057980e-03,3.479865335975773633e-05,1.595635712146759033e-01,1.598397940397262573e-01,1.589103490114212036e-01,1.586850881576538086e-01,1.563645303249359131e-01,1.581258922815322876e-01,1.562979966402053833e-01,1.571010500192642212e-01,1.581342369318008423e-01,1.563924252986907959e-01,1.564541161060333252e-01,1.561041474342346191e-01,1.560051143169403076e-01,1.546903997659683228e-01,1.545322537422180176e-01
8.018342908904976807e-03,3.274877963121980429e-05,1.479432880878448486e-01,1.481150239706039429e-01,1.497870981693267822e-01,1.487306058406829834e-01,1.490607559680938721e-01,1.490474045276641846e-01,1.487723290920257568e-01,1.486223489046096802e-01,1.458634883165359497e-01,1.476239711046218872e-01,1.465753614902496338e-01,1.460393369197845459e-01,1.473767608404159546e-01,1.475758999586105347e-01,1.462986171245574951e-01
8.182519054774895634e-03,3.098811794188804924e-05,1.414849460124969482e-01,1.408827453851699829e-01,1.396431773900985718e-01,1.406872570514678955e-01,1.405732929706573486e-01,1.412917375564575195e-01,1.401868164539337158e-01,1.374839693307876587e-01,1.397459506988525391e-01,1.395342648029327393e-01,1.392042785882949829e-01,1.395430564880371094e-01,1.397173702716827393e-01,1.388565152883529663e-01,1.385282129049301147e-01
8.346695200644816195e-03,2.925509397755376995e-05,1.343187391757965088e-01,1.332552134990692139e-01,1.335842311382293701e-01,1.326489001512527466e-01,1.331866234540939331e-01,1.329371184110641479e-01,1.329320669174194336e-01,1.309233009815216064e-01,1.320339143276214600e-01,1.315804421901702881e-01,1.300877630710601807e-01,1.312258839607238770e-01,1.309519708156585693e-01,1.305337995290756226e-01,1.304827928543090820e-01
8.510871346514735022e-03,2.774740823952015489e-05,1.258848458528518677e-01,1.271847486495971680e-01,1.264266073703765869e-01,1.263778358697891235e-01,1.259298324584960938e-01,1.257673650979995728e-01,1.258673369884490967e-01,1.259342283010482788e-01,1.240025162696838379e-01,1.252023428678512573e-01,1.246373951435089111e-01,1.235258504748344421e-01,1.249379143118858337e-01,1.245094686746597290e-01,1.230976060032844543e-01
8.675047492384653849e-03,2.668230445124208927e-05,1.216384097933769226e-01,1.210205554962158203e-01,1.199309676885604858e-01,1.203610002994537354e-01,1.215499415993690491e-01,1.212663277983665466e-01,1.205499470233917236e-01,1.219977661967277527e-01,1.197126507759094238e-01,1.201169416308403015e-01,1.207912638783454895e-01,1.194813847541809082e-01,1.201017796993255615e-01,1.194370612502098083e-01,1.195898801088333130e-01
8.839223638254574411e-03,2.544866401876788586e-05,1.154592856764793396e-01,1.160223186016082764e-01,1.157251074910163879e-01,1.163203418254852295e-01,1.154109910130500793e-01,1.141604259610176086e-01,1.148947253823280334e-01,1.141352578997612000e-01,1.146333888173103333e-01,1.141706779599189758e-01,1.143589094281196594e-01,1.142134293913841248e-01,1.153449490666389465e-01,1.145924478769302368e-01,1.138891503214836121e-01
9.003399784124493238e-03,2.428103653073776513e-05,1.109665781259536743e-01,1.105100736021995544e-01,1.094171702861785889e-01,1.091095805168151855e-01,1.093727275729179382e-01,1.097315922379493713e-01,1.112349405884742737e-01,1.102479621767997742e-01,1.094833537936210632e-01,1.088475957512855530e-01,1.086363643407821655e-01,1.087556928396224976e-01,1.089612245559692383e-01,1.097486987709999084e-01,1.091058179736137390e-01
9.167575929994413800e-03,2.322249747521709651e-05,1.058710291981697083e-01,1.051121130585670471e-01,1.054048091173171997e-01,1.047232896089553833e-01,1.051664575934410095e-01,1.055832803249359131e-01,1.038202345371246338e-01,1.044888347387313843e-01,1.048998683691024780e-01,1.047526672482490540e-01,1.035298034548759460e-01,1.042885184288024902e-01,1.047110110521316528e-01,1.040952205657958984e-01,1.050962731242179871e-01
9.331752075864332627e-03,2.244541428808588535e-05,1.025677993893623352e-01,1.025951728224754333e-01,1.014151573181152344e-01,1.010850816965103149e-01,1.014063507318496704e-01,1.015246286988258362e-01,1.011030673980712891e-01,1.006021872162818909e-01,1.007743999361991882e-01,1.009358614683151245e-01,1.012481227517127991e-01,1.014244779944419861e-01,1.011302247643470764e-01,1.001674607396125793e-01,1.018905043601989746e-01
9.495928221734251454e-03,2.163688259315676987e-05,9.866874665021896362e-02,9.794325381517410278e-02,9.949086606502532959e-02,9.733618050813674927e-02,9.777668863534927368e-02,9.748168289661407471e-02,9.724141657352447510e-02,9.820771962404251099e-02,9.733074903488159180e-02,9.769988805055618286e-02,9.771773964166641235e-02,9.659273922443389893e-02,9.831419587135314941e-02,9.767074882984161377e-02,9.758768230676651001e-02
9.660104367604172015e-03,2.090238194796256721e-05,9.412785619497299194e-02,9.565141052007675171e-02,9.503347426652908325e-02,9.622985124588012695e-02,9.324503690004348755e-02,9.417130798101425171e-02,9.450978785753250122e-02,9.406433999538421631e-02,9.395550936460494995e-02,9.459492564201354980e-02,9.402078390121459961e-02,9.381195157766342163e-02,9.378094226121902466e-02,9.392151981592178345e-02,9.444645792245864868e-02
9.824280513474090842e-03,2.027740083576645702e-05,9.117211401462554932e-02,9.197265654802322388e-02,9.206348657608032227e-02,9.177335351705551147e-02,9.210845828056335449e-02,9.149430692195892334e-02,9.151510894298553467e-02,9.088543802499771118e-02,9.248069673776626587e-02,9.155797213315963745e-02,9.132943302392959595e-02,9.115186333656311035e-02,9.132736176252365112e-02,9.133029729127883911e-02,9.089811891317367554e-02
9.988456659344011404e-03,1.967540993064176291e-05,8.915653824806213379e-02,8.993511646986007690e-02,8.949745446443557739e-02,8.899098634719848633e-02,8.911354094743728638e-02,8.885011821985244751e-02,8.893452584743499756e-02,8.911092579364776611e-02,8.899754285812377930e-02,8.861725777387619019e-02,8.836583048105239868e-02,8.866710215806961060e-02,8.764530718326568604e-02,8.864638954401016235e-02,8.815145492553710938e-02
1.015263280521393023e-02,1.913184678414836526e-05,8.648163080215454102e-02,8.663185685873031616e-02,8.673395961523056030e-02,8.626444637775421143e-02,8.613461256027221680e-02,8.594372868537902832e-02,8.637134730815887451e-02,8.656358718872070312e-02,8.676806837320327759e-02,8.660428225994110107e-02,8.579566329717636108e-02,8.607869595289230347e-02,8.640016615390777588e-02,8.677846938371658325e-02,8.593060076236724854e-02
1.031680895108384906e-02,1.856341441452968866e-05,8.512142300605773926e-02,8.366043120622634888e-02,8.366126567125320435e-02,8.342513442039489746e-02,8.384140580892562866e-02,8.373693376779556274e-02,8.370959758758544922e-02,8.471193164587020874e-02,8.327456563711166382e-02,8.343536406755447388e-02,8.357562124729156494e-02,8.354263007640838623e-02,8.381190150976181030e-02,8.298286795616149902e-02,8.376072347164154053e-02
1.048098509695376962e-02,1.802533006411977112e-05,8.156894892454147339e-02,8.112166821956634521e-02,8.138510584831237793e-02,8.184963464736938477e-02,8.109579980373382568e-02,8.145752549171447754e-02,8.140837401151657104e-02,8.139658719301223755e-02,8.173590153455734253e-02,8.079231530427932739e-02,8.161474764347076416e-02,8.154705911874771118e-02,8.168360590934753418e-02,8.099971711635589600e-02,8.091761171817779541e-02
1.064516124282369018e-02,1.761989369697403163e-05,7.969179749488830566e-02,7.874093204736709595e-02,7.963966578245162964e-02,7.970645278692245483e-02,7.977734506130218506e-02,7.977800071239471436e-02,7.889208942651748657e-02,7.979585230350494385e-02,7.962172478437423706e-02,7.908453047275543213e-02,8.026073873043060303e-02,7.951398938894271851e-02,7.944514602422714233e-02,7.947869598865509033e-02,7.913031429052352905e-02
1.080933738869360901e-02,1.719732790661510080e-05,7.680603861808776855e-02,7.726571708917617798e-02,7.837365567684173584e-02,7.811570167541503906e-02,7.647981494665145874e-02,7.691969722509384155e-02,7.868517190217971802e-02,7.744059711694717407e-02,7.692036032676696777e-02,7.775672525167465210e-02,7.880973815917968750e-02,7.835434377193450928e-02,7.704625278711318970e-02,7.793135195970535278e-02,7.795233279466629028e-02
1.097351353456352784e-02,1.691192665020935237e-05,7.621808350086212158e-02,7.591398805379867554e-02,7.559816539287567139e-02,7.653960585594177246e-02,7.601148635149002075e-02,7.603252679109573364e-02,7.650400698184967041e-02,7.644357532262802124e-02,7.659324258565902710e-02,7.670843601226806641e-02,7.718549668788909912e-02,7.603961229324340820e-02,7.550586760044097900e-02,7.629273831844329834e-02,7.736226171255111694e-02
1.113768968043344666e-02,1.651985076023265719e-05,7.456707954406738281e-02,7.355233281850814819e-02,7.511121779680252075e-02,7.458623498678207397e-02,7.486180216073989868e-02,7.513346523046493530e-02,7.447487860918045044e-02,7.478271424770355225e-02,7.409879565238952637e-02,7.378107309341430664e-02,7.441871613264083862e-02,7.446528971195220947e-02,7.521209865808486938e-02,7.467824965715408325e-02,7.451315224170684814e-02
1.130186582630336549e-02,1.608403363206889480e-05,7.197910547256469727e-02,7.271271198987960815e-02,7.215302437543869019e-02,7.187202572822570801e-02,7.280032336711883545e-02,7.238954305648803711e-02,7.274849712848663330e-02,7.197630405426025391e-02,7.262928783893585205e-02,7.340065389871597290e-02,7.264171540737152100e-02,7.364359498023986816e-02,7.267922163009643555e-02,7.274521887302398682e-02,7.272653281688690186e-02
1.146604197217328605e-02,1.592504850123077631e-05,7.137199491262435913e-02,7.161096483469009399e-02,7.168404012918472290e-02,7.224961370229721069e-02,7.186826318502426147e-02,7.244064658880233765e-02,7.182607799768447876e-02,7.235120981931686401e-02,7.246449589729309082e-02,7.134237140417098999e-02,7.158589363098144531e-02,7.147763669490814209e-02,7.192220538854598999e-02,7.248897105455398560e-02,7.145599275827407837e-02
1.163021811804320661e-02,1.561665885674301535e-05,7.006993144750595093e-02,7.029720395803451538e-02,7.076342403888702393e-02,6.970890611410140991e-02,7.107355445623397827e-02,7.055371999740600586e-02,7.008782029151916504e-02,7.038924843072891235e-02,7.038088887929916382e-02,7.003170251846313477e-02,7.092678546905517578e-02,7.051710039377212524e-02,7.089408487081527710e-02,7.091791927814483643e-02,7.068497687578201294e-02
1.179439426391312544e-02,1.530241206637583673e-05,6.908807903528213501e-02,6.894348561763763428e-02,6.919760257005691528e-02,6.899370253086090088e-02,6.861675530672073364e-02,6.944488734006881714e-02,6.887954473495483398e-02,6.953664124011993408e-02,6.964753568172454834e-02,6.903430819511413574e-02,6.917418539524078369e-02,6.942202895879745483e-02,6.863281130790710449e-02,6.885807216167449951e-02,6.878857314586639404e-02
1.195857040978304427e-02,1.511349910288117826e-05,6.856013834476470947e-02,6.768366694450378418e-02,6.761733442544937134e-02,6.743779033422470093e-02,6.745464354753494263e-02,6.800719350576400757e-02,6.774530559778213501e-02,6.767880916595458984e-02,6.829098612070083618e-02,6.886119395494461060e-02,6.898414343595504761e-02,6.884691864252090454e-02,6.846548616886138916e-02,6.871788948774337769e-02,6.814125180244445801e-02
1.212274655565296309e-02,1.478502326790476218e-05,6.624372303485870361e-02,6.633992493152618408e-02,6.622720509767532349e-02,6.651564687490463257e-02,6.573095172643661499e-02,6.642082333564758301e-02,6.696584820747375488e-02,6.614051759243011475e-02,6.683997809886932373e-02,6.736432015895843506e-02,6.731459498405456543e-02,6.722004711627960205e-02,6.812518835067749023e-02,6.733923405408859253e-02,6.628421694040298462e-02
1.228692270152288366e-02,1.467096899432362989e-05,6.680243462324142456e-02,6.575836986303329468e-02,6.565751880407333374e-02,6.608226895332336426e-02,6.623062491416931152e-02,6.591545790433883667e-02,6.664706766605377197e-02,6.605193018913269043e-02,6.595572829246520996e-02,6.633730232715606689e-02,6.745201349258422852e-02,6.633166223764419556e-02,6.598054617643356323e-02,6.604710966348648071e-02,6.660152226686477661e-02
1.245109884739280422e-02,1.444663848815253004e-05,6.458523869514465332e-02,6.453693658113479614e-02,6.419247388839721680e-02,6.557848304510116577e-02,6.527211517095565796e-02,6.532979011535644531e-02,6.553841382265090942e-02,6.454195082187652588e-02,6.512691080570220947e-02,6.548015028238296509e-02,6.585415452718734741e-02,6.616340577602386475e-02,6.548637151718139648e-02,6.515786051750183105e-02,6.562241911888122559e-02
1.261527499326272304e-02,1.437412265659077093e-05,6.506464630365371704e-02,6.386296451091766357e-02,6.429646909236907959e-02,6.463597714900970459e-02,6.439331173896789551e-02,6.461646407842636108e-02,6.518416106700897217e-02,6.535448879003524780e-02,6.456229090690612793e-02,6.474457681179046631e-02,6.479616463184356689e-02,6.523430347442626953e-02,6.513567268848419189e-02,6.529577076435089111e-02,6.565304100513458252e-02
1.277945113913264187e-02,1.419596264895517379e-05,6.390246003866195679e-02,6.363233923912048340e-02,6.410905718803405762e-02,6.416614353656768799e-02,6.397768855094909668e-02,6.407875567674636841e-02,6.372448801994323730e-02,6.435865908861160278e-02,6.481991708278656006e-02,6.374192237854003906e-02,6.399250775575637817e-02,6.439096480607986450e-02,6.386706233024597168e-02,6.391263008117675781e-02,6.433787941932678223e-02
1.294362728500256070e-02,1.388877717545256019e-05,6.257664412260055542e-02,6.201580166816711426e-02,6.271723657846450806e-02,6.280556321144104004e-02,6.158643588423728943e-02,6.233685836195945740e-02,6.255850195884704590e-02,6.257074326276779175e-02,6.302800029516220093e-02,6.254626065492630005e-02,6.279881298542022705e-02,6.302805244922637939e-02,6.294114142656326294e-02,6.378259509801864624e-02,6.309087574481964111e-02
1.310780343087248126e-02,1.380199591949349269e-05,6.130801141262054443e-02,6.208397448062896729e-02,6.220733746886253357e-02,6.251440197229385376e-02,6.249399483203887939e-02,6.227697432041168213e-02,6.175237894058227539e-02,6.239074096083641052e-02,6.236401572823524475e-02,6.154254451394081116e-02,6.164406985044479370e-02,6.332468241453170776e-02,6.270850449800491333e-02,6.296225637197494507e-02,6.317897140979766846e-02
1.327197957674240182e-02,1.373706618323922157e-05,6.157772615551948547e-02,6.120305135846138000e-02,6.229424476623535156e-02,6.091671437025070190e-02,6.235533207654953003e-02,6.123710796236991882e-02,6.171523407101631165e-02,6.169416010379791260e-02,6.195539236068725586e-02,6.234344840049743652e-02,6.185033172369003296e-02,6.341608613729476929e-02,6.279278546571731567e-02,6.211530044674873352e-02,6.212186440825462341e-02
1.343615572261232065e-02,1.352531762677244842e-05,6.043549627065658569e-02,5.984219536185264587e-02,6.091181188821792603e-02,6.130712106823921204e-02,6.087373942136764526e-02,6.122821196913719177e-02,6.059915572404861450e-02,6.181683391332626343e-02,6.038896366953849792e-02,6.168739125132560730e-02,6.083941087126731873e-02,6.104725599288940430e-02,6.113393977284431458e-02,6.085695326328277588e-02,6.219320371747016907e-02
1.360033186848223948e-02,1.336214791081147268e-05,5.996990203857421875e-02,5.973074212670326233e-02,6.023159250617027283e-02,6.017672270536422729e-02,5.977659672498703003e-02,6.067064031958580017e-02,5.974780023097991943e-02,6.013273447751998901e-02,6.061558425426483154e-02,6.061674654483795166e-02,6.044653803110122681e-02,6.054332852363586426e-02,6.035209819674491882e-02,6.088080257177352905e-02,6.036111712455749512e-02
1.376450801435215830e-02,1.323843389400281012e-05,5.941906198859214783e-02,5.880320817232131958e-02,5.960461124777793884e-02,5.920113995671272278e-02,5.905043333768844604e-02,5.930722132325172424e-02,6.002010405063629150e-02,5.988597869873046875e-02,5.967045947909355164e-02,5.971869453787803650e-02,5.988579243421554565e-02,6.100678816437721252e-02,6.049301847815513611e-02,6.004201993346214294e-02,6.017471849918365479e-02
1.392868416022207886e-02,1.315581812377786264e-05,5.929173529148101807e-02,5.829327926039695740e-02,5.862664058804512024e-02,5.920417606830596924e-02,5.918144062161445618e-02,5.913632735610008240e-02,5.942755192518234253e-02,5.926654115319252014e-02,5.939035862684249878e-02,5.977173149585723877e-02,6.027488037943840027e-02,6.013158336281776428e-02,5.947427824139595032e-02,5.975361540913581848e-02,5.988701805472373962e-02
1.409286030609199943e-02,1.293702098337234929e-05,5.771462991833686829e-02,5.821172520518302917e-02,5.774065107107162476e-02,5.889197438955307007e-02,5.809257552027702332e-02,5.817336216568946838e-02,5.797445401549339294e-02,5.862905085086822510e-02,5.844824761152267456e-02,5.874143540859222412e-02,5.831967666745185852e-02,5.843361094594001770e-02,5.869446322321891785e-02,5.850651115179061890e-02,5.884647741913795471e-02
1.425703645196191825e-02,1.281210370507324114e-05,5.731864273548126221e-02,5.718255043029785156e-02,5.720266699790954590e-02,5.778295919299125671e-02,5.749903619289398193e-02,5.781646072864532471e-02,5.805889517068862915e-02,5.715054273605346680e-02,5.815896019339561462e-02,5.759580805897712708e-02,5.859302356839179993e-02,5.832089111208915710e-02,5.787691846489906311e-02,5.821161717176437378e-02,5.870016664266586304e-02
1.442121259783183708e-02,1.276487455470487475e-05,5.725415423512458801e-02,5.763829499483108521e-02,5.665261298418045044e-02,5.790310353040695190e-02,5.715873837471008301e-02,5.782841891050338745e-02,5.812617763876914978e-02,5.741893127560615540e-02,5.751945450901985168e-02,5.725536122918128967e-02,5.757525563240051270e-02,5.724972486495971680e-02,5.851724743843078613e-02,5.781308561563491821e-02,5.788489803671836853e-02
1.458538874370175591e-02,1.268918458663392812e-05,5.640644952654838562e-02,5.670484900474548340e-02,5.750263854861259460e-02,5.732077732682228088e-02,5.759475007653236389e-02,5.650150775909423828e-02,5.702867731451988220e-02,5.811721459031105042e-02,5.748163163661956787e-02,5.759136378765106201e-02,5.765575543045997620e-02,5.710065737366676331e-02,5.685588717460632324e-02,5.763515457510948181e-02,5.756265670061111450e-02
1.474956488957167647e-02,1.254009839612990618e-05,5.638499557971954346e-02,5.627691745758056641e-02,5.576589331030845642e-02,5.607822537422180176e-02,5.643332004547119141e-02,5.658149346709251404e-02,5.627594515681266785e-02,5.612692236900329590e-02,5.675176158547401428e-02,5.744494870305061340e-02,5.672368034720420837e-02,5.700938031077384949e-02,5.684646219015121460e-02,5.721389874815940857e-02,5.737712979316711426e-02
1.491374103544159703e-02,1.242150392499752343e-05,5.538636073470115662e-02,5.524520203471183777e-02,5.594653636217117310e-02,5.543722584843635559e-02,5.593635886907577515e-02,5.615746229887008667e-02,5.545613169670104980e-02,5.648520216345787048e-02,5.632417649030685425e-02,5.642064660787582397e-02,5.611547827720642090e-02,5.647041648626327515e-02,5.668853968381881714e-02,5.691161006689071655e-02,5.584374442696571350e-02
1.507791718131151586e-02,1.232681552210124210e-05,5.551515147089958191e-02,5.512989684939384460e-02,5.482919141650199890e-02,5.513656139373779297e-02,5.555669590830802917e-02,5.608257651329040527e-02,5.619859322905540466e-02,5.534694716334342957e-02,5.530590564012527466e-02,5.584244802594184875e-02,5.594608187675476074e-02,5.624478682875633240e-02,5.617906153202056885e-02,5.596985667943954468e-02,5.555172637104988098e-02
1.524209332718143468e-02,1.227221946464851499e-05,5.530086159706115723e-02,5.533837154507637024e-02,5.473149567842483521e-02,5.552833527326583862e-02,5.511819198727607727e-02,5.572203919291496277e-02,5.604847893118858337e-02,5.526359751820564270e-02,5.538782477378845215e-02,5.528439953923225403e-02,5.497621744871139526e-02,5.540042370557785034e-02,5.552488565444946289e-02,5.582136288285255432e-02,5.607039853930473328e-02
1.540626947305135351e-02,1.217349836224457249e-05,5.489960685372352600e-02,5.401123687624931335e-02,5.409136787056922913e-02,5.465592443943023682e-02,5.455977842211723328e-02,5.483165755867958069e-02,5.447255820035934448e-02,5.502384528517723083e-02,5.568270012736320496e-02,5.512079969048500061e-02,5.538902431726455688e-02,5.533317849040031433e-02,5.552646145224571228e-02,5.509800836443901062e-02,5.517014861106872559e-02
1.557044561892127407e-02,1.211270500789396465e-05,5.371953919529914856e-02,5.400769412517547607e-02,5.403352156281471252e-02,5.408221483230590820e-02,5.378289148211479187e-02,5.480084940791130066e-02,5.494225397706031799e-02,5.537237972021102905e-02,5.457013845443725586e-02,5.452392622828483582e-02,5.511210858821868896e-02,5.502989515662193298e-02,5.515505373477935791e-02,5.506231263279914856e-02,5.586090311408042908e-02
1.573462176479119290e-02,1.206718116009142250e-05,5.298812314867973328e-02,5.411589145660400391e-02,5.363913625478744507e-02,5.417473614215850830e-02,5.466842278838157654e-02,5.445219948887825012e-02,5.435232073068618774e-02,5.476897209882736206e-02,5.464482307434082031e-02,5.436168611049652100e-02,5.459267273545265198e-02,5.486005917191505432e-02,5.422782525420188904e-02,5.520880967378616333e-02,5.527655035257339478e-02
1.589879791066111520e-02,1.199438884214032441e-05,5.392941460013389587e-02,5.323868617415428162e-02,5.359490960836410522e-02,5.411217734217643738e-02,5.316868051886558533e-02,5.346006155014038086e-02,5.370983108878135681e-02,5.456190183758735657e-02,5.398501083254814148e-02,5.416369438171386719e-02,5.424983799457550049e-02,5.477361753582954407e-02,5.459094047546386719e-02,5.490083992481231689e-02,5.547289922833442688e-02
1.606297405653103055e-02,1.195015556731959805e-05,5.341481789946556091e-02,5.342009291052818298e-02,5.374535545706748962e-02,5.375203117728233337e-02,5.363972485065460205e-02,5.414095893502235413e-02,5.394879728555679321e-02,5.392599478363990784e-02,5.399540811777114868e-02,5.393773317337036133e-02,5.394222587347030640e-02,5.413532257080078125e-02,5.373378470540046692e-02,5.501401796936988831e-02,5.454542115330696106e-02
1.622715020240095285e-02,1.187491398013662547e-05,5.213873460888862610e-02,5.308726802468299866e-02,5.286057665944099426e-02,5.319097638130187988e-02,5.427863076329231262e-02,5.336016789078712463e-02,5.359275639057159424e-02,5.373631790280342102e-02,5.375090613961219788e-02,5.418305099010467529e-02,5.408714339137077332e-02,5.386350676417350769e-02,5.373909696936607361e-02,5.390073359012603760e-02,5.409634113311767578e-02
1.639132634827087168e-02,1.176031310023972765e-05,5.264147371053695679e-02,5.256555974483489990e-02,5.261968076229095459e-02,5.277055501937866211e-02,5.322067067027091980e-02,5.269327759742736816e-02,5.284609273076057434e-02,5.282453820109367371e-02,5.288904905319213867e-02,5.375474318861961365e-02,5.318171158432960510e-02,5.356207862496376038e-02,5.327760055661201477e-02,5.370658263564109802e-02,5.390712618827819824e-02
1.655550249414079050e-02,1.175816487375413999e-05,5.293487012386322021e-02,5.207258462905883789e-02,5.298158898949623108e-02,5.263331905007362366e-02,5.234393849968910217e-02,5.270052701234817505e-02,5.308254063129425049e-02,5.301582440733909607e-02,5.376083403825759888e-02,5.390167608857154846e-02,5.311229079961776733e-02,5.310804769396781921e-02,5.346814170479774475e-02,5.366127192974090576e-02,5.325410142540931702e-02
1.671967864001071280e-02,1.170797349914209917e-05,5.235603451728820801e-02,5.285413190722465515e-02,5.234789475798606873e-02,5.262355133891105652e-02,5.217787995934486389e-02,5.250366032123565674e-02,5.243425816297531128e-02,5.320182442665100098e-02,5.288923531770706177e-02,5.250343680381774902e-02,5.300251394510269165e-02,5.336770042777061462e-02,5.359212309122085571e-02,5.319884046912193298e-02,5.382009595632553101e-02
1.688385478588062816e-02,1.162606531579513103e-05,5.242891237139701843e-02,5.181097984313964844e-02,5.147986486554145813e-02,5.208865180611610413e-02,5.189960449934005737e-02,5.221365392208099365e-02,5.230973288416862488e-02,5.251587927341461182e-02,5.276978388428688049e-02,5.284315347671508789e-02,5.236298963427543640e-02,5.285318940877914429e-02,5.280682817101478577e-02,5.327481031417846680e-02,5.292478203773498535e-02
1.704803093175055045e-02,1.160990814241813496e-05,5.138412863016128540e-02,5.204435810446739197e-02,5.215005576610565186e-02,5.157605558633804321e-02,5.234653130173683167e-02,5.238020047545433044e-02,5.178276449441909790e-02,5.242744088172912598e-02,5.245941504836082458e-02,5.296134576201438904e-02,5.273837223649024963e-02,5.276852473616600037e-02,5.285717174410820007e-02,5.259837955236434937e-02,5.286920443177223206e-02
1.721220707762046928e-02,1.151319429482100531e-05,5.158381909132003784e-02,5.142970755696296692e-02,5.140274763107299805e-02,5.167918652296066284e-02,5.170347169041633606e-02,5.140880122780799866e-02,5.185592547059059143e-02,5.240013077855110168e-02,5.154081806540489197e-02,5.208368599414825439e-02,5.213448405265808105e-02,5.243740603327751160e-02,5.283755064010620117e-02,5.268718674778938293e-02,5.252871289849281311e-02
1.737638322349038811e-02,1.153019456978654489e-05,5.120766907930374146e-02,5.158111453056335449e-02,5.103321745991706848e-02,5.208616703748703003e-02,5.218759179115295410e-02,5.177805200219154358e-02,5.182685330510139465e-02,5.159102752804756165e-02,5.176576226949691772e-02,5.202242359519004822e-02,5.313829705119132996e-02,5.231045559048652649e-02,5.285856500267982483e-02,5.247711017727851868e-02,5.262247473001480103e-02
1.754055936936031040e-02,1.148977025877684355e-05,5.100381746888160706e-02,5.108641460537910461e-02,5.136838555335998535e-02,5.143081024289131165e-02,5.182270333170890808e-02,5.134031549096107483e-02,5.211779102683067322e-02,5.179632827639579773e-02,5.185956507921218872e-02,5.192800238728523254e-02,5.248540267348289490e-02,5.214931815862655640e-02,5.274447426199913025e-02,5.227464810013771057e-02,5.233824998140335083e-02
1.770473551523022576e-02,1.141317352448822930e-05,5.063736066222190857e-02,5.098835006356239319e-02,5.049080774188041687e-02,5.139070376753807068e-02,5.174998939037322998e-02,5.093401670455932617e-02,5.167607218027114868e-02,5.157198384404182434e-02,5.185914039611816406e-02,5.193885415792465210e-02,5.181860923767089844e-02,5.151615664362907410e-02,5.251276120543479919e-02,5.200598016381263733e-02,5.178928002715110779e-02
1.786891166110014806e-02,1.134057583840331063e-05,5.019665136933326721e-02,5.134935677051544189e-02,5.094361677765846252e-02,5.095634236931800842e-02,5.140625312924385071e-02,5.074421316385269165e-02,5.089465901255607605e-02,5.097523704171180725e-02,5.126312375068664551e-02,5.141459777951240540e-02,5.186161398887634277e-02,5.151135846972465515e-02,5.134627595543861389e-02,5.155652388930320740e-02,5.158901214599609375e-02
1.803308780697006689e-02,1.130402688431786373e-05,5.058354884386062622e-02,5.040436238050460815e-02,5.046336352825164795e-02,5.040847882628440857e-02,5.077349394559860229e-02,5.047490447759628296e-02,5.097077786922454834e-02,5.082079023122787476e-02,5.130651220679283142e-02,5.108691006898880005e-02,5.131418257951736450e-02,5.147834122180938721e-02,5.164706707000732422e-02,5.141749978065490723e-02,5.203225836157798767e-02
1.819726395283998571e-02,1.129311658587539569e-05,4.979227483272552490e-02,5.011552572250366211e-02,5.046496167778968811e-02,5.080218985676765442e-02,5.092360824346542358e-02,5.076964199542999268e-02,5.153704807162284851e-02,5.094557255506515503e-02,5.092101544141769409e-02,5.117160454392433167e-02,5.128874257206916809e-02,5.169042944908142090e-02,5.120249837636947632e-02,5.176032334566116333e-02,5.156067386269569397e-02
1.836144009870990801e-02,1.124221944337477908e-05,4.972279816865921021e-02,4.977086931467056274e-02,5.043456703424453735e-02,5.062684044241905212e-02,5.053860694169998169e-02,5.013001337647438049e-02,5.092331394553184509e-02,5.087532848119735718e-02,5.061821267008781433e-02,5.122658237814903259e-02,5.094998702406883240e-02,5.126622691750526428e-02,5.105258896946907043e-02,5.127521976828575134e-02,5.162051692605018616e-02
1.852561624457982337e-02,1.116971816372824833e-05,4.975879192352294922e-02,4.966870695352554321e-02,5.004926770925521851e-02,5.022126436233520508e-02,5.047937855124473572e-02,5.008614063262939453e-02,5.024749413132667542e-02,5.058352649211883545e-02,5.069923773407936096e-02,5.087875574827194214e-02,5.031287670135498047e-02,5.098572000861167908e-02,5.047076195478439331e-02,5.120734870433807373e-02,5.076948925852775574e-02
1.868979239044974566e-02,1.115065424528438598e-05,4.961341246962547302e-02,4.941957443952560425e-02,4.988802224397659302e-02,5.035707354545593262e-02,4.948080703616142273e-02,5.061890184879302979e-02,5.003628879785537720e-02,5.023838207125663757e-02,5.042501911520957947e-02,5.053642764687538147e-02,5.055403336882591248e-02,5.080642551183700562e-02,5.138300731778144836e-02,5.067934840917587280e-02,5.082470923662185669e-02
1.885396853631966796e-02,1.117196370614692569e-05,4.897662252187728882e-02,5.011340230703353882e-02,5.018601939082145691e-02,5.021998658776283264e-02,4.996772482991218567e-02,5.044802650809288025e-02,5.049021169543266296e-02,5.042852833867073059e-02,5.020651966333389282e-02,5.109688267111778259e-02,5.074242129921913147e-02,5.043235793709754944e-02,5.059530213475227356e-02,5.072549358010292053e-02,5.147629603743553162e-02
1.901814468218958332e-02,1.109098502638516948e-05,4.910251125693321228e-02,4.961083456873893738e-02,4.936554282903671265e-02,4.980335384607315063e-02,4.943760111927986145e-02,4.967625439167022705e-02,5.050253495573997498e-02,5.001110583543777466e-02,5.038901790976524353e-02,5.023795738816261292e-02,5.077704042196273804e-02,5.059964582324028015e-02,5.060968175530433655e-02,5.002592876553535461e-02,5.028891563415527344e-02
1.918232082805950561e-02,1.107566640712320805e-05,4.944566637277603149e-02,4.943141713738441467e-02,4.916851222515106201e-02,4.955149441957473755e-02,4.990636184811592102e-02,4.999773949384689331e-02,5.040957033634185791e-02,5.002003535628318787e-02,5.038485303521156311e-02,5.057590454816818237e-02,5.028317868709564209e-02,4.972941800951957703e-02,5.023933947086334229e-02,5.024095997214317322e-02,5.077569931745529175e-02
1.934649697392942097e-02,1.104818056774092838e-05,4.911298304796218872e-02,4.942912235856056213e-02,4.939782992005348206e-02,4.912944138050079346e-02,4.923721030354499817e-02,4.978553950786590576e-02,4.994940012693405151e-02,4.974568635225296021e-02,4.952993988990783691e-02,5.018544569611549377e-02,5.049509927630424500e-02,5.024883896112442017e-02,5.072012916207313538e-02,5.037239566445350647e-02,5.045507475733757019e-02
1.951067311979934327e-02,1.105029150494374335e-05,4.905710741877555847e-02,4.922273382544517517e-02,4.951721057295799255e-02,4.954454675316810608e-02,4.909884929656982422e-02,4.967607930302619934e-02,4.969463124871253967e-02,5.013055726885795593e-02,5.017465725541114807e-02,5.014455690979957581e-02,5.034170672297477722e-02,5.008977651596069336e-02,5.040079727768898010e-02,5.044949799776077271e-02,5.050692707300186157e-02
1.967484926566926556e-02,1.104110015148762614e-05,4.922496154904365540e-02,4.906131699681282043e-02,4.925274848937988281e-02,4.937925934791564941e-02,4.929066821932792664e-02,4.961862787604331970e-02,5.000136792659759521e-02,5.005831643939018250e-02,5.026942864060401917e-02,5.029051378369331360e-02,5.013762414455413818e-02,5.046916753053665161e-02,4.953846335411071777e-02,5.047287791967391968e-02,5.047278478741645813e-02
1.983902541153918092e-02,1.098448410630226135e-05,4.808373004198074341e-02,4.913005605340003967e-02,4.902016371488571167e-02,4.873446747660636902e-02,4.964189231395721436e-02,4.962589964270591736e-02,4.992577806115150452e-02,4.980492964386940002e-02,4.968650266528129578e-02,4.991441592574119568e-02,4.969971999526023865e-02,4.980389028787612915e-02,5.053890123963356018e-02,5.023548007011413574e-02,5.007086694240570068e-02
2.000320155740910322e-02,1.096538017009152099e-05,4.863248392939567566e-02,4.890557006001472473e-02,4.904462769627571106e-02,4.896289482712745667e-02,4.956223070621490479e-02,4.884445294737815857e-02,4.980231449007987976e-02,4.931320995092391968e-02,4.932329803705215454e-02,4.976329579949378967e-02,4.961099848151206970e-02,4.978745058178901672e-02,5.003701522946357727e-02,5.042808502912521362e-02,5.023487284779548645e-02
2.016737770327901857e-02,1.094686467695282772e-05,4.875431582331657410e-02,4.871913790702819824e-02,4.891263321042060852e-02,4.884409159421920776e-02,4.954390972852706909e-02,4.939866811037063599e-02,4.919438436627388000e-02,4.926281422376632690e-02,4.956363886594772339e-02,4.986400902271270752e-02,5.022848770022392273e-02,4.950780794024467468e-02,5.007544159889221191e-02,4.971104860305786133e-02,4.982596635818481445e-02
2.033155384914894087e-02,1.089967918233014643e-05,4.837031662464141846e-02,4.860499128699302673e-02,4.870019853115081787e-02,4.892843961715698242e-02,4.898535832762718201e-02,4.852712154388427734e-02,4.906043782830238342e-02,4.910697788000106812e-02,4.906615987420082092e-02,4.959727078676223755e-02,4.929485172033309937e-02,4.943429306149482727e-02,4.954430088400840759e-02,4.991823062300682068e-02,5.014758557081222534e-02
2.049572999501885970e-02,1.091115427698241547e-05,4.850070923566818237e-02,4.828161373734474182e-02,4.883716255426406860e-02,4.854653030633926392e-02,4.888794943690299988e-02,4.930026456713676453e-02,4.878728464245796204e-02,4.902050644159317017e-02,4.923308640718460083e-02,4.965120926499366760e-02,4.978137463331222534e-02,4.964964464306831360e-02,4.958113655447959900e-02,4.990459233522415161e-02,5.011541396379470825e-02
2.065990614088877853e-02,1.089397119358181953e-05,4.886692762374877930e-02,4.862610250711441040e-02,4.833828657865524292e-02,4.859854653477668762e-02,4.906559363007545471e-02,4.866537451744079590e-02,4.946928098797798157e-02,4.956823959946632385e-02,4.950175061821937561e-02,4.905940219759941101e-02,4.906937479972839355e-02,4.901928827166557312e-02,4.996820911765098572e-02,4.961393401026725769e-02,4.990901425480842590e-02
2.082408228675870082e-02,1.089337274606805295e-05,4.847621545195579529e-02,4.874108359217643738e-02,4.856415092945098877e-02,4.879918321967124939e-02,4.896634817123413086e-02,4.936941340565681458e-02,4.894854873418807983e-02,4.885293915867805481e-02,4.934624210000038147e-02,4.886895418167114258e-02,4.942449927330017090e-02,4.922311753034591675e-02,4.995218664407730103e-02,4.962889105081558228e-02,4.992641136050224304e-02
2.098825843262861618e-02,1.084293035091832280e-05,4.813897982239723206e-02,4.827484488487243652e-02,4.822356626391410828e-02,4.846400767564773560e-02,4.871478676795959473e-02,4.820244014263153076e-02,4.865523427724838257e-02,4.881580546498298645e-02,4.899648204445838928e-02,4.932246357202529907e-02,4.925615713000297546e-02,4.948918893933296204e-02,4.962275177240371704e-02,5.007024854421615601e-02,4.940394312143325806e-02
2.115243457849853848e-02,1.080261881725164130e-05,4.771677404642105103e-02,4.787888377904891968e-02,4.819010198116302490e-02,4.847807064652442932e-02,4.844217747449874878e-02,4.849704355001449585e-02,4.859683290123939514e-02,4.851444438099861145e-02,4.875393211841583252e-02,4.894095659255981445e-02,4.899500310420989990e-02,4.981105029582977295e-02,4.955072700977325439e-02,4.919175058603286743e-02,4.992355033755302429e-02
2.131661072436845730e-02,1.084381074178963900e-05,4.827068001031875610e-02,4.789251089096069336e-02,4.887213185429573059e-02,4.846035689115524292e-02,4.816204681992530823e-02,4.890689998865127563e-02,4.867352545261383057e-02,4.883062094449996948e-02,4.880938306450843811e-02,4.971739277243614197e-02,4.940216243267059326e-02,4.954591393470764160e-02,4.929684847593307495e-02,4.913873970508575439e-02,4.986277595162391663e-02
2.148078687023837613e-02,1.077628985513001680e-05,4.790105298161506653e-02,4.817561805248260498e-02,4.821712151169776917e-02,4.792691394686698914e-02,4.845222458243370056e-02,4.856141284108161926e-02,4.856512323021888733e-02,4.867142066359519958e-02,4.853993281722068787e-02,4.866434633731842041e-02,4.904556646943092346e-02,4.896978661417961121e-02,4.874015972018241882e-02,4.979099333286285400e-02,4.889453575015068054e-02
2.164496301610829843e-02,1.079101912182522938e-05,4.756424948573112488e-02,4.806954413652420044e-02,4.785295203328132629e-02,4.841869696974754333e-02,4.849674180150032043e-02,4.862189292907714844e-02,4.884329810738563538e-02,4.884073510766029358e-02,4.885437339544296265e-02,4.911812767386436462e-02,4.896533116698265076e-02,4.893993213772773743e-02,4.940912500023841858e-02,4.898351803421974182e-02,4.961190745234489441e-02
2.180913916197821378e-02,1.077531214832561091e-05,4.775114357471466064e-02,4.786868765950202942e-02,4.830022901296615601e-02,4.873464629054069519e-02,4.855526611208915710e-02,4.820430278778076172e-02,4.833221063017845154e-02,4.829657822847366333e-02,4.881667718291282654e-02,4.920476675033569336e-02,4.861102253198623657e-02,4.936062544584274292e-02,4.908188804984092712e-02,4.920384287834167480e-02,4.933821782469749451e-02
2.197331530784813608e-02,1.071871975000249222e-05,4.771820455789566040e-02,4.785142093896865845e-02,4.841050878167152405e-02,4.736504703760147095e-02,4.810923710465431213e-02,4.799000173807144165e-02,4.838300123810768127e-02,4.834227636456489563e-02,4.856601729989051819e-02,4.807534813880920410e-02,4.878453910350799561e-02,4.898440092802047729e-02,4.874474927783012390e-02,4.917349666357040405e-02,4.939506575465202332e-02
2.213749145371805491e-02,1.073608746082754806e-05,4.768347740173339844e-02,4.822738841176033020e-02,4.843524470925331116e-02,4.745576903223991394e-02,4.783041402697563171e-02,4.827013984322547913e-02,4.791308194398880005e-02,4.826500266790390015e-02,4.874094575643539429e-02,4.888694733381271362e-02,4.883038997650146484e-02,4.864891991019248962e-02,4.920755326747894287e-02,4.930288717150688171e-02,4.879295453429222107e-02
2.230166759958797373e-02,1.072294253390282393e-05,4.789865761995315552e-02,4.725393652915954590e-02,4.779281094670295715e-02,4.803318902850151062e-02,4.825046658515930176e-02,4.828792437911033630e-02,4.825625196099281311e-02,4.826675355434417725e-02,4.889505356550216675e-02,4.822340607643127441e-02,4.847458004951477051e-02,4.908330366015434265e-02,4.870489239692687988e-02,4.889879003167152405e-02,4.931274801492691040e-02
2.246584374545789603e-02,1.072301620297366753e-05,4.769452288746833801e-02,4.771417751908302307e-02,4.808337613940238953e-02,4.793744906783103943e-02,4.817390814423561096e-02,4.850809648633003235e-02,4.811417311429977417e-02,4.792214930057525635e-02,4.893647506833076477e-02,4.873276874423027039e-02,4.881840944290161133e-02,4.866742342710494995e-02,4.879965633153915405e-02,4.896146804094314575e-02,4.875741899013519287e-02
2.263001989132781139e-02,1.070290636562276632e-05,4.780224338173866272e-02,4.757166281342506409e-02,4.761148989200592041e-02,4.796098172664642334e-02,4.759834334254264832e-02,4.836192727088928223e-02,4.845283180475234985e-02,4.830949008464813232e-02,4.803316667675971985e-02,4.843482002615928650e-02,4.873935878276824951e-02,4.886582866311073303e-02,4.915450513362884521e-02,4.891040921211242676e-02,4.897153377532958984e-02
2.279419603719773368e-02,1.067085395334288478e-05,4.753622785210609436e-02,4.760257527232170105e-02,4.753995686769485474e-02,4.737703874707221985e-02,4.830182343721389771e-02,4.759440571069717407e-02,4.812337830662727356e-02,4.796440154314041138e-02,4.843077063560485840e-02,4.817202687263488770e-02,4.837715625762939453e-02,4.899681732058525085e-02,4.869905859231948853e-02,4.863740876317024231e-02,4.886386916041374207e-02
2.295837218306765251e-02,1.064971547748427838e-05,4.773999750614166260e-02,4.768298566341400146e-02,4.754520207643508911e-02,4.737712070345878601e-02,4.712620750069618225e-02,4.786492884159088135e-02,4.810342192649841309e-02,4.779847711324691772e-02,4.773454368114471436e-02,4.824735596776008606e-02,4.852690175175666809e-02,4.845344647765159607e-02,4.861453548073768616e-02,4.869324713945388794e-02,4.928494989871978760e-02
2.312254832893757134e-02,1.072569011739687994e-05,4.783166199922561646e-02,4.797246307134628296e-02,4.756942763924598694e-02,4.795686155557632446e-02,4.849210381507873535e-02,4.809603840112686157e-02,4.844555258750915527e-02,4.808070138096809387e-02,4.856870695948600769e-02,4.848449677228927612e-02,4.879431053996086121e-02,4.876017197966575623e-02,4.948989674448966980e-02,4.883077740669250488e-02,4.901395365595817566e-02
2.328672447480749363e-02,1.067907032847870141e-05,4.723976925015449524e-02,4.767153412103652954e-02,4.709331691265106201e-02,4.779609665274620056e-02,4.771313071250915527e-02,4.763966053724288940e-02,4.809147864580154419e-02,4.852394387125968933e-02,4.866822063922882080e-02,4.837950691580772400e-02,4.849921539425849915e-02,4.890537261962890625e-02,4.885606840252876282e-02,4.861830547451972961e-02,4.914493113756179810e-02
2.345090062067740899e-02,1.066427466867025942e-05,4.726609587669372559e-02,4.760505631566047668e-02,4.753490164875984192e-02,4.772279784083366394e-02,4.808070510625839233e-02,4.773771017789840698e-02,4.800921678543090820e-02,4.837326705455780029e-02,4.787902161478996277e-02,4.823551326990127563e-02,4.853844642639160156e-02,4.830443114042282104e-02,4.839526489377021790e-02,4.847827553749084473e-02,4.935299232602119446e-02
2.361507676654733129e-02,1.064949265128234401e-05,4.768173769116401672e-02,4.756009578704833984e-02,4.790636152029037476e-02,4.744608327746391296e-02,4.791727662086486816e-02,4.789677634835243225e-02,4.812123998999595642e-02,4.773297905921936035e-02,4.793502017855644226e-02,4.818002134561538696e-02,4.842469468712806702e-02,4.822862520813941956e-02,4.841919615864753723e-02,4.844423756003379822e-02,4.871794208884239197e-02
2.377925291241725012e-02,1.063179661286994815e-05,4.720638319849967957e-02,4.747776687145233154e-02,4.752843827009201050e-02,4.797565937042236328e-02,4.793904721736907959e-02,4.788536205887794495e-02,4.778270423412322998e-02,4.782941192388534546e-02,4.849683865904808044e-02,4.794510081410408020e-02,4.839326441287994385e-02,4.788143187761306763e-02,4.845494031906127930e-02,4.796022549271583557e-02,4.911068826913833618e-02
2.394342905828716894e-02,1.060923386830836535e-05,4.738815128803253174e-02,4.719872027635574341e-02,4.730176553130149841e-02,4.716802388429641724e-02,4.786660894751548767e-02,4.751855880022048950e-02,4.801828786730766296e-02,4.830825328826904297e-02,4.786634072661399841e-02,4.813042655587196350e-02,4.817228391766548157e-02,4.820994660258293152e-02,4.842313006520271301e-02,4.840547591447830200e-02,4.861742630600929260e-02
2.410760520415709124e-02,1.063155468727927655e-05,4.740875586867332458e-02,4.782547801733016968e-02,4.729939624667167664e-02,4.748038947582244873e-02,4.729489982128143311e-02,4.801860451698303223e-02,4.736116528511047363e-02,4.838042333722114563e-02,4.798639193177223206e-02,4.814089462161064148e-02,4.850730672478675842e-02,4.843674227595329285e-02,4.859758913516998291e-02,4.880676046013832092e-02,4.874311387538909912e-02
2.427178135002700660e-02,1.060446720657637343e-05,4.734071344137191772e-02,4.736721515655517578e-02,4.729460552334785461e-02,4.749775305390357971e-02,4.733742773532867432e-02,4.753952473402023315e-02,4.786760732531547546e-02,4.812438786029815674e-02,4.785520583391189575e-02,4.833586513996124268e-02,4.806195944547653198e-02,4.813297092914581299e-02,4.841935634613037109e-02,4.827027395367622375e-02,4.828688874840736389e-02
2.443595749589692889e-02,1.061917919287225232e-05,4.737541824579238892e-02,4.733094945549964905e-02,4.770664498209953308e-02,4.742673411965370178e-02,4.745367914438247681e-02,4.759432375431060791e-02,4.782649129629135132e-02,4.777518287301063538e-02,4.789489135146141052e-02,4.819680377840995789e-02,4.818057641386985779e-02,4.848928749561309814e-02,4.857043549418449402e-02,4.836339503526687622e-02,4.854635521769523621e-02
2.460013364176684772e-02,1.060544673237018287e-05,4.707716032862663269e-02,4.750007018446922302e-02,4.741688445210456848e-02,4.743079096078872681e-02,4.773838818073272705e-02,4.749111458659172058e-02,4.788361117243766785e-02,4.774037748575210571e-02,4.773193225264549255e-02,4.801003634929656982e-02,4.852783307433128357e-02,4.816595464944839478e-02,4.836612567305564880e-02,4.846042767167091370e-02,4.823505505919456482e-02
2.476430978763676655e-02,1.060099839378381148e-05,4.704026877880096436e-02,4.682379215955734253e-02,4.754424840211868286e-02,4.745643585920333862e-02,4.787349700927734375e-02,4.734369367361068726e-02,4.785097017884254456e-02,4.792496562004089355e-02,4.798461869359016418e-02,4.814153537154197693e-02,4.843026399612426758e-02,4.864268377423286438e-02,4.789194464683532715e-02,4.848026111721992493e-02,4.849553480744361877e-02
2.492848593350668884e-02,1.056899600371252745e-05,4.648137465119361877e-02,4.694354906678199768e-02,4.714060947299003601e-02,4.750180244445800781e-02,4.738152772188186646e-02,4.758595302700996399e-02,4.759638383984565735e-02,4.800637811422348022e-02,4.755236208438873291e-02,4.747671261429786682e-02,4.788230732083320618e-02,4.842796176671981812e-02,4.859177768230438232e-02,4.811057075858116150e-02,4.814561456441879272e-02
2.509266207937660420e-02,1.054505537467775866e-05,4.682390019297599792e-02,4.707551747560501099e-02,4.734116047620773315e-02,4.687725752592086792e-02,4.708580672740936279e-02,4.723827540874481201e-02,4.770081117749214172e-02,4.727328568696975708e-02,4.761584103107452393e-02,4.784965887665748596e-02,4.801543802022933960e-02,4.817212373018264771e-02,4.804010316729545593e-02,4.825479537248611450e-02,4.838122799992561340e-02
2.525683822524652650e-02,1.057817644323222339e-05,4.715795069932937622e-02,4.693638160824775696e-02,4.717627167701721191e-02,4.745470732450485229e-02,4.703750461339950562e-02,4.758426547050476074e-02,4.779627546668052673e-02,4.769157245755195618e-02,4.826068505644798279e-02,4.765065759420394897e-02,4.791477322578430176e-02,4.819690808653831482e-02,4.850866273045539856e-02,4.823927953839302063e-02,4.845516011118888855e-02
2.542101437111644532e-02,1.055905158864334226e-05,4.683052003383636475e-02,4.723118618130683899e-02,4.688049480319023132e-02,4.690175876021385193e-02,4.778043553233146667e-02,4.709118604660034180e-02,4.736499488353729248e-02,4.774228855967521667e-02,4.782763496041297913e-02,4.790094494819641113e-02,4.794764146208763123e-02,4.789608716964721680e-02,4.837706312537193298e-02,4.864202067255973816e-02,4.848168417811393738e-02
2.558519051698636415e-02,1.055652683135122061e-05,4.663939774036407471e-02,4.694454744458198547e-02,4.693727567791938782e-02,4.716832190752029419e-02,4.750281572341918945e-02,4.698685184121131897e-02,4.782013595104217529e-02,4.760280624032020569e-02,4.776867106556892395e-02,4.841145500540733337e-02,4.791888222098350525e-02,4.819464683532714844e-02,4.841233417391777039e-02,4.829350858926773071e-02,4.809103533625602722e-02
2.574936666285628645e-02,1.053502091963309795e-05,4.661772400140762329e-02,4.684177041053771973e-02,4.698102548718452454e-02,4.713792353868484497e-02,4.703747108578681946e-02,4.721034690737724304e-02,4.757479950785636902e-02,4.765386879444122314e-02,4.761800169944763184e-02,4.822683706879615784e-02,4.805216193199157715e-02,4.812226444482803345e-02,4.829536378383636475e-02,4.789914190769195557e-02,4.805552214384078979e-02
2.591354280872620180e-02,1.054273161571472883e-05,4.653272032737731934e-02,4.669433459639549255e-02,4.680058360099792480e-02,4.744704812765121460e-02,4.734164848923683167e-02,4.733936116099357605e-02,4.767837747931480408e-02,4.777948930859565735e-02,4.760498553514480591e-02,4.782074317336082458e-02,4.778734967112541199e-02,4.799364879727363586e-02,4.835727810859680176e-02,4.798604920506477356e-02,4.816632345318794250e-02
2.607771895459612410e-02,1.053878713719313964e-05,4.684846103191375732e-02,4.690348729491233826e-02,4.682504385709762573e-02,4.711145535111427307e-02,4.752333462238311768e-02,4.754801839590072632e-02,4.760465398430824280e-02,4.748034104704856873e-02,4.745667055249214172e-02,4.807019978761672974e-02,4.778728634119033813e-02,4.761681705713272095e-02,4.850471392273902893e-02,4.824915528297424316e-02,4.799854382872581482e-02
2.624189510046604293e-02,1.057504505297401920e-05,4.699902608990669250e-02,4.709465801715850830e-02,4.715926945209503174e-02,4.752997308969497681e-02,4.719080775976181030e-02,4.780235514044761658e-02,4.759105667471885681e-02,4.764210060238838196e-02,4.784150794148445129e-02,4.774865880608558655e-02,4.801679030060768127e-02,4.825421050190925598e-02,4.842596128582954407e-02,4.819169268012046814e-02,4.845799878239631653e-02
2.640607124633596176e-02,1.055553002515807748e-05,4.678881168365478516e-02,4.693674296140670776e-02,4.735462367534637451e-02,4.720286652445793152e-02,4.725582897663116455e-02,4.744335636496543884e-02,4.738032072782516479e-02,4.772601276636123657e-02,4.746894538402557373e-02,4.820457473397254944e-02,4.784200713038444519e-02,4.798375442624092102e-02,4.794286936521530151e-02,4.838475957512855530e-02,4.863052070140838623e-02
2.657024739220588405e-02,1.053765390679473057e-05,4.652153700590133667e-02,4.689852893352508545e-02,4.719999060034751892e-02,4.732844606041908264e-02,4.713888093829154968e-02,4.745704680681228638e-02,4.746587947010993958e-02,4.739347100257873535e-02,4.769076034426689148e-02,4.790952056646347046e-02,4.798707738518714905e-02,4.774199426174163818e-02,4.820108786225318909e-02,4.813246801495552063e-02,4.797119647264480591e-02
2.673442353807579941e-02,1.055750090017681941e-05,4.686616361141204834e-02,4.658244550228118896e-02,4.751706495881080627e-02,4.729780554771423340e-02,4.716668277978897095e-02,4.744056239724159241e-02,4.732822626829147339e-02,4.749223962426185608e-02,4.809729754924774170e-02,4.807494953274726868e-02,4.801683127880096436e-02,4.794470965862274170e-02,4.846733435988426208e-02,4.800933226943016052e-02,4.833532869815826416e-02
2.689859968394572171e-02,1.052229799824999645e-05,4.716322571039199829e-02,4.688754677772521973e-02,4.711688309907913208e-02,4.719255492091178894e-02,4.698055610060691833e-02,4.694373905658721924e-02,4.713904485106468201e-02,4.738632589578628540e-02,4.789118096232414246e-02,4.746458679437637329e-02,4.820539429783821106e-02,4.803645983338356018e-02,4.812224954366683960e-02,4.790174961090087891e-02,4.809393361210823059e-02
2.706277582981563706e-02,1.051097660820232704e-05,4.708570614457130432e-02,4.685780778527259827e-02,4.698893800377845764e-02,4.675972461700439453e-02,4.698986187577247620e-02,4.731676727533340454e-02,4.707908630371093750e-02,4.762172326445579529e-02,4.770405590534210205e-02,4.796629399061203003e-02,4.725194349884986877e-02,4.787923023104667664e-02,4.803727567195892334e-02,4.804217442870140076e-02,4.816356301307678223e-02
2.722695197568555936e-02,1.049562069965759292e-05,4.627982899546623230e-02,4.709873721003532410e-02,4.712891578674316406e-02,4.727407917380332947e-02,4.677297547459602356e-02,4.723361134529113770e-02,4.724247753620147705e-02,4.703276604413986206e-02,4.734387993812561035e-02,4.740932583808898926e-02,4.755653068423271179e-02,4.840331152081489563e-02,4.764341562986373901e-02,4.790396615862846375e-02,4.794299975037574768e-02
2.739112812155548166e-02,1.051945037033874542e-05,4.650040343403816223e-02,4.647632315754890442e-02,4.717002063989639282e-02,4.712349548935890198e-02,4.776733368635177612e-02,4.698404669761657715e-02,4.752434790134429932e-02,4.730595648288726807e-02,4.763753339648246765e-02,4.790350422263145447e-02,4.766517505049705505e-02,4.784869775176048279e-02,4.785609245300292969e-02,4.799485951662063599e-02,4.814418405294418335e-02
2.755530426742539701e-02,1.050263199431356043e-05,4.674122855067253113e-02,4.665900021791458130e-02,4.708849638700485229e-02,4.679252579808235168e-02,4.722186550498008728e-02,4.748069122433662415e-02,4.695834591984748840e-02,4.748075455427169800e-02,4.735500365495681763e-02,4.781861230731010437e-02,4.757465049624443054e-02,4.806375876069068909e-02,4.798518121242523193e-02,4.799910634756088257e-02,4.794113337993621826e-02
2.771948041329531931e-02,1.050975424732314423e-05,4.669470712542533875e-02,4.675862193107604980e-02,4.687133803963661194e-02,4.708544164896011353e-02,4.696611315011978149e-02,4.737939313054084778e-02,4.755638167262077332e-02,4.735357314348220825e-02,4.768107831478118896e-02,4.773426055908203125e-02,4.746632650494575500e-02,4.803483188152313232e-02,4.778441414237022400e-02,4.780142754316329956e-02,4.819575324654579163e-02
2.788365655916523467e-02,1.050104219757486135e-05,4.666721820831298828e-02,4.670976847410202026e-02,4.731162637472152710e-02,4.683303833007812500e-02,4.702239483594894409e-02,4.702682048082351685e-02,4.721888527274131775e-02,4.730253666639328003e-02,4.767266288399696350e-02,4.769175127148628235e-02,4.781930521130561829e-02,4.781517013907432556e-02,4.812495410442352295e-02,4.818905517458915710e-02,4.814783483743667603e-02
2.804783270503515696e-02,1.051254639605758712e-05,4.697353392839431763e-02,4.688447713851928711e-02,4.665589705109596252e-02,4.718679189682006836e-02,4.686898738145828247e-02,4.720250517129898071e-02,4.787814617156982422e-02,4.731395840644836426e-02,4.729931429028511047e-02,4.762900993227958679e-02,4.760722815990447998e-02,4.794113337993621826e-02,4.815923050045967102e-02,4.806908592581748962e-02,4.818115755915641785e-02
2.821200885090507926e-02,1.049727052304660901e-05,4.648762568831443787e-02,4.689405485987663269e-02,4.706408828496932983e-02,4.718511179089546204e-02,4.686759784817695618e-02,4.705295339226722717e-02,4.738387092947959900e-02,4.723147302865982056e-02,4.738289862871170044e-02,4.761785268783569336e-02,4.767324030399322510e-02,4.787752032279968262e-02,4.799336940050125122e-02,4.789609834551811218e-02,4.811849817633628845e-02
2.837618499677499462e-02,1.050309492711676285e-05,4.677142947912216187e-02,4.679649695754051208e-02,4.692783206701278687e-02,4.758835956454277039e-02,4.664648696780204773e-02,4.759411886334419250e-02,4.746929556131362915e-02,4.724477976560592651e-02,4.766620323061943054e-02,4.730015248060226440e-02,4.792087525129318237e-02,4.779538139700889587e-02,4.792237654328346252e-02,4.782434552907943726e-02,4.771428182721138000e-02
2.854036114264491691e-02,1.049635284289252013e-05,4.671646654605865479e-02,4.708645865321159363e-02,4.656194895505905151e-02,4.677624255418777466e-02,4.692568257451057434e-02,4.684245213866233826e-02,4.744545370340347290e-02,4.730380699038505554e-02,4.772460088133811951e-02,4.779564216732978821e-02,4.754979535937309265e-02,4.768194258213043213e-02,4.780765250325202942e-02,4.785137996077537537e-02,4.846108704805374146e-02
2.870453728851483227e-02,1.050929768098285422e-05,4.702516645193099976e-02,4.671658575534820557e-02,4.689199477434158325e-02,4.675330594182014465e-02,4.713440313935279846e-02,4.747449979186058044e-02,4.716205969452857971e-02,4.729897901415824890e-02,4.753949865698814392e-02,4.747731238603591919e-02,4.767798259854316711e-02,4.772346466779708862e-02,4.786639288067817688e-02,4.813208431005477905e-02,4.823674634099006653e-02
2.886871343438475457e-02,1.051446815836243331e-05,4.664070904254913330e-02,4.686051607131958008e-02,4.722292348742485046e-02,4.702142253518104553e-02,4.710468277335166931e-02,4.723152518272399902e-02,4.742844402790069580e-02,4.780006408691406250e-02,4.759190604090690613e-02,4.778736829757690430e-02,4.755981639027595520e-02,4.795695468783378601e-02,4.787546768784523010e-02,4.801818355917930603e-02,4.775244370102882385e-02
2.903288958025467686e-02,1.048116610036231577e-05,4.642666876316070557e-02,4.670527949929237366e-02,4.685108363628387451e-02,4.674419015645980835e-02,4.680170118808746338e-02,4.697964340448379517e-02,4.728448763489723206e-02,4.760547354817390442e-02,4.770976305007934570e-02,4.805324599146842957e-02,4.733450338244438171e-02,4.763370379805564880e-02,4.763094335794448853e-02,4.739034175872802734e-02,4.812898859381675720e-02
2.919706572612459222e-02,1.051046911015873775e-05,4.716530814766883850e-02,4.677234590053558350e-02,4.712747782468795776e-02,4.663740843534469604e-02,4.705878347158432007e-02,4.687139764428138733e-02,4.691744223237037659e-02,4.745397344231605530e-02,4.754485934972763062e-02,4.781829193234443665e-02,4.784907028079032898e-02,4.793912172317504883e-02,4.794282466173171997e-02,4.794814065098762512e-02,4.821461066603660583e-02
2.936124187199451452e-02,1.049257207341725007e-05,4.677658900618553162e-02,4.659095406532287598e-02,4.662048444151878357e-02,4.677267000079154968e-02,4.701445251703262329e-02,4.710805416107177734e-02,4.743185639381408691e-02,4.746329784393310547e-02,4.719823598861694336e-02,4.725280404090881348e-02,4.771919921040534973e-02,4.795952513813972473e-02,4.802188649773597717e-02,4.758291691541671753e-02,4.826706275343894958e-02
2.952541801786442988e-02,1.047679052135208622e-05,4.616012051701545715e-02,4.711725935339927673e-02,4.654044285416603088e-02,4.661528393626213074e-02,4.683426767587661743e-02,4.720569401979446411e-02,4.724442958831787109e-02,4.723978415131568909e-02,4.734043776988983154e-02,4.754683002829551697e-02,4.721883684396743774e-02,4.765686392784118652e-02,4.767481982707977295e-02,4.803424328565597534e-02,4.848083853721618652e-02
2.968959416373435217e-02,1.046770466928137466e-05,4.654198884963989258e-02,4.696573689579963684e-02,4.668090119957923889e-02,4.694196954369544983e-02,4.713278263807296753e-02,4.741306602954864502e-02,4.701723158359527588e-02,4.724555835127830505e-02,4.747979715466499329e-02,4.698339849710464478e-02,4.764708131551742554e-02,4.763332009315490723e-02,4.758497700095176697e-02,4.782419279217720032e-02,4.811842367053031921e-02
2.985377030960427447e-02,1.049973798217251897e-05,4.659591987729072571e-02,4.662046208977699280e-02,4.719530045986175537e-02,4.674621298909187317e-02,4.734017699956893921e-02,4.706209897994995117e-02,4.742431640625000000e-02,4.748565703630447388e-02,4.719090834259986877e-02,4.760549962520599365e-02,4.783502966165542603e-02,4.782917723059654236e-02,4.784974455833435059e-02,4.820296913385391235e-02,4.790328443050384521e-02
3.001794645547418983e-02,1.045207864081021398e-05,4.628689587116241455e-02,4.658601060509681702e-02,4.661070927977561951e-02,4.671378806233406067e-02,4.694645479321479797e-02,4.687390848994255066e-02,4.719401523470878601e-02,4.702890664339065552e-02,4.725672677159309387e-02,4.747848212718963623e-02,4.760604724287986755e-02,4.766771197319030762e-02,4.767837002873420715e-02,4.788999259471893311e-02,4.768670350313186646e-02
3.018212260134411212e-02,1.049616184900514781e-05,4.674057289958000183e-02,4.695554450154304504e-02,4.691160097718238831e-02,4.728861898183822632e-02,4.695594310760498047e-02,4.653750360012054443e-02,4.714323580265045166e-02,4.725843295454978943e-02,4.738881811499595642e-02,4.754925146698951721e-02,4.760077595710754395e-02,4.799189418554306030e-02,4.819631204009056091e-02,4.780026152729988098e-02,4.806375131011009216e-02
3.034629874721402748e-02,1.048444573825690895e-05,4.646004736423492432e-02,4.672959074378013611e-02,4.666173830628395081e-02,4.681795835494995117e-02,4.706213623285293579e-02,4.721886664628982544e-02,4.711685329675674438e-02,4.757882282137870789e-02,4.727949947118759155e-02,4.793536663055419922e-02,4.772862419486045837e-02,4.761562123894691467e-02,4.748852550983428955e-02,4.769178852438926697e-02,4.798856377601623535e-02
3.051047489308394978e-02,1.047527894115773961e-05,4.642890393733978271e-02,4.637085646390914917e-02,4.643264785408973694e-02,4.702374711632728577e-02,4.697682708501815796e-02,4.727837070822715759e-02,4.739262908697128296e-02,4.753038659691810608e-02,4.729742184281349182e-02,4.736733809113502502e-02,4.771763458847999573e-02,4.769742488861083984e-02,4.765984043478965759e-02,4.803100973367691040e-02,4.794715344905853271e-02
3.067465103895387207e-02,1.046986835717689246e-05,4.669548571109771729e-02,4.685359448194503784e-02,4.645285010337829590e-02,4.668638482689857483e-02,4.711883515119552612e-02,4.720016941428184509e-02,4.726280272006988525e-02,4.725486412644386292e-02,4.730397462844848633e-02,4.743522033095359802e-02,4.763484001159667969e-02,4.712286964058876038e-02,4.747632890939712524e-02,4.814094677567481995e-02,4.767652601003646851e-02
3.083882718482378743e-02,1.047555633704178035e-05,4.633945971727371216e-02,4.700246453285217285e-02,4.640017822384834290e-02,4.722376912832260132e-02,4.664655402302742004e-02,4.726435244083404541e-02,4.731710627675056458e-02,4.761678725481033325e-02,4.737416654825210571e-02,4.767525941133499146e-02,4.767892137169837952e-02,4.751541465520858765e-02,4.807132855057716370e-02,4.786704480648040771e-02,4.768888279795646667e-02
3.100300333069370973e-02,1.048001649905927479e-05,4.656424000859260559e-02,4.695194959640502930e-02,4.693663865327835083e-02,4.662012308835983276e-02,4.731672257184982300e-02,4.703988134860992432e-02,4.663934931159019470e-02,4.744818806648254395e-02,4.727860540151596069e-02,4.759350791573524475e-02,4.777235165238380432e-02,4.743262380361557007e-02,4.772346466779708862e-02,4.814936220645904541e-02,4.803492128849029541e-02
3.116717947656362508e-02,1.047648129315348342e-05,4.661615565419197083e-02,4.626304283738136292e-02,4.691438376903533936e-02,4.739677906036376953e-02,4.675298929214477539e-02,4.703100398182868958e-02,4.707796871662139893e-02,4.732065275311470032e-02,4.751226305961608887e-02,4.758359491825103760e-02,4.771886020898818970e-02,4.768563434481620789e-02,4.760189354419708252e-02,4.773662239313125610e-02,4.771206900477409363e-02
3.133135562243354738e-02,1.048748617904493585e-05,4.660775512456893921e-02,4.638446867465972900e-02,4.655706137418746948e-02,4.685800150036811829e-02,4.699657112360000610e-02,4.739280045032501221e-02,4.689896479249000549e-02,4.727546870708465576e-02,4.721744731068611145e-02,4.744471237063407898e-02,4.781418666243553162e-02,4.777111858129501343e-02,4.806184023618698120e-02,4.784918576478958130e-02,4.829016327857971191e-02
3.149553176830346968e-02,1.047396835929248482e-05,4.621237516403198242e-02,4.678047075867652893e-02,4.664261639118194580e-02,4.690058156847953796e-02,4.710544273257255554e-02,4.699725285172462463e-02,4.710462689399719238e-02,4.731736332178115845e-02,4.716476798057556152e-02,4.782067611813545227e-02,4.751122370362281799e-02,4.771149531006813049e-02,4.799329116940498352e-02,4.778229072690010071e-02,4.784494265913963318e-02
3.165970791417338503e-02,1.048525882652029395e-05,4.666746407747268677e-02,4.704992845654487610e-02,4.684563353657722473e-02,4.689066484570503235e-02,4.662534967064857483e-02,4.730760306119918823e-02,4.719691723585128784e-02,4.783206433057785034e-02,4.710668325424194336e-02,4.760774224996566772e-02,4.759942367672920227e-02,4.756512492895126343e-02,4.792639985680580139e-02,4.801889508962631226e-02,4.780398681759834290e-02
3.182388406004330039e-02,1.048103149514645338e-05,4.667188599705696106e-02,4.707812145352363586e-02,4.680965468287467957e-02,4.646788910031318665e-02,4.720191657543182373e-02,4.703394696116447449e-02,4.725939407944679260e-02,4.742881283164024353e-02,4.737031459808349609e-02,4.723651707172393799e-02,4.780864343047142029e-02,4.775197058916091919e-02,4.793231934309005737e-02,4.780585691332817078e-02,4.779639095067977905e-02
3.198806020591322269e-02,1.046540728566469625e-05,4.647053405642509460e-02,4.686964675784111023e-02,4.649509117007255554e-02,4.697215929627418518e-02,4.692593961954116821e-02,4.729878902435302734e-02,4.721616208553314209e-02,4.753513634204864502e-02,4.734193906188011169e-02,4.729449748992919922e-02,4.736779257655143738e-02,4.767185822129249573e-02,4.792072996497154236e-02,4.755261167883872986e-02,4.769631102681159973e-02
3.215223635178314499e-02,1.046658508130349219e-05,4.636007919907569885e-02,4.697256535291671753e-02,4.677713662385940552e-02,4.685135558247566223e-02,4.665240272879600525e-02,4.685496911406517029e-02,4.685869440436363220e-02,4.716389998793601990e-02,4.755821451544761658e-02,4.748708009719848633e-02,4.799756407737731934e-02,4.799642041325569153e-02,4.767348617315292358e-02,4.754544422030448914e-02,4.775807261466979980e-02
3.231641249765306034e-02,1.048554713634075597e-05,4.651542007923126221e-02,4.703336581587791443e-02,4.678665474057197571e-02,4.682853072881698608e-02,4.671277478337287903e-02,4.694713652133941650e-02,4.724976792931556702e-02,4.738735407590866089e-02,4.745852574706077576e-02,4.743233695626258850e-02,4.776034131646156311e-02,4.744815826416015625e-02,4.822685942053794861e-02,4.798505827784538269e-02,4.811627790331840515e-02
3.248058864352298264e-02,1.047155819833278656e-05,4.662073403596878052e-02,4.680533334612846375e-02,4.663154482841491699e-02,4.679092019796371460e-02,4.706998914480209351e-02,4.731012135744094849e-02,4.727474227547645569e-02,4.747339338064193726e-02,4.742236807942390442e-02,4.731713607907295227e-02,4.748796671628952026e-02,4.763353243470191956e-02,4.789100587368011475e-02,4.749841243028640747e-02,4.804434627294540405e-02
3.264476478939290494e-02,1.048970170813845471e-05,4.672079533338546753e-02,4.678603261709213257e-02,4.674461856484413147e-02,4.659902304410934448e-02,4.733647778630256653e-02,4.715226218104362488e-02,4.733110964298248291e-02,4.735114052891731262e-02,4.766752198338508606e-02,4.754364863038063049e-02,4.747928678989410400e-02,4.781705886125564575e-02,4.770065844058990479e-02,4.791216179728507996e-02,4.782396554946899414e-02
3.280894093526282029e-02,1.048107878887094557e-05,4.698807746171951294e-02,4.654170945286750793e-02,4.688841477036476135e-02,4.657097905874252319e-02,4.719572141766548157e-02,4.703805223107337952e-02,4.700697585940361023e-02,4.744851589202880859e-02,4.732140898704528809e-02,4.755642265081405640e-02,4.768602922558784485e-02,4.768255352973937988e-02,4.762693494558334351e-02,4.775241017341613770e-02,4.813494533300399780e-02
3.297311708113273565e-02,1.046837951435009018e-05,4.680604860186576843e-02,4.641725495457649231e-02,4.685011506080627441e-02,4.693060368299484253e-02,4.724790528416633606e-02,4.715606570243835449e-02,4.709640145301818848e-02,4.741885513067245483e-02,4.702955111861228943e-02,4.714808613061904907e-02,4.726161807775497437e-02,4.762784764170646667e-02,4.786740615963935852e-02,4.762074723839759827e-02,4.817129671573638916e-02
3.313729322700266489e-02,1.047107798513025045e-05,4.649978503584861755e-02,4.672871902585029602e-02,4.647822678089141846e-02,4.680309817194938660e-02,4.694363847374916077e-02,4.714296385645866394e-02,4.733252525329589844e-02,4.720048978924751282e-02,4.762304946780204773e-02,4.730819165706634521e-02,4.768047854304313660e-02,4.754056036472320557e-02,4.769849032163619995e-02,4.767493158578872681e-02,4.787195846438407898e-02
3.330146937287258024e-02,1.046086345013463870e-05,4.658802226185798645e-02,4.665239527821540833e-02,4.680569469928741455e-02,4.674198850989341736e-02,4.705794900655746460e-02,4.702435061335563660e-02,4.688251018524169922e-02,4.705702513456344604e-02,4.742991924285888672e-02,4.698435217142105103e-02,4.736845567822456360e-02,4.746807739138603210e-02,4.763403162360191345e-02,4.774285852909088135e-02,4.835558310151100159e-02
3.346564551874249560e-02,1.048465310304891318e-05,4.636262357234954834e-02,4.680148884654045105e-02,4.678251221776008606e-02,4.677830263972282410e-02,4.708674922585487366e-02,4.709726199507713318e-02,4.748807847499847412e-02,4.715073853731155396e-02,4.778511822223663330e-02,4.765557497739791870e-02,4.745479300618171692e-02,4.758667200803756714e-02,4.791099205613136292e-02,4.808282479643821716e-02,4.797888174653053284e-02
3.362982166461241790e-02,1.047223759087501094e-05,4.681387916207313538e-02,4.667581617832183838e-02,4.660135880112648010e-02,4.694300144910812378e-02,4.711054265499114990e-02,4.709029197692871094e-02,4.712693765759468079e-02,4.727552831172943115e-02,4.719073697924613953e-02,4.715347662568092346e-02,4.758080467581748962e-02,4.791379347443580627e-02,4.759054630994796753e-02,4.772684350609779358e-02,4.793468490242958069e-02
3.379399781048234019e-02,1.048216108756605536e-05,4.649968072772026062e-02,4.663388431072235107e-02,4.682324081659317017e-02,4.676058888435363770e-02,4.701632261276245117e-02,4.709480330348014832e-02,4.748194292187690735e-02,4.724279046058654785e-02,4.745124652981758118e-02,4.757731035351753235e-02,4.770956933498382568e-02,4.730013012886047363e-02,4.782567173242568970e-02,4.804404824972152710e-02,4.813807085156440735e-02
3.395817395635225555e-02,1.047394925990374759e-05,4.676179587841033936e-02,4.675990343093872070e-02,4.701007157564163208e-02,4.716486111283302307e-02,4.687426984310150146e-02,4.684542492032051086e-02,4.733433946967124939e-02,4.732310026884078979e-02,4.724766314029693604e-02,4.755434766411781311e-02,4.759147018194198608e-02,4.755834490060806274e-02,4.747661575675010681e-02,4.781183972954750061e-02,4.769178107380867004e-02
3.412235010222217091e-02,1.047839759849011898e-05,4.676806926727294922e-02,4.665636271238327026e-02,4.668800905346870422e-02,4.686066508293151855e-02,4.697811603546142578e-02,4.701152816414833069e-02,4.750162735581398010e-02,4.720662161707878113e-02,4.737375304102897644e-02,4.715050756931304932e-02,4.793746769428253174e-02,4.750943556427955627e-02,4.784562811255455017e-02,4.767049849033355713e-02,4.831298813223838806e-02
3.428652624809210014e-02,1.046717898134374991e-05,4.656198620796203613e-02,4.665338993072509766e-02,4.691110178828239441e-02,4.659162089228630066e-02,4.693590849637985229e-02,4.653973132371902466e-02,4.710169881582260132e-02,4.704941436648368835e-02,4.763482511043548584e-02,4.744742810726165771e-02,4.758947342634201050e-02,4.756576195359230042e-02,4.764393344521522522e-02,4.813428968191146851e-02,4.797669127583503723e-02
3.445070239396201550e-02,1.046765646606218070e-05,4.666482657194137573e-02,4.639484360814094543e-02,4.702777042984962463e-02,4.701147973537445068e-02,4.681305587291717529e-02,4.717221483588218689e-02,4.703478887677192688e-02,4.753124341368675232e-02,4.739263653755187988e-02,4.765449836850166321e-02,4.756535962224006653e-02,4.735282063484191895e-02,4.756831005215644836e-02,4.734934121370315552e-02,4.795249551534652710e-02
3.461487853983193086e-02,1.048204012477071956e-05,4.684920608997344971e-02,4.682467132806777954e-02,4.699271544814109802e-02,4.703055694699287415e-02,4.680595174431800842e-02,4.693733528256416321e-02,4.680176451802253723e-02,4.755745083093643188e-02,4.751131311058998108e-02,4.740333557128906250e-02,4.727062210440635681e-02,4.792641848325729370e-02,4.774032905697822571e-02,4.780572652816772461e-02,4.793342575430870056e-02
3.477905468570185316e-02,1.047330351866548881e-05,4.662354663014411926e-02,4.722029343247413635e-02,4.665534943342208862e-02,4.715677723288536072e-02,4.692085459828376770e-02,4.738205671310424805e-02,4.712190851569175720e-02,4.730083420872688293e-02,4.749800264835357666e-02,4.700062423944473267e-02,4.727592319250106812e-02,4.791571572422981262e-02,4.722724109888076782e-02,4.797397926449775696e-02,4.790242016315460205e-02
3.494323083157177545e-02,1.046350644173799083e-05,4.659163206815719604e-02,4.683297500014305115e-02,4.675970971584320068e-02,4.701702296733856201e-02,4.691873118281364441e-02,4.703342914581298828e-02,4.699777066707611084e-02,4.710780084133148193e-02,4.731247574090957642e-02,4.750810563564300537e-02,4.764442145824432373e-02,4.757962375879287720e-02,4.743459075689315796e-02,4.802643135190010071e-02,4.783050715923309326e-02
3.510740697744169081e-02,1.048550257110036910e-05,4.663614183664321899e-02,4.660014435648918152e-02,4.665108770132064819e-02,4.695397242903709412e-02,4.749894514679908752e-02,4.715178161859512329e-02,4.725195467472076416e-02,4.719030484557151794e-02,4.738204181194305420e-02,4.759395122528076172e-02,4.744258895516395569e-02,4.767463728785514832e-02,4.782881215214729309e-02,4.782025516033172607e-02,4.791713878512382507e-02
3.527158312331161311e-02,1.048506601364351809e-05,4.661090299487113953e-02,4.642565175890922546e-02,4.663372039794921875e-02,4.686591401696205139e-02,4.691383987665176392e-02,4.716494306921958923e-02,4.732472449541091919e-02,4.752312228083610535e-02,4.735838621854782104e-02,4.757092520594596863e-02,4.794019460678100586e-02,4.763817042112350464e-02,4.770171269774436951e-02,4.803586378693580627e-02,4.773710668087005615e-02
3.543575926918153540e-02,1.049345246428856626e-05,4.698579385876655579e-02,4.661455377936363220e-02,4.690558835864067078e-02,4.705949872732162476e-02,4.711269214749336243e-02,4.689467698335647583e-02,4.733726009726524353e-02,4.707764461636543274e-02,4.746133834123611450e-02,4.768885299563407898e-02,4.756924510002136230e-02,4.834033176302909851e-02,4.764661192893981934e-02,4.756665602326393127e-02,4.817093536257743835e-02
3.559993541505145076e-02,1.045982116920640692e-05,4.673914983868598938e-02,4.711125418543815613e-02,4.692215099930763245e-02,4.683113098144531250e-02,4.690352454781532288e-02,4.658212885260581970e-02,4.718357697129249573e-02,4.756197705864906311e-02,4.712232947349548340e-02,4.737469553947448730e-02,4.739523306488990784e-02,4.736278578639030457e-02,4.730301350355148315e-02,4.831335693597793579e-02,4.761780425906181335e-02
3.576411156092136612e-02,1.046843954100040719e-05,4.669863358139991760e-02,4.702649638056755066e-02,4.672330990433692932e-02,4.679607599973678589e-02,4.705793783068656921e-02,4.752790555357933044e-02,4.718674346804618835e-02,4.685981571674346924e-02,4.748973622918128967e-02,4.757804051041603088e-02,4.780415445566177368e-02,4.730448499321937561e-02,4.753463715314865112e-02,4.785304144024848938e-02,4.756637290120124817e-02
3.592828770679129535e-02,1.047814384946832433e-05,4.640991240739822388e-02,4.717770963907241821e-02,4.658217355608940125e-02,4.707384854555130005e-02,4.705991223454475403e-02,4.730503261089324951e-02,4.718184098601341248e-02,4.723910614848136902e-02,4.732550308108329773e-02,4.782419651746749878e-02,4.774496331810951233e-02,4.738943651318550110e-02,4.741314053535461426e-02,4.774306714534759521e-02,4.788364470005035400e-02
3.609246385266121071e-02,1.045718636305537075e-05,4.637075960636138916e-02,4.650096595287322998e-02,4.715715348720550537e-02,4.630744084715843201e-02,4.670837894082069397e-02,4.714212939143180847e-02,4.708017408847808838e-02,4.737146943807601929e-02,4.738853126764297485e-02,4.746037721633911133e-02,4.749501496553421021e-02,4.755637794733047485e-02,4.766287654638290405e-02,4.765721037983894348e-02,4.804321750998497009e-02
3.625663999853112607e-02,1.045792487275321037e-05,4.678056761622428894e-02,4.653763025999069214e-02,4.694536328315734863e-02,4.655425250530242920e-02,4.701992496848106384e-02,4.720110073685646057e-02,4.730537533760070801e-02,4.723108559846878052e-02,4.712064936757087708e-02,4.728472232818603516e-02,4.712356626987457275e-02,4.780951142311096191e-02,4.773257672786712646e-02,4.758309200406074524e-02,4.766468703746795654e-02
3.642081614440104836e-02,1.046969919116236269e-05,4.664137959480285645e-02,4.687693715095520020e-02,4.669506847858428955e-02,4.669461771845817566e-02,4.697436839342117310e-02,4.699018597602844238e-02,4.711441695690155029e-02,4.747670888900756836e-02,4.722493514418601990e-02,4.717699438333511353e-02,4.766301065683364868e-02,4.751748964190483093e-02,4.815354570746421814e-02,4.782865568995475769e-02,4.764886945486068726e-02
3.658499229027097066e-02,1.049144975695526227e-05,4.689655825495719910e-02,4.686614125967025757e-02,4.671373590826988220e-02,4.726464301347732544e-02,4.717703908681869507e-02,4.724342003464698792e-02,4.729568585753440857e-02,4.722106084227561951e-02,4.765887930989265442e-02,4.739455133676528931e-02,4.745704680681228638e-02,4.737742990255355835e-02,4.779744520783424377e-02,4.818552732467651367e-02,4.796262830495834351e-02
3.674916843614088602e-02,1.046124634740408510e-05,4.636627063155174255e-02,4.656433314085006714e-02,4.711044207215309143e-02,4.661637172102928162e-02,4.702736437320709229e-02,4.703933373093605042e-02,4.717294499278068542e-02,4.725432395935058594e-02,4.749335721135139465e-02,4.742101952433586121e-02,4.726111516356468201e-02,4.782684519886970520e-02,4.727914929389953613e-02,4.770294576883316040e-02,4.812638834118843079e-02
3.691334458201080831e-02,1.048371359502198175e-05,4.681018367409706116e-02,4.635544493794441223e-02,4.722206294536590576e-02,4.699081555008888245e-02,4.745829105377197266e-02,4.686013981699943542e-02,4.715425521135330200e-02,4.719212278723716736e-02,4.746209457516670227e-02,4.750158265233039856e-02,4.761164262890815735e-02,4.766023904085159302e-02,4.774076864123344421e-02,4.814182966947555542e-02,4.796631634235382080e-02
3.707752072788073061e-02,1.045697172230575234e-05,4.650460928678512573e-02,4.679531231522560120e-02,4.703655466437339783e-02,4.687394574284553528e-02,4.660649970173835754e-02,4.709570854902267456e-02,4.713643342256546021e-02,4.711192473769187927e-02,4.711154103279113770e-02,4.764408245682716370e-02,4.738858714699745178e-02,4.775446653366088867e-02,4.744865745306015015e-02,4.760231822729110718e-02,4.772444069385528564e-02
3.724169687375064597e-02,1.045646968123037368e-05,4.681660979986190796e-02,4.648378118872642517e-02,4.659291356801986694e-02,4.664577543735504150e-02,4.696956276893615723e-02,4.714529961347579956e-02,4.683841764926910400e-02,4.757627099752426147e-02,4.724470898509025574e-02,4.734870418906211853e-02,4.742401093244552612e-02,4.754914343357086182e-02,4.754168912768363953e-02,4.772018268704414368e-02,4.792668670415878296e-02
3.740587301962056133e-02,1.044188411469804123e-05,4.644726961851119995e-02,4.656992480158805847e-02,4.691971465945243835e-02,4.705490171909332275e-02,4.706832766532897949e-02,4.733677953481674194e-02,4.687793552875518799e-02,4.693930223584175110e-02,4.703782126307487488e-02,4.772001504898071289e-02,4.723466932773590088e-02,4.790324345231056213e-02,4.725065827369689941e-02,4.759844392538070679e-02,4.730088636279106140e-02
3.757004916549048362e-02,1.049415459419833496e-05,4.709322750568389893e-02,4.705173149704933167e-02,4.693021997809410095e-02,4.734988510608673096e-02,4.739201068878173828e-02,4.719859734177589417e-02,4.728746041655540466e-02,4.707356542348861694e-02,4.732930660247802734e-02,4.752542451024055481e-02,4.751350730657577515e-02,4.770371690392494202e-02,4.753090441226959229e-02,4.782431572675704956e-02,4.773532226681709290e-02
3.773422531136040592e-02,1.046149827743647620e-05,4.686619341373443604e-02,4.695720225572586060e-02,4.678460955619812012e-02,4.700986668467521667e-02,4.733539745211601257e-02,4.657922312617301941e-02,4.694584384560585022e-02,4.696588218212127686e-02,4.735390841960906982e-02,4.748838022351264954e-02,4.751903563737869263e-02,4.739467799663543701e-02,4.762790352106094360e-02,4.767197370529174805e-02,4.780943691730499268e-02
3.789840145723032128e-02,1.045846056513255462e-05,4.634967446327209473e-02,4.668729379773139954e-02,4.658354446291923523e-02,4.706408455967903137e-02,4.699428379535675049e-02,4.700418189167976379e-02,4.736516997218132019e-02,4.723164439201354980e-02,4.711774364113807678e-02,4.759117960929870605e-02,4.768710210919380188e-02,4.749976471066474915e-02,4.742832481861114502e-02,4.745775461196899414e-02,4.786316305398941040e-02
3.806257760310024357e-02,1.054243875842075795e-05,4.721770435571670532e-02,4.704049602150917053e-02,4.688829183578491211e-02,4.728357121348381042e-02,4.744511842727661133e-02,4.742334410548210144e-02,4.756680503487586975e-02,4.748101904988288879e-02,4.781331121921539307e-02,4.755596816539764404e-02,4.783967509865760803e-02,4.775702208280563354e-02,4.795547202229499817e-02,4.815043881535530090e-02,4.834550991654396057e-02
3.822675374897016587e-02,1.051636809279443696e-05,4.693543165922164917e-02,4.724444821476936340e-02,4.697015881538391113e-02,4.726684466004371643e-02,4.704584926366806030e-02,4.713217541575431824e-02,4.745480045676231384e-02,4.745173081755638123e-02,4.758008569478988647e-02,4.760102927684783936e-02,4.793582111597061157e-02,4.788772761821746826e-02,4.772425442934036255e-02,4.795973747968673706e-02,4.804777726531028748e-02
3.839092989484008123e-02,1.050073842634446919e-05,4.663155600428581238e-02,4.683582484722137451e-02,4.719826951622962952e-02,4.734876006841659546e-02,4.697301983833312988e-02,4.744959622621536255e-02,4.742833971977233887e-02,4.738401621580123901e-02,4.748931899666786194e-02,4.770266637206077576e-02,4.758811742067337036e-02,4.765725508332252502e-02,4.816244170069694519e-02,4.754078015685081482e-02,4.785626754164695740e-02
3.855510604070999658e-02,1.048976719175698236e-05,4.667457565665245056e-02,4.659251123666763306e-02,4.702280461788177490e-02,4.711779206991195679e-02,4.723792895674705505e-02,4.716634005308151245e-02,4.725614190101623535e-02,4.753872379660606384e-02,4.739483818411827087e-02,4.738827049732208252e-02,4.790687561035156250e-02,4.783467203378677368e-02,4.764195159077644348e-02,4.761625826358795166e-02,4.798536002635955811e-02
3.871928218657992582e-02,1.048942795023322105e-05,4.679543152451515198e-02,4.669404402375221252e-02,4.676457121968269348e-02,4.721358790993690491e-02,4.703288152813911438e-02,4.705203324556350708e-02,4.742050170898437500e-02,4.757441207766532898e-02,4.736184328794479370e-02,4.745007678866386414e-02,4.769720882177352905e-02,4.778180271387100220e-02,4.774943366646766663e-02,4.789299145340919495e-02,4.785784333944320679e-02
3.888345833244984118e-02,1.046639772539492697e-05,4.694278538227081299e-02,4.662044346332550049e-02,4.683227837085723877e-02,4.693676158785820007e-02,4.703534021973609924e-02,4.716176912188529968e-02,4.728371649980545044e-02,4.705373570322990417e-02,4.720661044120788574e-02,4.746517539024353027e-02,4.757978394627571106e-02,4.736454784870147705e-02,4.786809533834457397e-02,4.728456214070320129e-02,4.804592579603195190e-02
3.904763447831975653e-02,1.045410317601636052e-05,4.654926434159278870e-02,4.670209810137748718e-02,4.644910246133804321e-02,4.690294340252876282e-02,4.687355831265449524e-02,4.725412651896476746e-02,4.726851731538772583e-02,4.726446047425270081e-02,4.750828072428703308e-02,4.718429595232009888e-02,4.761156812310218811e-02,4.731922596693038940e-02,4.745094105601310730e-02,4.732701182365417480e-02,4.795645549893379211e-02
3.921181062418967883e-02,1.045882981998147443e-05,4.665611311793327332e-02,4.658499360084533691e-02,4.699980840086936951e-02,4.708589985966682434e-02,4.687589779496192932e-02,4.733370244503021240e-02,4.701853170990943909e-02,4.719014838337898254e-02,4.759963601827621460e-02,4.765198379755020142e-02,4.733471199870109558e-02,4.732327535748481750e-02,4.783380031585693359e-02,4.745375737547874451e-02,4.758747294545173645e-02
3.937598677005960113e-02,1.045268345478689298e-05,4.675462469458580017e-02,4.671507328748703003e-02,4.700835049152374268e-02,4.685207083821296692e-02,4.708730056881904602e-02,4.703974723815917969e-02,4.726002737879753113e-02,4.733506962656974792e-02,4.724417626857757568e-02,4.689679294824600220e-02,4.755068197846412659e-02,4.753842949867248535e-02,4.724776744842529297e-02,4.753736034035682678e-02,4.776016250252723694e-02
3.954016291592951649e-02,1.041136329149594530e-05,4.637644439935684204e-02,4.663195461034774780e-02,4.672357812523841858e-02,4.644834995269775391e-02,4.690466448664665222e-02,4.702877998352050781e-02,4.691885039210319519e-02,4.701751098036766052e-02,4.690016061067581177e-02,4.734195396304130554e-02,4.683720320463180542e-02,4.762024059891700745e-02,4.745890945196151733e-02,4.720613732933998108e-02,4.740631580352783203e-02
3.970433906179943878e-02,1.040674669638974592e-05,4.640549421310424805e-02,4.691066220402717590e-02,4.630398005247116089e-02,4.659321531653404236e-02,4.664743319153785706e-02,4.701945930719375610e-02,4.689583182334899902e-02,4.681823030114173889e-02,4.748350754380226135e-02,4.717051610350608826e-02,4.731668531894683838e-02,4.722058773040771484e-02,4.729311913251876831e-02,4.732849448919296265e-02,4.723873361945152283e-02
3.986851520766936108e-02,1.043460724758915603e-05,4.657934233546257019e-02,4.660302400588989258e-02,4.694526642560958862e-02,4.698633402585983276e-02,4.690057784318923950e-02,4.679632931947708130e-02,4.728116467595100403e-02,4.729506745934486389e-02,4.707578197121620178e-02,4.673877730965614319e-02,4.727622866630554199e-02,4.747251421213150024e-02,4.740037024021148682e-02,4.754963889718055725e-02,4.748857021331787109e-02
4.003269135353927644e-02,1.043545489665120840e-05,4.672349989414215088e-02,4.702852293848991394e-02,4.667003080248832703e-02,4.677248746156692505e-02,4.642467945814132690e-02,4.680580645799636841e-02,4.697465151548385620e-02,4.694034904241561890e-02,4.716712608933448792e-02,4.758489876985549927e-02,4.765014350414276123e-02,4.756915569305419922e-02,4.741010442376136780e-02,4.761710017919540405e-02,4.737335816025733948e-02
4.019686749940919179e-02,1.041419636749196798e-05,4.682696610689163208e-02,4.633526131510734558e-02,4.682339727878570557e-02,4.651127010583877563e-02,4.674517735838890076e-02,4.692968726158142090e-02,4.686523973941802979e-02,4.708913713693618774e-02,4.741288349032402039e-02,4.716169834136962891e-02,4.704421013593673706e-02,4.735767468810081482e-02,4.729801043868064880e-02,4.752596095204353333e-02,4.761563986539840698e-02
4.036104364527912103e-02,1.039070230035576969e-05,4.652338102459907532e-02,4.645618796348571777e-02,4.678231477737426758e-02,4.682745784521102905e-02,4.635235667228698730e-02,4.673570394515991211e-02,4.700775444507598877e-02,4.690759256482124329e-02,4.673361405730247498e-02,4.682521149516105652e-02,4.742021858692169189e-02,4.721524566411972046e-02,4.735023155808448792e-02,4.736521467566490173e-02,4.728055372834205627e-02
4.052521979114903639e-02,1.040952975017717108e-05,4.633611813187599182e-02,4.668479785323143005e-02,4.688481986522674561e-02,4.680479317903518677e-02,4.692732542753219604e-02,4.704681411385536194e-02,4.652827605605125427e-02,4.712408035993576050e-02,4.731657728552818298e-02,4.744425043463706970e-02,4.692775756120681763e-02,4.699642956256866455e-02,4.733216762542724609e-02,4.731881991028785706e-02,4.749315232038497925e-02
4.068939593701895174e-02,1.038576556311454624e-05,4.639875143766403198e-02,4.675456881523132324e-02,4.649939015507698059e-02,4.638266190886497498e-02,4.670502245426177979e-02,4.678905382752418518e-02,4.671395570039749146e-02,4.682713001966476440e-02,4.732492566108703613e-02,4.714332893490791321e-02,4.684366658329963684e-02,4.708403721451759338e-02,4.723205044865608215e-02,4.718427732586860657e-02,4.755523055791854858e-02
4.085357208288887404e-02,1.039493599819252267e-05,4.617782309651374817e-02,4.644288122653961182e-02,4.672665521502494812e-02,4.670090600848197937e-02,4.688512161374092102e-02,4.689519852399826050e-02,4.685366898775100708e-02,4.692474752664566040e-02,4.687846451997756958e-02,4.692428931593894958e-02,4.732697829604148865e-02,4.710634797811508179e-02,4.693445935845375061e-02,4.769400879740715027e-02,4.744387790560722351e-02
4.101774822875879634e-02,1.040401275531621650e-05,4.641610011458396912e-02,4.640022665262222290e-02,4.648023843765258789e-02,4.671579599380493164e-02,4.691302031278610229e-02,4.694058001041412354e-02,4.704853892326354980e-02,4.676576331257820129e-02,4.728707298636436462e-02,4.725612699985504150e-02,4.683742672204971313e-02,4.731542989611625671e-02,4.737642034888267517e-02,4.725898429751396179e-02,4.754517227411270142e-02
4.118192437462871169e-02,1.040551796904765069e-05,4.636696353554725647e-02,4.643709957599639893e-02,4.633328318595886230e-02,4.707927256822586060e-02,4.658659920096397400e-02,4.701970145106315613e-02,4.682410880923271179e-02,4.686040803790092468e-02,4.719311743974685669e-02,4.723920300602912903e-02,4.687560722231864929e-02,4.724879935383796692e-02,4.739525541663169861e-02,4.725788906216621399e-02,4.759928956627845764e-02
4.134610052049863399e-02,1.042444637278094888e-05,4.669257625937461853e-02,4.684620723128318787e-02,4.660924524068832397e-02,4.666924849152565002e-02,4.680743813514709473e-02,4.706933721899986267e-02,4.678029567003250122e-02,4.740511998534202576e-02,4.698376357555389404e-02,4.733644425868988037e-02,4.672716557979583740e-02,4.745731502771377563e-02,4.743603244423866272e-02,4.789995402097702026e-02,4.739206284284591675e-02
4.151027666636855629e-02,1.043671909428667277e-05,4.673799872398376465e-02,4.683019593358039856e-02,4.704368114471435547e-02,4.698497056961059570e-02,4.736547544598579407e-02,4.701467975974082947e-02,4.716641083359718323e-02,4.688211530447006226e-02,4.740604385733604431e-02,4.732318595051765442e-02,4.719428718090057373e-02,4.699294269084930420e-02,4.700775444507598877e-02,4.738162830471992493e-02,4.710181057453155518e-02
4.167445281223847164e-02,1.042129224515520036e-05,4.674704372882843018e-02,4.642101749777793884e-02,4.668886214494705200e-02,4.692595824599266052e-02,4.696851596236228943e-02,4.679513722658157349e-02,4.694933071732521057e-02,4.703973978757858276e-02,4.712345823645591736e-02,4.706235975027084351e-02,4.743432626128196716e-02,4.738730937242507935e-02,4.727348685264587402e-02,4.760539904236793518e-02,4.742288216948509216e-02
4.183862895810838700e-02,1.041356063069542870e-05,4.664693772792816162e-02,4.657551273703575134e-02,4.678304865956306458e-02,4.684051498770713806e-02,4.673529788851737976e-02,4.671081155538558960e-02,4.659643769264221191e-02,4.676350951194763184e-02,4.708003997802734375e-02,4.735829681158065796e-02,4.753911867737770081e-02,4.732555896043777466e-02,4.759338870644569397e-02,4.723729193210601807e-02,4.713281244039535522e-02
4.200280510397831624e-02,1.044198779709404334e-05,4.673643410205841064e-02,4.660438746213912964e-02,4.669247940182685852e-02,4.700822383165359497e-02,4.704146459698677063e-02,4.669819027185440063e-02,4.726936668157577515e-02,4.732478782534599304e-02,4.703718423843383789e-02,4.728582128882408142e-02,4.710758849978446960e-02,4.760878160595893860e-02,4.734884947538375854e-02,4.737351834774017334e-02,4.779040440917015076e-02
4.216698124984823159e-02,1.042676285578636453e-05,4.652106016874313354e-02,4.697231948375701904e-02,4.678468778729438782e-02,4.689246416091918945e-02,4.671705141663551331e-02,4.716036096215248108e-02,4.706032574176788330e-02,4.691516980528831482e-02,4.763912409543991089e-02,4.716938361525535583e-02,4.705958813428878784e-02,4.757325723767280579e-02,4.719319939613342285e-02,4.729253053665161133e-02,4.737899079918861389e-02
4.233115739571814695e-02,1.044733380695106462e-05,4.683793336153030396e-02,4.670730233192443848e-02,4.648316651582717896e-02,4.687324911355972290e-02,4.689614474773406982e-02,4.745849221944808960e-02,4.710124805569648743e-02,4.678187519311904907e-02,4.728880152106285095e-02,4.700135439634323120e-02,4.768547043204307556e-02,4.753436893224716187e-02,4.741960391402244568e-02,4.785887524485588074e-02,4.772200062870979309e-02
4.249533354158806925e-02,1.044430973706766963e-05,4.696640372276306152e-02,4.644579812884330750e-02,4.679100587964057922e-02,4.720441624522209167e-02,4.726171121001243591e-02,4.699655622243881226e-02,4.671529680490493774e-02,4.738265648484230042e-02,4.713943973183631897e-02,4.765816032886505127e-02,4.756123572587966919e-02,4.738564044237136841e-02,4.753512516617774963e-02,4.730029404163360596e-02,4.739486053586006165e-02
4.265950968745799154e-02,1.040823826770065352e-05,4.698098078370094299e-02,4.682398587465286255e-02,4.651421308517456055e-02,4.696487635374069214e-02,4.676495864987373352e-02,4.657235369086265564e-02,4.682562127709388733e-02,4.688332974910736084e-02,4.714781045913696289e-02,4.737512022256851196e-02,4.733828827738761902e-02,4.678622260689735413e-02,4.719632491469383240e-02,4.712064191699028015e-02,4.752072319388389587e-02
4.282368583332790690e-02,1.043355769070331007e-05,4.646383970975875854e-02,4.690079018473625183e-02,4.679525643587112427e-02,4.710941016674041748e-02,4.687481746077537537e-02,4.708056896924972534e-02,4.727710783481597900e-02,4.720276221632957458e-02,4.727336019277572632e-02,4.748309403657913208e-02,4.728404060006141663e-02,4.672572761774063110e-02,4.717108234763145447e-02,4.742466658353805542e-02,4.753831773996353149e-02
4.298786197919782920e-02,1.044241707859328017e-05,4.665630310773849487e-02,4.721296578645706177e-02,4.705197364091873169e-02,4.686661437153816223e-02,4.697917774319648743e-02,4.702245816588401794e-02,4.731747135519981384e-02,4.708066210150718689e-02,4.716325551271438599e-02,4.728223010897636414e-02,4.731599614024162292e-02,4.742375761270523071e-02,4.690074920654296875e-02,4.739641398191452026e-02,4.767961800098419189e-02
4.315203812506775150e-02,1.042008807417005301e-05,4.670037329196929932e-02,4.679002240300178528e-02,4.673437029123306274e-02,4.656566306948661804e-02,4.727197438478469849e-02,4.679154232144355774e-02,4.665364697575569153e-02,4.745548963546752930e-02,4.686850309371948242e-02,4.752146825194358826e-02,4.736877232789993286e-02,4.712931066751480103e-02,4.744907841086387634e-02,4.716104269027709961e-02,4.736533015966415405e-02
4.331621427093766685e-02,1.040961433318443596e-05,4.668618366122245789e-02,4.669041559100151062e-02,4.671915993094444275e-02,4.695781320333480835e-02,4.685427621006965637e-02,4.674042761325836182e-02,4.678438603878021240e-02,4.718827828764915466e-02,4.697388038039207458e-02,4.745526984333992004e-02,4.744417965412139893e-02,4.707920178771018982e-02,4.735996201634407043e-02,4.695747420191764832e-02,4.740329459309577942e-02
4.348039041680758221e-02,1.040926417772425339e-05,4.648264497518539429e-02,4.674643650650978088e-02,4.660189151763916016e-02,4.670389741659164429e-02,4.663366451859474182e-02,4.674572870135307312e-02,4.685169085860252380e-02,4.656705632805824280e-02,4.714953154325485229e-02,4.724965617060661316e-02,4.734237864613533020e-02,4.734306037425994873e-02,4.736903309822082520e-02,4.763868078589439392e-02,4.758704826235771179e-02
4.364456656267751145e-02,1.041353880282258615e-05,4.664064943790435791e-02,4.660148918628692627e-02,4.701721295714378357e-02,4.648851975798606873e-02,4.704314470291137695e-02,4.687040299177169800e-02,4.686443880200386047e-02,4.734058678150177002e-02,4.692776873707771301e-02,4.722326248884201050e-02,4.710847139358520508e-02,4.721760004758834839e-02,4.724774882197380066e-02,4.752360284328460693e-02,4.716369137167930603e-02
4.380874270854742680e-02,1.040710048982873559e-05,4.625812172889709473e-02,4.678004607558250427e-02,4.685434699058532715e-02,4.673168063163757324e-02,4.697545617818832397e-02,4.667843878269195557e-02,4.668561741709709167e-02,4.704815521836280823e-02,4.682776704430580139e-02,4.720630124211311340e-02,4.726621881127357483e-02,4.734289646148681641e-02,4.725541174411773682e-02,4.738834500312805176e-02,4.761515930294990540e-02
4.397291885441734216e-02,1.041972518578404561e-05,4.680748283863067627e-02,4.737461730837821960e-02,4.656846448779106140e-02,4.667555540800094604e-02,4.693202301859855652e-02,4.700784385204315186e-02,4.697045311331748962e-02,4.723256453871726990e-02,4.697579145431518555e-02,4.695611074566841125e-02,4.714123904705047607e-02,4.699299857020378113e-02,4.745975881814956665e-02,4.750167205929756165e-02,4.742709919810295105e-02
4.413709500028726446e-02,1.042663279804401100e-05,4.665589705109596252e-02,4.678263515233993530e-02,4.697154834866523743e-02,4.707165062427520752e-02,4.683382436633110046e-02,4.702678695321083069e-02,4.701608791947364807e-02,4.741956293582916260e-02,4.715907201170921326e-02,4.716409742832183838e-02,4.707319289445877075e-02,4.703732579946517944e-02,4.714969918131828308e-02,4.771602153778076172e-02,4.735341668128967285e-02
4.430127114615718675e-02,1.043157408275874332e-05,4.703926295042037964e-02,4.671720415353775024e-02,4.665477573871612549e-02,4.715824127197265625e-02,4.697321727871894836e-02,4.699216410517692566e-02,4.684637114405632019e-02,4.718338325619697571e-02,4.709433019161224365e-02,4.731152579188346863e-02,4.704749956727027893e-02,4.716823622584342957e-02,4.752923920750617981e-02,4.749353975057601929e-02,4.745758697390556335e-02
4.446544729202710211e-02,1.042394615069497377e-05,4.673364385962486267e-02,4.714842885732650757e-02,4.655368253588676453e-02,4.702068120241165161e-02,4.679447039961814880e-02,4.709152877330780029e-02,4.677613824605941772e-02,4.715906083583831787e-02,4.704113677144050598e-02,4.706132411956787109e-02,4.706543311476707458e-02,4.728357866406440735e-02,4.713835194706916809e-02,4.721726104617118835e-02,4.772398620843887329e-02
4.462962343789702441e-02,1.044188229570863768e-05,4.660562053322792053e-02,4.703648388385772705e-02,4.655377939343452454e-02,4.716379567980766296e-02,4.733069986104965210e-02,4.668167978525161743e-02,4.693222045898437500e-02,4.719361290335655212e-02,4.733323678374290466e-02,4.702825471758842468e-02,4.760022088885307312e-02,4.733346030116081238e-02,4.759520292282104492e-02,4.743338376283645630e-02,4.718597233295440674e-02
4.479379958376694670e-02,1.041662380885099992e-05,4.673904553055763245e-02,4.707964137196540833e-02,4.641115665435791016e-02,4.704475402832031250e-02,4.689894616603851318e-02,4.692383855581283569e-02,4.718894511461257935e-02,4.741743206977844238e-02,4.710999876260757446e-02,4.681620746850967407e-02,4.712260887026786804e-02,4.714378342032432556e-02,4.705494269728660583e-02,4.709915444254875183e-02,4.741231352090835571e-02
4.495797572963686206e-02,1.042529402184300125e-05,4.678821191191673279e-02,4.626523703336715698e-02,4.688540101051330566e-02,4.697754606604576111e-02,4.677462577819824219e-02,4.703496024012565613e-02,4.752441868185997009e-02,4.731293395161628723e-02,4.730948060750961304e-02,4.706944897770881653e-02,4.701105877757072449e-02,4.756572842597961426e-02,4.734799265861511230e-02,4.726785048842430115e-02,4.706173762679100037e-02
4.512215187550677742e-02,1.043527299771085382e-05,4.695789515972137451e-02,4.690646752715110779e-02,4.716238379478454590e-02,4.704501107335090637e-02,4.681447893381118774e-02,4.708077013492584229e-02,4.715448245406150818e-02,4.715144634246826172e-02,4.717484489083290100e-02,4.737241193652153015e-02,4.722966626286506653e-02,4.725678637623786926e-02,4.700334742665290833e-02,4.749969765543937683e-02,4.739189520478248596e-02
4.528632802137670665e-02,1.041356881614774466e-05,4.640145227313041687e-02,4.672567173838615417e-02,4.653373360633850098e-02,4.695116728544235229e-02,4.767829552292823792e-02,4.690130800008773804e-02,4.677925258874893188e-02,4.702943935990333557e-02,4.681194946169853210e-02,4.696487262845039368e-02,4.687573760747909546e-02,4.787396267056465149e-02,4.706662893295288086e-02,4.723198711872100830e-02,4.752214998006820679e-02
4.545050416724662201e-02,1.039932976709678769e-05,4.687993973493576050e-02,4.682014137506484985e-02,4.685126617550849915e-02,4.703624919056892395e-02,4.683890193700790405e-02,4.695037007331848145e-02,4.704281687736511230e-02,4.727077111601829529e-02,4.688213020563125610e-02,4.691511765122413635e-02,4.701353609561920166e-02,4.675203189253807068e-02,4.729907214641571045e-02,4.694687575101852417e-02,4.718403890728950500e-02
4.561468031311653737e-02,1.040918868966400623e-05,4.675807803869247437e-02,4.664199054241180420e-02,4.677663370966911316e-02,4.684747755527496338e-02,4.658439755439758301e-02,4.676446691155433655e-02,4.695282503962516785e-02,4.698273167014122009e-02,4.691676422953605652e-02,4.715459048748016357e-02,4.747422784566879272e-02,4.710312932729721069e-02,4.745275527238845825e-02,4.730950668454170227e-02,4.721589758992195129e-02
4.577885645898645967e-02,1.040923598338849843e-05,4.700316116213798523e-02,4.717127606272697449e-02,4.709126055240631104e-02,4.661160707473754883e-02,4.661198705434799194e-02,4.692513123154640198e-02,4.746736586093902588e-02,4.680462926626205444e-02,4.702271893620491028e-02,4.652351886034011841e-02,4.698187112808227539e-02,4.707173258066177368e-02,4.703618958592414856e-02,4.740976542234420776e-02,4.725818336009979248e-02
4.594303260485638196e-02,1.038795744534581900e-05,4.673879221081733704e-02,4.652435332536697388e-02,4.640455543994903564e-02,4.658526554703712463e-02,4.693546146154403687e-02,4.690626263618469238e-02,4.678884148597717285e-02,4.672605544328689575e-02,4.747492447495460510e-02,4.709790274500846863e-02,4.694451764225959778e-02,4.714089259505271912e-02,4.692021384835243225e-02,4.694591835141181946e-02,4.726058244705200195e-02
4.610720875072629732e-02,1.038542086462257430e-05,4.676862433552742004e-02,4.657818004488945007e-02,4.665766656398773193e-02,4.682189226150512695e-02,4.655036702752113342e-02,4.710371419787406921e-02,4.677092656493186951e-02,4.680948331952095032e-02,4.702385142445564270e-02,4.686500504612922668e-02,4.733375832438468933e-02,4.709298163652420044e-02,4.713821038603782654e-02,4.734520986676216125e-02,4.698250442743301392e-02
4.627138489659621962e-02,1.039832113747252151e-05,4.652789235115051270e-02,4.695956036448478699e-02,4.695956036448478699e-02,4.699071496725082397e-02,4.674745351076126099e-02,4.692267253994941711e-02,4.694018512964248657e-02,4.710707440972328186e-02,4.705619812011718750e-02,4.718080908060073853e-02,4.681622982025146484e-02,4.689498245716094971e-02,4.700004681944847107e-02,4.692029207944869995e-02,4.745101556181907654e-02
4.643556104246614191e-02,1.038824848365038633e-05,4.651471972465515137e-02,4.723676294088363647e-02,4.648509994149208069e-02,4.693453386425971985e-02,4.682528972625732422e-02,4.702395200729370117e-02,4.713978618383407593e-02,4.669832810759544373e-02,4.698281362652778625e-02,4.689599201083183289e-02,4.681276530027389526e-02,4.698877781629562378e-02,4.676541313529014587e-02,4.740808904170989990e-02,4.706037789583206177e-02
4.659973718833605727e-02,1.037501715472899377e-05,4.718745872378349304e-02,4.666426405310630798e-02,4.643561318516731262e-02,4.678951948881149292e-02,4.666653648018836975e-02,4.714030027389526367e-02,4.712469503283500671e-02,4.703846946358680725e-02,4.681625589728355408e-02,4.644940420985221863e-02,4.636289551854133606e-02,4.703957214951515198e-02,4.685819894075393677e-02,4.730927199125289917e-02,4.708214849233627319e-02
4.676391333420597263e-02,1.039612834574654698e-05,4.646338149905204773e-02,4.657344520092010498e-02,4.688392579555511475e-02,4.692934826016426086e-02,4.698762297630310059e-02,4.701820388436317444e-02,4.681872949004173279e-02,4.700450226664543152e-02,4.673153534531593323e-02,4.678756371140480042e-02,4.720982909202575684e-02,4.703472182154655457e-02,4.767169803380966187e-02,4.724837094545364380e-02,4.693997278809547424e-02
4.692808948007590186e-02,1.038493701344123110e-05,4.700463637709617615e-02,4.690078273415565491e-02,4.666141048073768616e-02,4.652511700987815857e-02,4.683688655495643616e-02,4.675212875008583069e-02,4.644999280571937561e-02,4.714450985193252563e-02,4.732749611139297485e-02,4.683553799986839294e-02,4.707036167383193970e-02,4.698431119322776794e-02,4.674157127737998962e-02,4.718960449099540710e-02,4.708109423518180847e-02
4.709226562594581722e-02,1.038955269905272871e-05,4.672990366816520691e-02,4.681634530425071716e-02,4.634040966629981995e-02,4.713172093033790588e-02,4.679523780941963196e-02,4.711379483342170715e-02,4.702896997332572937e-02,4.658983647823333740e-02,4.714798182249069214e-02,4.679920896887779236e-02,4.683625698089599609e-02,4.707248508930206299e-02,4.673426225781440735e-02,4.737080633640289307e-02,4.709014669060707092e-02
4.725644177181573258e-02,1.035601781040895730e-05,4.635527357459068298e-02,4.647599533200263977e-02,4.658579081296920776e-02,4.659232869744300842e-02,4.685752093791961670e-02,4.696432501077651978e-02,4.647973924875259399e-02,4.696901887655258179e-02,4.678735509514808655e-02,4.704197123646736145e-02,4.682313650846481323e-02,4.712939262390136719e-02,4.683318734169006348e-02,4.705546796321868896e-02,4.719732329249382019e-02
4.742061791768565487e-02,1.036493904393864796e-05,4.647157713770866394e-02,4.658025503158569336e-02,4.669958725571632385e-02,4.681266471743583679e-02,4.683991149067878723e-02,4.654457420110702515e-02,4.669121652841567993e-02,4.692640900611877441e-02,4.714407399296760559e-02,4.690373688936233521e-02,4.678969457745552063e-02,4.716334491968154907e-02,4.708391055464744568e-02,4.703660681843757629e-02,4.679838940501213074e-02
4.758479406355557717e-02,1.037608035403536633e-05,4.699653759598731995e-02,4.656672105193138123e-02,4.681947827339172363e-02,4.668765142560005188e-02,4.673283174633979797e-02,4.694982990622520447e-02,4.699399694800376892e-02,4.684390872716903687e-02,4.674936830997467041e-02,4.705163836479187012e-02,4.646425321698188782e-02,4.746282473206520081e-02,4.704497754573822021e-02,4.688705503940582275e-02,4.672575742006301880e-02
4.774897020942549253e-02,1.035201512422645465e-05,4.639258235692977905e-02,4.664992168545722961e-02,4.671020805835723877e-02,4.661895707249641418e-02,4.667151719331741333e-02,4.710543155670166016e-02,4.695725440979003906e-02,4.666342213749885559e-02,4.651832208037376404e-02,4.684666171669960022e-02,4.668194428086280823e-02,4.693127050995826721e-02,4.692327976226806641e-02,4.706684127449989319e-02,4.701375216245651245e-02
4.791314635529541482e-02,1.038340815284755081e-05,4.647335410118103027e-02,4.652022197842597961e-02,4.675386473536491394e-02,4.721092060208320618e-02,4.680525511503219604e-02,4.655294865369796753e-02,4.715798050165176392e-02,4.683096706867218018e-02,4.707315191626548767e-02,4.691855236887931824e-02,4.710406064987182617e-02,4.674866423010826111e-02,4.648546129465103149e-02,4.725169017910957336e-02,4.705876111984252930e-02
4.807732250116533712e-02,1.036574667523382232e-05,4.653647169470787048e-02,4.680164530873298645e-02,4.683853313326835632e-02,4.684024304151535034e-02,4.647419974207878113e-02,4.631930589675903320e-02,4.664875194430351257e-02,4.667072743177413940e-02,4.651711136102676392e-02,4.701822996139526367e-02,4.713067784905433655e-02,4.710359871387481689e-02,4.682366922497749329e-02,4.695027694106101990e-02,4.729205369949340820e-02
4.824149864703525248e-02,1.035470995702780783e-05,4.700327292084693909e-02,4.627619311213493347e-02,4.677149280905723572e-02,4.662118107080459595e-02,4.706205427646636963e-02,4.675718396902084351e-02,4.644877091050148010e-02,4.685094580054283142e-02,4.679638519883155823e-02,4.750423878431320190e-02,4.680931568145751953e-02,4.709900915622711182e-02,4.695944115519523621e-02,4.681963101029396057e-02,4.634207487106323242e-02
4.840567479290516784e-02,1.033361513691488653e-05,4.646353796124458313e-02,4.642876610159873962e-02,4.696956276893615723e-02,4.645768180489540100e-02,4.645985364913940430e-02,4.660261794924736023e-02,4.652481526136398315e-02,4.695561155676841736e-02,4.712657257914543152e-02,4.638622328639030457e-02,4.634607955813407898e-02,4.669905826449394226e-02,4.693748429417610168e-02,4.704516008496284485e-02,4.692059382796287537e-02
4.856985093877509707e-02,1.033950229611946270e-05,4.667393118143081665e-02,4.647981002926826477e-02,4.654983803629875183e-02,4.673500359058380127e-02,4.670529067516326904e-02,4.664513841271400452e-02,4.642942547798156738e-02,4.650212824344635010e-02,4.692440479993820190e-02,4.684517532587051392e-02,4.693791270256042480e-02,4.648633673787117004e-02,4.679640382528305054e-02,4.689418151974678040e-02,4.674481600522994995e-02
4.873402708464501243e-02,1.031684769259300083e-05,4.619762301445007324e-02,4.613747447729110718e-02,4.675563797354698181e-02,4.649207741022109985e-02,4.697860404849052429e-02,4.670769348740577698e-02,4.671485722064971924e-02,4.621855914592742920e-02,4.674503952264785767e-02,4.685905948281288147e-02,4.679478332400321960e-02,4.674579948186874390e-02,4.662801325321197510e-02,4.706299677491188049e-02,4.652441665530204773e-02
4.889820323051492779e-02,1.034784054354531690e-05,4.659215733408927917e-02,4.644436389207839966e-02,4.643564671277999878e-02,4.612025246024131775e-02,4.680942371487617493e-02,4.685647413134574890e-02,4.731115698814392090e-02,4.683888703584671021e-02,4.709203913807868958e-02,4.674167931079864502e-02,4.650103300809860229e-02,4.667662084102630615e-02,4.701796174049377441e-02,4.677614569664001465e-02,4.685676097869873047e-02
4.906237937638485008e-02,1.032294130709487945e-05,4.623431712388992310e-02,4.657924175262451172e-02,4.634977132081985474e-02,4.666431620717048645e-02,4.656586796045303345e-02,4.655379801988601685e-02,4.668005183339118958e-02,4.644396901130676270e-02,4.674534499645233154e-02,4.648946225643157959e-02,4.653733968734741211e-02,4.675586894154548645e-02,4.662940278649330139e-02,4.695211350917816162e-02,4.702511802315711975e-02
4.922655552225477238e-02,1.030835119308903813e-05,4.663961380720138550e-02,4.645979404449462891e-02,4.651257768273353577e-02,4.645035415887832642e-02,4.635117202997207642e-02,4.664738476276397705e-02,4.672711715102195740e-02,4.648591950535774231e-02,4.655588045716285706e-02,4.643005877733230591e-02,4.691878333687782288e-02,4.677303507924079895e-02,4.676552116870880127e-02,4.647663608193397522e-02,4.628157243132591248e-02
4.939073166812468774e-02,1.031131614581681788e-05,4.650862514972686768e-02,4.675213247537612915e-02,4.630484059453010559e-02,4.657568410038948059e-02,4.632774740457534790e-02,4.649991542100906372e-02,4.649892449378967285e-02,4.684490710496902466e-02,4.645259678363800049e-02,4.687245935201644897e-02,4.651736095547676086e-02,4.660059884190559387e-02,4.682167991995811462e-02,4.674894735217094421e-02,4.632984846830368042e-02
4.955490781399461003e-02,1.032404816214693710e-05,4.650639370083808899e-02,4.713848233222961426e-02,4.655996710062026978e-02,4.653078317642211914e-02,4.655058681964874268e-02,4.648350551724433899e-02,4.672660306096076965e-02,4.673758149147033691e-02,4.688745364546775818e-02,4.703330993652343750e-02,4.638490080833435059e-02,4.698402434587478638e-02,4.674057289958000183e-02,4.624289646744728088e-02,4.618421941995620728e-02
4.971908395986453233e-02,1.029816576192388311e-05,4.663237556815147400e-02,4.657416418194770813e-02,4.662708938121795654e-02,4.613108560442924500e-02,4.626169428229331970e-02,4.634052142500877380e-02,4.643039032816886902e-02,4.668760672211647034e-02,4.636261984705924988e-02,4.680516943335533142e-02,4.664998129010200500e-02,4.676300659775733948e-02,4.630457982420921326e-02,4.639522358775138855e-02,4.645980149507522583e-02
4.988326010573444769e-02,1.033464286592788994e-05,4.621396586298942566e-02,4.666125029325485229e-02,4.661582782864570618e-02,4.630985110998153687e-02,4.668358340859413147e-02,4.685907810926437378e-02,4.627024382352828979e-02,4.663025215268135071e-02,4.657575860619544983e-02,4.665213078260421753e-02,4.656697809696197510e-02,4.675037413835525513e-02,4.685894027352333069e-02,4.726796224713325500e-02,4.668460786342620850e-02
5.004743625160436304e-02,1.031548526952974498e-05,4.653043672442436218e-02,4.651033505797386169e-02,4.650289937853813171e-02,4.665921628475189209e-02,4.646721854805946350e-02,4.614386707544326782e-02,4.657015949487686157e-02,4.699553176760673523e-02,4.661703482270240784e-02,4.641971364617347717e-02,4.665354639291763306e-02,4.625518247485160828e-02,4.667956754565238953e-02,4.656480997800827026e-02,4.682428389787673950e-02
5.021161239747429228e-02,1.029516988637624308e-05,4.657927528023719788e-02,4.642010107636451721e-02,4.639796912670135498e-02,4.663391411304473877e-02,4.609619081020355225e-02,4.604829847812652588e-02,4.595180228352546692e-02,4.666787013411521912e-02,4.672875627875328064e-02,4.650290310382843018e-02,4.677562043070793152e-02,4.646369814872741699e-02,4.645558446645736694e-02,4.653118178248405457e-02,4.669506102800369263e-02
5.037578854334420764e-02,1.028225142363226041e-05,4.654463008046150208e-02,4.616906493902206421e-02,4.650658369064331055e-02,4.647657647728919983e-02,4.636204615235328674e-02,4.611169919371604919e-02,4.659864678978919983e-02,4.651591554284095764e-02,4.659489169716835022e-02,4.620186239480972290e-02,4.653289914131164551e-02,4.619042947888374329e-02,4.661228880286216736e-02,4.671832174062728882e-02,4.663296788930892944e-02
5.053996468921412299e-02,1.028846781991887838e-05,4.588827863335609436e-02,4.646827653050422668e-02,4.607420042157173157e-02,4.650332033634185791e-02,4.645014554262161255e-02,4.665898904204368591e-02,4.676913097500801086e-02,4.675058275461196899e-02,4.634551703929901123e-02,4.635716602206230164e-02,4.607811942696571350e-02,4.664125666022300720e-02,4.673967882990837097e-02,4.691374301910400391e-02,4.652831703424453735e-02
5.070414083508404529e-02,1.029351005854550749e-05,4.618103802204132080e-02,4.678968340158462524e-02,4.620333015918731689e-02,4.638051241636276245e-02,4.646194353699684143e-02,4.652382060885429382e-02,4.681004211306571960e-02,4.650367051362991333e-02,4.660961031913757324e-02,4.687296599149703979e-02,4.625385254621505737e-02,4.661909863352775574e-02,4.646782204508781433e-02,4.669441282749176025e-02,4.659982770681381226e-02
5.086831698095396759e-02,1.028040060191415250e-05,4.629963263869285583e-02,4.647742211818695068e-02,4.618944600224494934e-02,4.625909030437469482e-02,4.654855281114578247e-02,4.655553400516510010e-02,4.613431170582771301e-02,4.644740372896194458e-02,4.699112102389335632e-02,4.644644260406494141e-02,4.654202610254287720e-02,4.651453718543052673e-02,4.632330685853958130e-02,4.660616815090179443e-02,4.624537378549575806e-02
5.103249312682388295e-02,1.027033067657612264e-05,4.635552316904067993e-02,4.628966748714447021e-02,4.669322818517684937e-02,4.667258262634277344e-02,4.663939774036407471e-02,4.565415531396865845e-02,4.642264172434806824e-02,4.654308035969734192e-02,4.688769578933715820e-02,4.642663151025772095e-02,4.604392498731613159e-02,4.604216665029525757e-02,4.652695730328559875e-02,4.640921205282211304e-02,4.647081345319747925e-02
5.119666927269380524e-02,1.029339910019189119e-05,4.686228558421134949e-02,4.604450613260269165e-02,4.634124785661697388e-02,4.683180898427963257e-02,4.698117077350616455e-02,4.671670123934745789e-02,4.630895331501960754e-02,4.626091942191123962e-02,4.687678068876266479e-02,4.633491486310958862e-02,4.627727717161178589e-02,4.648163169622421265e-02,4.639109224081039429e-02,4.670914635062217712e-02,4.646009579300880432e-02
5.136084541856372754e-02,1.025340407068142667e-05,4.663275554776191711e-02,4.646662622690200806e-02,4.615509882569313049e-02,4.636166617274284363e-02,4.653947427868843079e-02,4.639009386301040649e-02,4.640697687864303589e-02,4.618382826447486877e-02,4.605114832520484924e-02,4.629619419574737549e-02,4.620271548628807068e-02,4.630485549569129944e-02,4.650618508458137512e-02,4.629300162196159363e-02,4.645936563611030579e-02
5.152502156443364290e-02,1.025068195303902030e-05,4.630739986896514893e-02,4.625812172889709473e-02,4.640549421310424805e-02,4.627925157546997070e-02,4.591655731201171875e-02,4.655416682362556458e-02,4.614711552858352661e-02,4.640471190214157104e-02,4.652171581983566284e-02,4.622618854045867920e-02,4.666714742779731750e-02,4.606393352150917053e-02,4.629213362932205200e-02,4.623766243457794189e-02,4.620296508073806763e-02
5.168919771030355825e-02,1.025125129672233015e-05,4.648110643029212952e-02,4.588605836033821106e-02,4.655940458178520203e-02,4.645873978734016418e-02,4.643275216221809387e-02,4.618588462471961975e-02,4.656647518277168274e-02,4.651151224970817566e-02,4.631102830171585083e-02,4.667259752750396729e-02,4.632512852549552917e-02,4.673790186643600464e-02,4.609785974025726318e-02,4.592504724860191345e-02,4.587399959564208984e-02
5.185337385617348055e-02,1.023782442644005641e-05,4.661295562982559204e-02,4.619186371564865112e-02,4.611486196517944336e-02,4.627828672528266907e-02,4.684888198971748352e-02,4.618848860263824463e-02,4.655876010656356812e-02,4.628915712237358093e-02,4.628788307309150696e-02,4.623474180698394775e-02,4.627024382352828979e-02,4.611268267035484314e-02,4.629663378000259399e-02,4.596360027790069580e-02,4.618734493851661682e-02
5.201755000204340285e-02,1.026369227474788204e-05,4.632844030857086182e-02,4.671664535999298096e-02,4.672015458345413208e-02,4.654617607593536377e-02,4.619012773036956787e-02,4.666375741362571716e-02,4.669868946075439453e-02,4.618943482637405396e-02,4.637349396944046021e-02,4.653617739677429199e-02,4.606607556343078613e-02,4.643573239445686340e-02,4.630057141184806824e-02,4.647233709692955017e-02,4.606724157929420471e-02
5.218172614791331820e-02,1.022667856886982918e-05,4.613602906465530396e-02,4.656229913234710693e-02,4.621480405330657959e-02,4.599206894636154175e-02,4.635921865701675415e-02,4.621658846735954285e-02,4.575436189770698547e-02,4.614209383726119995e-02,4.611687734723091125e-02,4.616753011941909790e-02,4.621204361319541931e-02,4.657575488090515137e-02,4.640423133969306946e-02,4.601809009909629822e-02,4.617572575807571411e-02
5.234590229378324050e-02,1.024705125018954277e-05,4.645683616399765015e-02,4.663158580660820007e-02,4.613870009779930115e-02,4.664286226034164429e-02,4.624328762292861938e-02,4.647619277238845825e-02,4.643821716308593750e-02,4.597860202193260193e-02,4.599725455045700073e-02,4.605355858802795410e-02,4.635176807641983032e-02,4.636319354176521301e-02,4.647908359766006470e-02,4.635037109255790710e-02,4.564650356769561768e-02
5.251007843965316280e-02,1.021079970087157562e-05,4.664836078882217407e-02,4.603325203061103821e-02,4.651222005486488342e-02,4.580282419919967651e-02,4.602965340018272400e-02,4.606384783983230591e-02,4.583428800106048584e-02,4.661175236105918884e-02,4.604639485478401184e-02,4.645378142595291138e-02,4.642852395772933960e-02,4.598842561244964600e-02,4.609574750065803528e-02,4.585010558366775513e-02,4.606997966766357422e-02
5.267425458552307815e-02,1.021577645587967709e-05,4.590453952550888062e-02,4.593342170119285583e-02,4.665189608931541443e-02,4.609220102429389954e-02,4.636397212743759155e-02,4.609371721744537354e-02,4.589362069964408875e-02,4.623979702591896057e-02,4.643235728144645691e-02,4.648897051811218262e-02,4.615380614995956421e-02,4.556897655129432678e-02,4.604407772421836853e-02,4.596549272537231445e-02,4.623417183756828308e-02
5.283843073139299351e-02,1.018712373479502276e-05,4.606550186872482300e-02,4.659239947795867920e-02,4.602049291133880615e-02,4.588612914085388184e-02,4.596903920173645020e-02,4.643053188920021057e-02,4.588545113801956177e-02,4.603566601872444153e-02,4.586691036820411682e-02,4.576249048113822937e-02,4.587118700146675110e-02,4.616787284612655640e-02,4.592392966151237488e-02,4.573705047369003296e-02,4.616905748844146729e-02
5.300260687726292275e-02,1.019641422317363322e-05,4.565884917974472046e-02,4.570511355996131897e-02,4.626593366265296936e-02,4.603486135601997375e-02,4.557211697101593018e-02,4.655639454722404480e-02,4.660185053944587708e-02,4.660468548536300659e-02,4.581705853343009949e-02,4.601776227355003357e-02,4.641510546207427979e-02,4.617435112595558167e-02,4.588644579052925110e-02,4.611408337950706482e-02,4.615010693669319153e-02
5.316678302313283810e-02,1.019799401547061279e-05,4.638851806521415710e-02,4.620223864912986755e-02,4.595528170466423035e-02,4.615049064159393311e-02,4.633397981524467468e-02,4.637598991394042969e-02,4.599929973483085632e-02,4.586141556501388550e-02,4.574681818485260010e-02,4.608862474560737610e-02,4.593129828572273254e-02,4.620107263326644897e-02,4.619603231549263000e-02,4.583933949470520020e-02,4.600887745618820190e-02
5.333095916900275346e-02,1.014734789350768551e-05,4.587652161717414856e-02,4.580859467387199402e-02,4.606400057673454285e-02,4.581189900636672974e-02,4.603074118494987488e-02,4.534073173999786377e-02,4.620990902185440063e-02,4.576427116990089417e-02,4.598627611994743347e-02,4.576313123106956482e-02,4.591272398829460144e-02,4.634101316332817078e-02,4.563442245125770569e-02,4.545665532350540161e-02,4.550081863999366760e-02
5.349513531487267576e-02,1.019243609334807843e-05,4.600919783115386963e-02,4.649350047111511230e-02,4.599159583449363708e-02,4.604186862707138062e-02,4.587191343307495117e-02,4.633275419473648071e-02,4.622987285256385803e-02,4.610984027385711670e-02,4.565278068184852600e-02,4.633600637316703796e-02,4.610826447606086731e-02,4.613287746906280518e-02,4.628098383545875549e-02,4.551268741488456726e-02,4.602219909429550171e-02
5.365931146074259805e-02,1.014629651763243601e-05,4.599578678607940674e-02,4.547606781125068665e-02,4.601274430751800537e-02,4.581617936491966248e-02,4.600400850176811218e-02,4.581867530941963196e-02,4.609627649188041687e-02,4.599569365382194519e-02,4.547495767474174500e-02,4.553148895502090454e-02,4.580850154161453247e-02,4.605847597122192383e-02,4.588927701115608215e-02,4.565797746181488037e-02,4.592495411634445190e-02
5.382348760661251341e-02,1.014731242321431637e-05,4.592214152216911316e-02,4.602730646729469299e-02,4.619988799095153809e-02,4.565062001347541809e-02,4.612130671739578247e-02,4.626934230327606201e-02,4.606791585683822632e-02,4.605920240283012390e-02,4.563160240650177002e-02,4.554518684744834900e-02,4.573036730289459229e-02,4.547384008765220642e-02,4.555543512105941772e-02,4.610553756356239319e-02,4.566864669322967529e-02
5.398766375248243571e-02,1.015113866742467508e-05,4.603224992752075195e-02,4.594333842396736145e-02,4.608453810214996338e-02,4.644137620925903320e-02,4.581443592905998230e-02,4.607146605849266052e-02,4.570145532488822937e-02,4.602388292551040649e-02,4.600554704666137695e-02,4.564036801457405090e-02,4.626302421092987061e-02,4.533237963914871216e-02,4.582828655838966370e-02,4.548451676964759827e-02,4.548845812678337097e-02
5.415183989835235800e-02,1.013946803141152486e-05,4.617194458842277527e-02,4.620639607310295105e-02,4.615575820207595825e-02,4.580056667327880859e-02,4.568573459982872009e-02,4.577754437923431396e-02,4.555701091885566711e-02,4.561183601617813110e-02,4.596978425979614258e-02,4.579062387347221375e-02,4.534004256129264832e-02,4.571752250194549561e-02,4.587297514081001282e-02,4.569020494818687439e-02,4.575404897332191467e-02
5.431601604422227336e-02,1.013001747196540236e-05,4.616972059011459351e-02,4.623788222670555115e-02,4.625694453716278076e-02,4.587525874376296997e-02,4.496239498257637024e-02,4.635459929704666138e-02,4.558816552162170410e-02,4.559597373008728027e-02,4.554480686783790588e-02,4.570161178708076477e-02,4.563894495368003845e-02,4.583676531910896301e-02,4.565041884779930115e-02,4.561858251690864563e-02,4.581851139664649963e-02
5.448019219009218872e-02,1.009893185255350545e-05,4.577739164233207703e-02,4.600697383284568787e-02,4.550869017839431763e-02,4.565844684839248657e-02,4.565020650625228882e-02,4.594364389777183533e-02,4.589401558041572571e-02,4.580352455377578735e-02,4.597853496670722961e-02,4.541693255305290222e-02,4.547237232327461243e-02,4.521518200635910034e-02,4.564328864216804504e-02,4.540365934371948242e-02,4.524672031402587891e-02
5.464436833596211796e-02,1.007926766760647297e-05,4.593350738286972046e-02,4.562137275934219360e-02,4.555205628275871277e-02,4.549372196197509766e-02,4.573097452521324158e-02,4.546558856964111328e-02,4.504131525754928589e-02,4.555961489677429199e-02,4.567892476916313171e-02,4.550431296229362488e-02,4.528539627790451050e-02,4.575877636671066284e-02,4.551644250750541687e-02,4.569138586521148682e-02,4.545855522155761719e-02
5.480854448183203331e-02,1.010234063869575039e-05,4.537053778767585754e-02,4.631915688514709473e-02,4.590735211968421936e-02,4.591722041368484497e-02,4.592887684702873230e-02,4.586832970380783081e-02,4.535336419939994812e-02,4.529876261949539185e-02,4.579128324985504150e-02,4.545154049992561340e-02,4.557904228568077087e-02,4.572164267301559448e-02,4.524415358901023865e-02,4.540465027093887329e-02,4.569479078054428101e-02
5.497272062770194867e-02,1.010116284305695444e-05,4.608506709337234497e-02,4.537528008222579956e-02,4.585251957178115845e-02,4.604217037558555603e-02,4.583909362554550171e-02,4.560840502381324768e-02,4.576581344008445740e-02,4.556420072913169861e-02,4.557797312736511230e-02,4.562234506011009216e-02,4.523836076259613037e-02,4.534275084733963013e-02,4.577197879552841187e-02,4.534960165619850159e-02,4.543386027216911316e-02
5.513689677357187097e-02,1.006738511932780966e-05,4.578929394483566284e-02,4.555968940258026123e-02,4.576831683516502380e-02,4.559763893485069275e-02,4.574998468160629272e-02,4.579504951834678650e-02,4.560827463865280151e-02,4.548339173197746277e-02,4.537472873926162720e-02,4.520961269736289978e-02,4.524725675582885742e-02,4.536600038409233093e-02,4.526482895016670227e-02,4.543086513876914978e-02,4.538404941558837891e-02
5.530107291944179326e-02,1.005568810796830803e-05,4.569210857152938843e-02,4.571634903550148010e-02,4.517214372754096985e-02,4.582645744085311890e-02,4.515357688069343567e-02,4.535713419318199158e-02,4.523202031850814819e-02,4.569846764206886292e-02,4.562045261263847351e-02,4.549843817949295044e-02,4.552579671144485474e-02,4.543169960379600525e-02,4.555590078234672546e-02,4.538225382566452026e-02,4.509258270263671875e-02
5.546524906531170862e-02,1.005915692076086998e-05,4.551716521382331848e-02,4.564760252833366394e-02,4.582356661558151245e-02,4.554936662316322327e-02,4.555444791913032532e-02,4.549188166856765747e-02,4.567706212401390076e-02,4.556475579738616943e-02,4.570836946368217468e-02,4.539409279823303223e-02,4.549925774335861206e-02,4.555771499872207642e-02,4.480956494808197021e-02,4.512983933091163635e-02,4.508451744914054871e-02
5.562942521118163092e-02,1.002063891064608470e-05,4.575679078698158264e-02,4.563146829605102539e-02,4.547322541475296021e-02,4.536681994795799255e-02,4.547242075204849243e-02,4.525107890367507935e-02,4.550311714410781860e-02,4.502779245376586914e-02,4.490806907415390015e-02,4.521301388740539551e-02,4.515935853123664856e-02,4.495442286133766174e-02,4.526079818606376648e-02,4.534114152193069458e-02,4.495973140001296997e-02
5.579360135705155321e-02,1.002110093395458534e-05,4.553318023681640625e-02,4.586496949195861816e-02,4.556784778833389282e-02,4.536474868655204773e-02,4.526824504137039185e-02,4.526861384510993958e-02,4.535346105694770813e-02,4.565627500414848328e-02,4.529857635498046875e-02,4.493526741862297058e-02,4.503093659877777100e-02,4.534663632512092590e-02,4.471372812986373901e-02,4.518596827983856201e-02,4.503387957811355591e-02
5.595777750292146857e-02,1.001670625555561855e-05,4.559176042675971985e-02,4.518803581595420837e-02,4.576108232140541077e-02,4.525921493768692017e-02,4.531478509306907654e-02,4.556867852807044983e-02,4.524694010615348816e-02,4.525302350521087646e-02,4.543346539139747620e-02,4.505323618650436401e-02,4.505579546093940735e-02,4.524940997362136841e-02,4.526365920901298523e-02,4.495935142040252686e-02,4.471499100327491760e-02
5.612195364879138393e-02,1.000301017484162003e-05,4.560069739818572998e-02,4.529532417654991150e-02,4.522030055522918701e-02,4.561341553926467896e-02,4.558570683002471924e-02,4.511888697743415833e-02,4.526788741350173950e-02,4.558943212032318115e-02,4.518496617674827576e-02,4.470325261354446411e-02,4.509860649704933167e-02,4.477717354893684387e-02,4.519334435462951660e-02,4.498589038848876953e-02,4.527585953474044800e-02
5.628612979466131316e-02,9.989254067477304488e-06,4.518415406346321106e-02,4.534174874424934387e-02,4.523989930748939514e-02,4.523127526044845581e-02,4.557895287871360779e-02,4.529503360390663147e-02,4.528108984231948853e-02,4.487406834959983826e-02,4.490417614579200745e-02,4.515663161873817444e-02,4.504869878292083740e-02,4.495912790298461914e-02,4.529159516096115112e-02,4.483923688530921936e-02,4.476596787571907043e-02
5.645030594053122852e-02,9.994118954637087882e-06,4.543186351656913757e-02,4.556716978549957275e-02,4.593886807560920715e-02,4.547253996133804321e-02,4.506468772888183594e-02,4.495431110262870789e-02,4.518210142850875854e-02,4.525623843073844910e-02,4.487520456314086914e-02,4.506946727633476257e-02,4.482973366975784302e-02,4.493964463472366333e-02,4.500991478562355042e-02,4.509960487484931946e-02,4.471471533179283142e-02
5.661448208640114388e-02,9.989566024160012603e-06,4.552789404988288879e-02,4.530587047338485718e-02,4.513448476791381836e-02,4.524596035480499268e-02,4.531847685575485229e-02,4.539251700043678284e-02,4.536875709891319275e-02,4.505011066794395447e-02,4.475821182131767273e-02,4.541899636387825012e-02,4.515428468585014343e-02,4.476686939597129822e-02,4.490885138511657715e-02,4.476772621273994446e-02,4.507414996623992920e-02
5.677865823227106618e-02,9.928020517691038549e-06,4.517757892608642578e-02,4.549648985266685486e-02,4.501906037330627441e-02,4.507707059383392334e-02,4.464228451251983643e-02,4.503774270415306091e-02,4.541442170739173889e-02,4.512403905391693115e-02,4.515842720866203308e-02,4.487015306949615479e-02,4.437890648841857910e-02,4.447748884558677673e-02,4.415414109826087952e-02,4.452234879136085510e-02,4.434706643223762512e-02
5.694283437814098847e-02,9.931052773026749492e-06,4.477200657129287720e-02,4.544391855597496033e-02,4.533931612968444824e-02,4.498576000332832336e-02,4.526231810450553894e-02,4.517176747322082520e-02,4.457971826195716858e-02,4.494226723909378052e-02,4.504378885030746460e-02,4.467681422829627991e-02,4.437698423862457275e-02,4.457071051001548767e-02,4.482396692037582397e-02,4.445852711796760559e-02,4.464246332645416260e-02
5.710701052401090383e-02,9.919782314682379365e-06,4.551702737808227539e-02,4.557537287473678589e-02,4.490328580141067505e-02,4.498703777790069580e-02,4.492618888616561890e-02,4.475583508610725403e-02,4.479603096842765808e-02,4.492944851517677307e-02,4.463841766119003296e-02,4.482049867510795593e-02,4.456741362810134888e-02,4.456571489572525024e-02,4.456472769379615784e-02,4.474238678812980652e-02,4.439369589090347290e-02
5.727118666988082613e-02,9.913826943375170231e-06,4.517040029168128967e-02,4.491144046187400818e-02,4.505524039268493652e-02,4.522214457392692566e-02,4.483545944094657898e-02,4.479895532131195068e-02,4.505193978548049927e-02,4.497249051928520203e-02,4.439030215144157410e-02,4.502408206462860107e-02,4.485581815242767334e-02,4.474649205803871155e-02,4.442052543163299561e-02,4.434023424983024597e-02,4.416999593377113342e-02
5.743536281575074842e-02,9.884720384434331208e-06,4.509422928094863892e-02,4.488142207264900208e-02,4.518498107790946960e-02,4.501707106828689575e-02,4.455129429697990417e-02,4.484312608838081360e-02,4.455759748816490173e-02,4.400136321783065796e-02,4.460973665118217468e-02,4.452578350901603699e-02,4.442355409264564514e-02,4.460083320736885071e-02,4.439616203308105469e-02,4.455124586820602417e-02,4.461202397942543030e-02
5.759953896162066378e-02,9.880033758236095309e-06,4.499135166406631470e-02,4.540051147341728210e-02,4.479700326919555664e-02,4.523666575551033020e-02,4.498397931456565857e-02,4.487167298793792725e-02,4.478323087096214294e-02,4.426028579473495483e-02,4.437296837568283081e-02,4.461395367980003357e-02,4.415890201926231384e-02,4.466227814555168152e-02,4.449474439024925232e-02,4.414895549416542053e-02,4.409534484148025513e-02
5.776371510749057914e-02,9.881657206278759986e-06,4.507785290479660034e-02,4.508015140891075134e-02,4.459341615438461304e-02,4.484682530164718628e-02,4.483174532651901245e-02,4.488946497440338135e-02,4.477198049426078796e-02,4.486730694770812988e-02,4.476383328437805176e-02,4.458408057689666748e-02,4.481926187872886658e-02,4.429064318537712097e-02,4.439457133412361145e-02,4.438751563429832458e-02,4.392410069704055786e-02
5.792789125336050837e-02,9.850119568000081927e-06,4.504133015871047974e-02,4.507789388298988342e-02,4.473952576518058777e-02,4.466298967599868774e-02,4.476412013173103333e-02,4.465482011437416077e-02,4.412455856800079346e-02,4.455564916133880615e-02,4.476760700345039368e-02,4.419337213039398193e-02,4.479744285345077515e-02,4.439724609255790710e-02,4.409162327647209167e-02,4.441067948937416077e-02,4.390050470829010010e-02
5.809206739923042373e-02,9.873799172055441886e-06,4.496777057647705078e-02,4.444661736488342285e-02,4.474706202745437622e-02,4.486382752656936646e-02,4.473942518234252930e-02,4.484855011105537415e-02,4.490405321121215820e-02,4.470720514655113220e-02,4.469333589076995850e-02,4.422963038086891174e-02,4.467938095331192017e-02,4.444774240255355835e-02,4.448849707841873169e-02,4.430369660258293152e-02,4.406174644827842712e-02
5.825624354510033909e-02,9.828545444179326296e-06,4.448381066322326660e-02,4.485809430480003357e-02,4.465389251708984375e-02,4.471609741449356079e-02,4.451287165284156799e-02,4.488945007324218750e-02,4.411122575402259827e-02,4.427612945437431335e-02,4.452269524335861206e-02,4.454069212079048157e-02,4.417074471712112427e-02,4.417138174176216125e-02,4.401202872395515442e-02,4.469475895166397095e-02,4.415707290172576904e-02
5.842041969097026138e-02,9.820763807510957122e-06,4.458178207278251648e-02,4.483910277485847473e-02,4.477345943450927734e-02,4.427664726972579956e-02,4.485802352428436279e-02,4.494597762823104858e-02,4.432518780231475830e-02,4.387775436043739319e-02,4.419954866170883179e-02,4.428982734680175781e-02,4.438073188066482544e-02,4.436279088258743286e-02,4.399064928293228149e-02,4.395846650004386902e-02,4.410330951213836670e-02
5.858459583684018368e-02,9.789701834961306304e-06,4.472142457962036133e-02,4.445851221680641174e-02,4.422072321176528931e-02,4.463070631027221680e-02,4.464047774672508240e-02,4.407050088047981262e-02,4.385928437113761902e-02,4.444214329123497009e-02,4.421068727970123291e-02,4.446757584810256958e-02,4.400743916630744934e-02,4.389386251568794250e-02,4.372068122029304504e-02,4.438269883394241333e-02,4.395067319273948669e-02
5.874877198271009904e-02,9.763093657966237515e-06,4.479909688234329224e-02,4.409372806549072266e-02,4.432379826903343201e-02,4.449134692549705505e-02,4.429246857762336731e-02,4.435952752828598022e-02,4.455999284982681274e-02,4.420926421880722046e-02,4.382000118494033813e-02,4.411912709474563599e-02,4.389132931828498840e-02,4.370047152042388916e-02,4.396596178412437439e-02,4.400015994906425476e-02,4.330340027809143066e-02
5.891294812858002133e-02,9.753692211234010756e-06,4.452903568744659424e-02,4.431158304214477539e-02,4.480354860424995422e-02,4.437205567955970764e-02,4.414338991045951843e-02,4.466136917471885681e-02,4.423290863633155823e-02,4.441434144973754883e-02,4.396299645304679871e-02,4.373908787965774536e-02,4.344609752297401428e-02,4.373453930020332336e-02,4.372161254286766052e-02,4.382351040840148926e-02,4.367982223629951477e-02
5.907712427444994363e-02,9.752548066899180412e-06,4.458417370915412903e-02,4.453672841191291809e-02,4.446132481098175049e-02,4.435731470584869385e-02,4.419549554586410522e-02,4.420958086848258972e-02,4.388515278697013855e-02,4.398648813366889954e-02,4.412352293729782104e-02,4.381430149078369141e-02,4.383827745914459229e-02,4.413200542330741882e-02,4.365155473351478577e-02,4.395089671015739441e-02,4.377035424113273621e-02
5.924130042031985899e-02,9.727634278533514589e-06,4.443832114338874817e-02,4.467735067009925842e-02,4.420869797468185425e-02,4.395451769232749939e-02,4.429586976766586304e-02,4.395268112421035767e-02,4.394260421395301819e-02,4.401959851384162903e-02,4.368991032242774963e-02,4.407049715518951416e-02,4.375035688281059265e-02,4.380251467227935791e-02,4.362870380282402039e-02,4.338373616337776184e-02,4.375925660133361816e-02
5.940547656618977435e-02,9.728635632200166583e-06,4.426384344696998596e-02,4.414552450180053711e-02,4.441861808300018311e-02,4.419301077723503113e-02,4.431489482522010803e-02,4.399610310792922974e-02,4.394496604800224304e-02,4.377749934792518616e-02,4.410509020090103149e-02,4.364312440156936646e-02,4.381276294589042664e-02,4.373548552393913269e-02,4.377153143286705017e-02,4.391953721642494202e-02,4.369566589593887329e-02
5.956965271205970358e-02,9.707305252959486097e-06,4.473097249865531921e-02,4.403901845216751099e-02,4.421547055244445801e-02,4.398574680089950562e-02,4.380333796143531799e-02,4.417284205555915833e-02,4.417860135436058044e-02,4.382656887173652649e-02,4.376032575964927673e-02,4.396882653236389160e-02,4.341572523117065430e-02,4.357499629259109497e-02,4.376084730029106140e-02,4.374963790178298950e-02,4.340305551886558533e-02
5.973382885792961894e-02,9.696358574728947133e-06,4.448644444346427917e-02,4.417474195361137390e-02,4.396101459860801697e-02,4.352053254842758179e-02,4.406357184052467346e-02,4.426417127251625061e-02,4.392884671688079834e-02,4.393860697746276855e-02,4.374245554208755493e-02,4.343314468860626221e-02,4.336829483509063721e-02,4.351804032921791077e-02,4.367802664637565613e-02,4.342121258378028870e-02,4.368194565176963806e-02
5.989800500379953430e-02,9.685589247965253890e-06,4.443693906068801880e-02,4.403962194919586182e-02,4.420536011457443237e-02,4.398505017161369324e-02,4.449115693569183350e-02,4.405580088496208191e-02,4.384738579392433167e-02,4.374442994594573975e-02,4.386303573846817017e-02,4.323903843760490417e-02,4.298292100429534912e-02,4.334735497832298279e-02,4.347499832510948181e-02,4.375884309411048889e-02,4.315800219774246216e-02
6.006218114966945659e-02,9.655785106588155031e-06,4.437035322189331055e-02,4.396085813641548157e-02,4.375568777322769165e-02,4.377523064613342285e-02,4.350462555885314941e-02,4.402235895395278931e-02,4.399767145514488220e-02,4.357469081878662109e-02,4.391888156533241272e-02,4.346834123134613037e-02,4.324549436569213867e-02,4.339046031236648560e-02,4.318500310182571411e-02,4.308325424790382385e-02,4.317014664411544800e-02
6.022635729553937889e-02,9.641599717724602669e-06,4.434971511363983154e-02,4.401445016264915466e-02,4.415262490510940552e-02,4.349904879927635193e-02,4.376630857586860657e-02,4.407693073153495789e-02,4.368160292506217957e-02,4.342161864042282104e-02,4.334198683500289917e-02,4.338597133755683899e-02,4.348158836364746094e-02,4.327709972858428955e-02,4.313665628433227539e-02,4.304613173007965088e-02,4.301764443516731262e-02
6.039053344140929425e-02,9.641358701628632843e-06,4.402793198823928833e-02,4.397159069776535034e-02,4.413833096623420715e-02,4.385021701455116272e-02,4.361782222986221313e-02,4.377463459968566895e-02,4.325925186276435852e-02,4.362681508064270020e-02,4.369921609759330750e-02,4.340846464037895203e-02,4.319135099649429321e-02,4.358229786157608032e-02,4.307615011930465698e-02,4.315819963812828064e-02,4.339699819684028625e-02
6.055470958727921654e-02,9.637468792789150029e-06,4.413025453686714172e-02,4.366894811391830444e-02,4.428647086024284363e-02,4.366854950785636902e-02,4.398591443896293640e-02,4.394811764359474182e-02,4.367333278059959412e-02,4.373880475759506226e-02,4.346306622028350830e-02,4.295871779322624207e-02,4.344204068183898926e-02,4.284369572997093201e-02,4.338195919990539551e-02,4.298617318272590637e-02,4.343840852379798889e-02
6.071888573314913884e-02,9.595881238055881113e-06,4.434427618980407715e-02,4.354007914662361145e-02,4.407023265957832336e-02,4.346770420670509338e-02,4.386834800243377686e-02,4.366394504904747009e-02,4.357463121414184570e-02,4.327126592397689819e-02,4.316554963588714600e-02,4.295499995350837708e-02,4.325933381915092468e-02,4.323868826031684875e-02,4.324041306972503662e-02,4.237670451402664185e-02,4.277214035391807556e-02
6.088306187901905420e-02,9.592062269803136587e-06,4.399245604872703552e-02,4.395342990756034851e-02,4.357429966330528259e-02,4.393617436289787292e-02,4.365856945514678955e-02,4.360741376876831055e-02,4.367296025156974792e-02,4.332957044243812561e-02,4.311946034431457520e-02,4.322981461882591248e-02,4.306767508387565613e-02,4.294969514012336731e-02,4.294338449835777283e-02,4.289889335632324219e-02,4.263681173324584961e-02
6.104723802488896955e-02,9.544765816826839000e-06,4.341785609722137451e-02,4.347410798072814941e-02,4.353709146380424500e-02,4.343394935131072998e-02,4.328031837940216064e-02,4.395772889256477356e-02,4.313674569129943848e-02,4.327971115708351135e-02,4.285316169261932373e-02,4.325828701257705688e-02,4.284258931875228882e-02,4.241508990526199341e-02,4.261444881558418274e-02,4.279283061623573303e-02,4.294835403561592102e-02
6.121141417075889879e-02,9.554743883199989796e-06,4.360194131731987000e-02,4.366728290915489197e-02,4.363615438342094421e-02,4.335840418934822083e-02,4.350198060274124146e-02,4.314344376325607300e-02,4.340188950300216675e-02,4.310500994324684143e-02,4.293698072433471680e-02,4.326069355010986328e-02,4.318091645836830139e-02,4.290184006094932556e-02,4.275720566511154175e-02,4.267171770334243774e-02,4.289728403091430664e-02
6.137559031662881415e-02,9.506019523541908711e-06,4.363750293850898743e-02,4.376078397035598755e-02,4.329859837889671326e-02,4.364566132426261902e-02,4.309246689081192017e-02,4.306368902325630188e-02,4.302278161048889160e-02,4.282112792134284973e-02,4.293959215283393860e-02,4.274849966168403625e-02,4.246726632118225098e-02,4.256665706634521484e-02,4.206605628132820129e-02,4.295357689261436462e-02,4.249355942010879517e-02
