2.436353949327713705e-03,9.732913458719849586e-04,4.749896526336669922e+00,4.737283229827880859e+00,4.720387458801269531e+00,4.698028564453125000e+00,4.717319488525390625e+00,4.691286087036132812e+00,4.659730911254882812e+00,4.613706588745117188e+00,4.614524364471435547e+00,4.667438507080078125e+00,4.575543403625488281e+00,4.572124958038330078e+00,4.558211326599121094e+00,4.599069595336914062e+00,4.544620513916015625e+00
2.600530095197632965e-03,8.067457238212227821e-04,3.952085733413696289e+00,3.943026781082153320e+00,3.909018278121948242e+00,3.890422582626342773e+00,3.878562211990356445e+00,3.854362010955810547e+00,3.873203992843627930e+00,3.870818138122558594e+00,3.834911346435546875e+00,3.819054126739501953e+00,3.809940814971923828e+00,3.811198234558105469e+00,3.793589353561401367e+00,3.799803495407104492e+00,3.775400876998901367e+00
2.764706241067552660e-03,6.653828895650804043e-04,3.252907037734985352e+00,3.249687910079956055e+00,3.229622125625610352e+00,3.212913036346435547e+00,3.228062868118286133e+00,3.190474033355712891e+00,3.190938234329223633e+00,3.170918941497802734e+00,3.162651062011718750e+00,3.160577297210693359e+00,3.159107446670532227e+00,3.111851453781127930e+00,3.147008895874023438e+00,3.117319583892822266e+00,3.115690231323242188e+00
2.928882386937472354e-03,5.598171846941113472e-04,2.736628770828247070e+00,2.723948001861572266e+00,2.727539777755737305e+00,2.708489894866943359e+00,2.696373224258422852e+00,2.712621927261352539e+00,2.699897289276123047e+00,2.691580772399902344e+00,2.667554855346679688e+00,2.661546468734741211e+00,2.649282455444335938e+00,2.625577688217163086e+00,2.626811742782592773e+00,2.618791818618774414e+00,2.602015256881713867e+00
3.093058532807391615e-03,4.742452001664787531e-04,2.316070795059204102e+00,2.312535524368286133e+00,2.312837362289428711e+00,2.294755458831787109e+00,2.283596277236938477e+00,2.272885560989379883e+00,2.278432130813598633e+00,2.271271467208862305e+00,2.270852327346801758e+00,2.255955219268798828e+00,2.243187427520751953e+00,2.244365692138671875e+00,2.232960224151611328e+00,2.207052230834960938e+00,2.211585998535156250e+00
3.257234678677311309e-03,4.088669666089117527e-04,1.992652773857116699e+00,1.991913914680480957e+00,1.979917883872985840e+00,1.973990321159362793e+00,1.988468647003173828e+00,1.967845797538757324e+00,1.955927729606628418e+00,1.960481047630310059e+00,1.962302446365356445e+00,1.947401762008666992e+00,1.927575230598449707e+00,1.931784510612487793e+00,1.929739594459533691e+00,1.920171141624450684e+00,1.914436817169189453e+00
3.421410824547230570e-03,3.506947250571101904e-04,1.728033661842346191e+00,1.717014670372009277e+00,1.705114245414733887e+00,1.687148094177246094e+00,1.700229406356811523e+00,1.700604200363159180e+00,1.671676397323608398e+00,1.679230809211730957e+00,1.657425284385681152e+00,1.662444949150085449e+00,1.640773177146911621e+00,1.648953080177307129e+00,1.653270244598388672e+00,1.649708628654479980e+00,1.648895740509033203e+00
3.585586970417150264e-03,3.075159329455345869e-04,1.521605014801025391e+00,1.489500164985656738e+00,1.490865230560302734e+00,1.486593127250671387e+00,1.464422464370727539e+00,1.475925922393798828e+00,1.466852426528930664e+00,1.466663479804992676e+00,1.463830947875976562e+00,1.470158338546752930e+00,1.457400083541870117e+00,1.458009123802185059e+00,1.458671450614929199e+00,1.445670604705810547e+00,1.439507126808166504e+00
3.749763116287069525e-03,2.668918459676206112e-04,1.289046883583068848e+00,1.307156562805175781e+00,1.307909607887268066e+00,1.295629024505615234e+00,1.279209852218627930e+00,1.275324821472167969e+00,1.282510161399841309e+00,1.283035397529602051e+00,1.268100976943969727e+00,1.271065950393676758e+00,1.274048686027526855e+00,1.260728001594543457e+00,1.254374980926513672e+00,1.255937099456787109e+00,1.251187205314636230e+00
3.913939262156988785e-03,2.361707447562366724e-04,1.159060120582580566e+00,1.164052486419677734e+00,1.144356250762939453e+00,1.149179458618164062e+00,1.145891189575195312e+00,1.142028331756591797e+00,1.120951890945434570e+00,1.134540319442749023e+00,1.112240672111511230e+00,1.112041354179382324e+00,1.128894448280334473e+00,1.112344384193420410e+00,1.119763731956481934e+00,1.112041950225830078e+00,1.099964261054992676e+00
4.078115408026909347e-03,2.083639265038073063e-04,1.022776722908020020e+00,1.019594073295593262e+00,9.980066418647766113e-01,1.006154298782348633e+00,1.000142931938171387e+00,1.000883340835571289e+00,1.001029372215270996e+00,9.860265851020812988e-01,9.979884028434753418e-01,9.807950258255004883e-01,9.924709200859069824e-01,9.930377006530761719e-01,9.881324768066406250e-01,9.807485342025756836e-01,9.809436798095703125e-01
4.242291553896828174e-03,1.860182092059403658e-04,8.996437788009643555e-01,9.170298576354980469e-01,9.075826406478881836e-01,8.880692124366760254e-01,8.980320096015930176e-01,8.940740227699279785e-01,8.857526183128356934e-01,8.910476565361022949e-01,8.849146962165832520e-01,8.928134441375732422e-01,8.907074332237243652e-01,8.744094967842102051e-01,8.800114989280700684e-01,8.729342222213745117e-01,8.679671883583068848e-01
4.406467699766747001e-03,1.667429460212588310e-04,8.207782506942749023e-01,8.223500251770019531e-01,8.150127530097961426e-01,8.089853525161743164e-01,8.109034895896911621e-01,8.089241981506347656e-01,7.913490533828735352e-01,7.982902526855468750e-01,7.802273631095886230e-01,7.973395586013793945e-01,7.840802073478698730e-01,7.902351021766662598e-01,7.840766310691833496e-01,7.813988327980041504e-01,7.811268568038940430e-01
4.570643845636667563e-03,1.508602726971730590e-04,7.363032102584838867e-01,7.357179522514343262e-01,7.481750845909118652e-01,7.260050773620605469e-01,7.281069755554199219e-01,7.263767719268798828e-01,7.140345573425292969e-01,7.225222587585449219e-01,7.237839698791503906e-01,7.198874354362487793e-01,7.210675477981567383e-01,7.119243144989013672e-01,7.115474343299865723e-01,7.139783501625061035e-01,6.962120532989501953e-01
4.734819991506586390e-03,1.375153951812535524e-04,6.703518629074096680e-01,6.671087145805358887e-01,6.696921586990356445e-01,6.681536436080932617e-01,6.648445129394531250e-01,6.650239229202270508e-01,6.611558198928833008e-01,6.534042358398437500e-01,6.529905200004577637e-01,6.583140492439270020e-01,6.562522649765014648e-01,6.501625180244445801e-01,6.471722722053527832e-01,6.471831798553466797e-01,6.445139646530151367e-01
4.898996137376506084e-03,1.234942028531804681e-04,6.040214896202087402e-01,6.072242259979248047e-01,5.912598371505737305e-01,6.053539514541625977e-01,5.894371271133422852e-01,5.892896652221679688e-01,5.981724262237548828e-01,5.982480645179748535e-01,5.875290036201477051e-01,5.896149277687072754e-01,5.833898782730102539e-01,5.840443968772888184e-01,5.790719985961914062e-01,5.849443674087524414e-01,5.780127048492431641e-01
5.063172283246425778e-03,1.134924386860802770e-04,5.599657893180847168e-01,5.569496154785156250e-01,5.522779226303100586e-01,5.542737245559692383e-01,5.480495691299438477e-01,5.455375909805297852e-01,5.436596870422363281e-01,5.431012511253356934e-01,5.411852002143859863e-01,5.447574853897094727e-01,5.339888334274291992e-01,5.298468470573425293e-01,5.309756994247436523e-01,5.360946059226989746e-01,5.314931273460388184e-01
5.227348429116344605e-03,1.042517615132965147e-04,5.148801207542419434e-01,5.156664252281188965e-01,5.063929557800292969e-01,4.974750876426696777e-01,5.002806782722473145e-01,5.017123222351074219e-01,4.977707266807556152e-01,4.932773411273956299e-01,5.028802752494812012e-01,4.961284697055816650e-01,4.930593967437744141e-01,4.921883642673492432e-01,4.958381354808807373e-01,4.891995489597320557e-01,4.893096685409545898e-01
5.391524574986265167e-03,9.466843039263039827e-05,4.587204456329345703e-01,4.623043239116668701e-01,4.588438868522644043e-01,4.610696434974670410e-01,4.642058014869689941e-01,4.550220072269439697e-01,4.549291133880615234e-01,4.534820318222045898e-01,4.499251842498779297e-01,4.446477293968200684e-01,4.479142427444458008e-01,4.469926953315734863e-01,4.482768774032592773e-01,4.477946758270263672e-01,4.481047987937927246e-01
5.555700720856183994e-03,8.772366709308698773e-05,4.233545362949371338e-01,4.277106821537017822e-01,4.272404909133911133e-01,4.268905520439147949e-01,4.155145585536956787e-01,4.215642511844635010e-01,4.231171011924743652e-01,4.127907156944274902e-01,4.197914302349090576e-01,4.239296913146972656e-01,4.074017405509948730e-01,4.169314503669738770e-01,4.204241335391998291e-01,4.207923114299774170e-01,4.125144183635711670e-01
5.719876866726103688e-03,8.011257159523665905e-05,3.887491226196289062e-01,3.831304311752319336e-01,3.890951275825500488e-01,3.913477957248687744e-01,3.839405775070190430e-01,3.814066648483276367e-01,3.809639811515808105e-01,3.820051848888397217e-01,3.854678869247436523e-01,3.890595138072967529e-01,3.832429945468902588e-01,3.825925290584564209e-01,3.728021383285522461e-01,3.779567778110504150e-01,3.809206783771514893e-01
5.884053012596023383e-03,7.379991438938304782e-05,3.607263267040252686e-01,3.547663986682891846e-01,3.633279204368591309e-01,3.593939542770385742e-01,3.570466935634613037e-01,3.536417186260223389e-01,3.573925197124481201e-01,3.553173840045928955e-01,3.565365374088287354e-01,3.465613722801208496e-01,3.485867381095886230e-01,3.458141088485717773e-01,3.469683229923248291e-01,3.479407131671905518e-01,3.484118282794952393e-01
6.048229158465942210e-03,6.808953912695869803e-05,3.290017545223236084e-01,3.319341242313385010e-01,3.341932296752929688e-01,3.256637752056121826e-01,3.277094364166259766e-01,3.299839496612548828e-01,3.251558542251586914e-01,3.246524930000305176e-01,3.240438401699066162e-01,3.249380290508270264e-01,3.202936053276062012e-01,3.242220580577850342e-01,3.246486783027648926e-01,3.268437385559082031e-01,3.197962045669555664e-01
6.212405304335862771e-03,6.328391464194282889e-05,3.082586526870727539e-01,3.065293133258819580e-01,3.046700060367584229e-01,3.031820058822631836e-01,3.048782050609588623e-01,3.057019412517547607e-01,3.105005025863647461e-01,3.019592761993408203e-01,3.021472990512847900e-01,2.971612215042114258e-01,3.006208539009094238e-01,2.991254925727844238e-01,2.943556904792785645e-01,2.956012487411499023e-01,3.028112947940826416e-01
6.376581450205781598e-03,5.848170258104801178e-05,2.829501926898956299e-01,2.856612503528594971e-01,2.837123870849609375e-01,2.832041680812835693e-01,2.806870043277740479e-01,2.823632657527923584e-01,2.814013659954071045e-01,2.788258790969848633e-01,2.772037088871002197e-01,2.770351469516754150e-01,2.731082737445831299e-01,2.780747711658477783e-01,2.794927656650543213e-01,2.743628025054931641e-01,2.792496681213378906e-01
6.540757596075701293e-03,5.463356501422822475e-05,2.704459428787231445e-01,2.679093480110168457e-01,2.608827650547027588e-01,2.632903754711151123e-01,2.616381049156188965e-01,2.639226615428924561e-01,2.608577907085418701e-01,2.673449516296386719e-01,2.617938816547393799e-01,2.564691007137298584e-01,2.592222392559051514e-01,2.616265416145324707e-01,2.571173012256622314e-01,2.596680521965026855e-01,2.564845681190490723e-01
6.704933741945620987e-03,5.060708281234838068e-05,2.463635206222534180e-01,2.456263899803161621e-01,2.434804439544677734e-01,2.452646046876907349e-01,2.427062988281250000e-01,2.409482002258300781e-01,2.431603223085403442e-01,2.447411864995956421e-01,2.426254153251647949e-01,2.441863715648651123e-01,2.374810427427291870e-01,2.411934137344360352e-01,2.403317093849182129e-01,2.406751960515975952e-01,2.358381599187850952e-01
6.869109887815539814e-03,4.740143413073383272e-05,2.304182797670364380e-01,2.243067920207977295e-01,2.314321547746658325e-01,2.284711301326751709e-01,2.303662300109863281e-01,2.272255569696426392e-01,2.298955619335174561e-01,2.275348752737045288e-01,2.256568223237991333e-01,2.259902656078338623e-01,2.258234918117523193e-01,2.243427783250808716e-01,2.268947213888168335e-01,2.241567373275756836e-01,2.233968824148178101e-01
7.033286033685460376e-03,4.406492007547058165e-05,2.135299295186996460e-01,2.166119962930679321e-01,2.122008204460144043e-01,2.152543812990188599e-01,2.157480418682098389e-01,2.116690129041671753e-01,2.100771814584732056e-01,2.107084691524505615e-01,2.072167247533798218e-01,2.107954621315002441e-01,2.084297835826873779e-01,2.106962352991104126e-01,2.084792405366897583e-01,2.059385925531387329e-01,2.077426314353942871e-01
7.197462179555379203e-03,4.092507151653990149e-05,1.992276161909103394e-01,2.012790143489837646e-01,1.987747997045516968e-01,1.951324641704559326e-01,1.974661052227020264e-01,2.022201865911483765e-01,1.967141926288604736e-01,1.946202665567398071e-01,1.917363256216049194e-01,1.984113752841949463e-01,1.961084455251693726e-01,1.946378648281097412e-01,1.927741616964340210e-01,1.902651041746139526e-01,1.897348612546920776e-01
7.361638325425298029e-03,3.859112257487140596e-05,1.903859376907348633e-01,1.862116456031799316e-01,1.847675591707229614e-01,1.873053610324859619e-01,1.836023032665252686e-01,1.858932673931121826e-01,1.840376406908035278e-01,1.845025271177291870e-01,1.854480057954788208e-01,1.826105117797851562e-01,1.812597364187240601e-01,1.849967539310455322e-01,1.838198006153106689e-01,1.860631406307220459e-01,1.823709160089492798e-01
7.525814471295218591e-03,3.629142156569287181e-05,1.752952486276626587e-01,1.734928190708160400e-01,1.756008267402648926e-01,1.793417185544967651e-01,1.763294190168380737e-01,1.730199456214904785e-01,1.751023381948471069e-01,1.752045303583145142e-01,1.718443781137466431e-01,1.738769859075546265e-01,1.723113507032394409e-01,1.706426590681076050e-01,1.725125163793563843e-01,1.729763746261596680e-01,1.723296493291854858e-01
7.689990617165137418e-03,3.420047869440168142e-05,1.638195663690567017e-01,1.654947996139526367e-01,1.641659438610076904e-01,1.671682000160217285e-01,1.619954407215118408e-01,1.629349142313003540e-01,1.647332012653350830e-01,1.633967310190200806e-01,1.641101539134979248e-01,1.647618114948272705e-01,1.621055006980895996e-01,1.617705076932907104e-01,1.611667871475219727e-01,1.625868529081344604e-01,1.647680699825286865e-01
7.854166763035057980e-03,3.258602737332694232e-05,1.572612673044204712e-01,1.591189354658126831e-01,1.579742878675460815e-01,1.571727544069290161e-01,1.573643237352371216e-01,1.564253121614456177e-01,1.556044965982437134e-01,1.551682651042938232e-01,1.582076847553253174e-01,1.566833555698394775e-01,1.538458615541458130e-01,1.536739766597747803e-01,1.572318822145462036e-01,1.556376814842224121e-01,1.518495976924896240e-01
8.018342908904976807e-03,3.057359208469279110e-05,1.459773480892181396e-01,1.497529149055480957e-01,1.437768340110778809e-01,1.460123658180236816e-01,1.495166420936584473e-01,1.476577818393707275e-01,1.464651972055435181e-01,1.486434489488601685e-01,1.457652747631072998e-01,1.467074602842330933e-01,1.453609168529510498e-01,1.481018811464309692e-01,1.450641006231307983e-01,1.462315022945404053e-01,1.424754261970520020e-01
8.182519054774895634e-03,2.895009674830362201e-05,1.411067396402359009e-01,1.367499381303787231e-01,1.407974809408187866e-01,1.387985795736312866e-01,1.407769173383712769e-01,1.388352960348129272e-01,1.394510418176651001e-01,1.396443247795104980e-01,1.363915055990219116e-01,1.383099257946014404e-01,1.376937776803970337e-01,1.396792978048324585e-01,1.362060755491256714e-01,1.355074942111968994e-01,1.384304016828536987e-01
8.346695200644816195e-03,2.748512088146526366e-05,1.314659118652343750e-01,1.341426819562911987e-01,1.360257416963577271e-01,1.324020773172378540e-01,1.322192996740341187e-01,1.328715682029724121e-01,1.304166764020919800e-01,1.318981945514678955e-01,1.321463882923126221e-01,1.311487704515457153e-01,1.304108351469039917e-01,1.302557587623596191e-01,1.318875700235366821e-01,1.280742734670639038e-01,1.306363791227340698e-01
8.510871346514735022e-03,2.608307659102138132e-05,1.272810548543930054e-01,1.263047158718109131e-01,1.266869604587554932e-01,1.245436519384384155e-01,1.246840208768844604e-01,1.254159361124038696e-01,1.272278130054473877e-01,1.246108859777450562e-01,1.247493103146553040e-01,1.255128681659698486e-01,1.239246800541877747e-01,1.240900978446006775e-01,1.235460788011550903e-01,1.223921850323677063e-01,1.227195709943771362e-01
8.675047492384653849e-03,2.521541318856179714e-05,1.229900941252708435e-01,1.227452754974365234e-01,1.230694055557250977e-01,1.187000796198844910e-01,1.210452020168304443e-01,1.233478635549545288e-01,1.196425110101699829e-01,1.201250851154327393e-01,1.191499084234237671e-01,1.190669462084770203e-01,1.175957098603248596e-01,1.211491450667381287e-01,1.203831881284713745e-01,1.218656525015830994e-01,1.198600158095359802e-01
8.839223638254574411e-03,2.397429307166021317e-05,1.158328056335449219e-01,1.165335178375244141e-01,1.141982600092887878e-01,1.173819676041603088e-01,1.134743839502334595e-01,1.127878054976463318e-01,1.140684932470321655e-01,1.172652319073677063e-01,1.160033941268920898e-01,1.156048774719238281e-01,1.145477294921875000e-01,1.110782623291015625e-01,1.157427132129669189e-01,1.143379732966423035e-01,1.142844781279563904e-01
9.003399784124493238e-03,2.305574162164703012e-05,1.117675751447677612e-01,1.115039661526679993e-01,1.089347898960113525e-01,1.111923307180404663e-01,1.095831021666526794e-01,1.123826205730438232e-01,1.117716357111930847e-01,1.102416366338729858e-01,1.102174744009971619e-01,1.095187142491340637e-01,1.106258109211921692e-01,1.100885421037673950e-01,1.094424873590469360e-01,1.102588921785354614e-01,1.104052588343620300e-01
9.167575929994413800e-03,2.207175566582009196e-05,1.047051325440406799e-01,1.043375506997108459e-01,1.073799356818199158e-01,1.050590798258781433e-01,1.083243712782859802e-01,1.072775200009346008e-01,1.066393628716468811e-01,1.062448918819427490e-01,1.054292768239974976e-01,1.060845330357551575e-01,1.024595350027084351e-01,1.060693785548210144e-01,1.040833890438079834e-01,1.061604619026184082e-01,1.050270944833755493e-01
9.331752075864332627e-03,2.118724296451546252e-05,1.029003411531448364e-01,1.014238595962524414e-01,1.013629138469696045e-01,1.038854271173477173e-01,1.015176475048065186e-01,1.019354313611984253e-01,1.024315357208251953e-01,1.027192175388336182e-01,9.946788102388381958e-02,1.007229089736938477e-01,1.021661460399627686e-01,1.007168442010879517e-01,9.952615946531295776e-02,1.023199409246444702e-01,9.983532875776290894e-02
9.495928221734251454e-03,2.045807923423126340e-05,9.755192697048187256e-02,9.890184551477432251e-02,9.919632226228713989e-02,9.799420833587646484e-02,9.884148091077804565e-02,1.014740020036697388e-01,9.697725623846054077e-02,9.704612195491790771e-02,9.732108563184738159e-02,9.633193910121917725e-02,9.978787600994110107e-02,9.541686624288558960e-02,9.815727919340133667e-02,9.585351496934890747e-02,9.821248054504394531e-02
9.660104367604172015e-03,1.983531547011807561e-05,9.589920192956924438e-02,9.561218321323394775e-02,9.536073356866836548e-02,9.666665643453598022e-02,9.621216356754302979e-02,9.710948914289474487e-02,9.463239461183547974e-02,9.473989903926849365e-02,9.553660452365875244e-02,9.315054863691329956e-02,9.482813626527786255e-02,9.330784529447555542e-02,9.336886554956436157e-02,9.220425039529800415e-02,9.594689309597015381e-02
9.824280513474090842e-03,1.915086795634124428e-05,9.347279369831085205e-02,9.212077409029006958e-02,8.999969065189361572e-02,9.059399366378784180e-02,9.231519699096679688e-02,9.178083389997482300e-02,8.927463740110397339e-02,9.346099197864532471e-02,9.353793412446975708e-02,9.040587395429611206e-02,8.947353810071945190e-02,9.335776418447494507e-02,9.083475917577743530e-02,9.299070388078689575e-02,9.241073578596115112e-02
9.988456659344011404e-03,1.880218042060732841e-05,9.301303327083587646e-02,8.980662375688552856e-02,9.037509560585021973e-02,9.142977744340896606e-02,8.953133970499038696e-02,9.057252854108810425e-02,8.857428282499313354e-02,9.187576174736022949e-02,9.156641364097595215e-02,8.887829631567001343e-02,8.950226008892059326e-02,8.791372179985046387e-02,8.867718279361724854e-02,9.036676585674285889e-02,8.989507704973220825e-02
1.015263280521393023e-02,1.820408760977443308e-05,8.692456036806106567e-02,8.927212655544281006e-02,8.640851825475692749e-02,8.904822915792465210e-02,8.769115060567855835e-02,8.514058589935302734e-02,8.745675534009933472e-02,8.736515790224075317e-02,8.885706216096878052e-02,8.739628642797470093e-02,8.632887899875640869e-02,8.854736387729644775e-02,8.571539074182510376e-02,8.609025180339813232e-02,8.589097857475280762e-02
1.031680895108384906e-02,1.757953577907755971e-05,8.417375385761260986e-02,8.103303611278533936e-02,8.257677406072616577e-02,8.284336328506469727e-02,8.497237414121627808e-02,8.504833281040191650e-02,8.437778800725936890e-02,8.393169194459915161e-02,8.309748023748397827e-02,8.462814241647720337e-02,8.365022391080856323e-02,8.619651198387145996e-02,8.489067852497100830e-02,8.531592041254043579e-02,8.557946979999542236e-02
1.048098509695376962e-02,1.722637171042151749e-05,8.342900872230529785e-02,8.260437846183776855e-02,8.257996290922164917e-02,8.144514262676239014e-02,8.406363427639007568e-02,8.262123167514801025e-02,8.302866667509078979e-02,8.203960955142974854e-02,8.371369540691375732e-02,8.296797424554824829e-02,8.275933563709259033e-02,8.307150006294250488e-02,8.173354715108871460e-02,8.136729896068572998e-02,8.170633763074874878e-02
1.064516124282369018e-02,1.675149178481660783e-05,8.044172078371047974e-02,7.861735671758651733e-02,8.000779896974563599e-02,7.922782003879547119e-02,7.990235835313796997e-02,7.957523316144943237e-02,8.026459813117980957e-02,8.127289265394210815e-02,8.036963641643524170e-02,7.950552552938461304e-02,8.024650067090988159e-02,8.271788805723190308e-02,7.918478548526763916e-02,8.045516163110733032e-02,8.091058582067489624e-02
1.080933738869360901e-02,1.629187863727565855e-05,7.720740884542465210e-02,7.786009460687637329e-02,7.682636380195617676e-02,7.798670977354049683e-02,7.733311504125595093e-02,7.777475565671920776e-02,7.579810917377471924e-02,7.908186316490173340e-02,7.688589394092559814e-02,7.656747102737426758e-02,7.864300906658172607e-02,7.839442789554595947e-02,8.012583851814270020e-02,7.839377224445343018e-02,8.042100816965103149e-02
1.097351353456352784e-02,1.603015516593586653e-05,7.625857740640640259e-02,7.619403302669525146e-02,7.781419903039932251e-02,7.774876803159713745e-02,7.619319111108779907e-02,7.681406289339065552e-02,7.780560851097106934e-02,7.653199136257171631e-02,7.757949084043502808e-02,7.638443261384963989e-02,7.612037658691406250e-02,7.617631554603576660e-02,7.564301788806915283e-02,7.657565176486968994e-02,7.610413432121276855e-02
1.113768968043344666e-02,1.568113293615169823e-05,7.412983477115631104e-02,7.654431462287902832e-02,7.566538453102111816e-02,7.681687921285629272e-02,7.550510019063949585e-02,7.375726848840713501e-02,7.495520263910293579e-02,7.430348545312881470e-02,7.574055343866348267e-02,7.353071123361587524e-02,7.547491788864135742e-02,7.515672594308853149e-02,7.625450938940048218e-02,7.356816530227661133e-02,7.530923187732696533e-02
1.130186582630336549e-02,1.538645847176667303e-05,7.271640747785568237e-02,7.377807050943374634e-02,7.212071120738983154e-02,7.554914057254791260e-02,7.498520612716674805e-02,7.334107160568237305e-02,7.491032034158706665e-02,7.364091277122497559e-02,7.227436453104019165e-02,7.292368263006210327e-02,7.247470319271087646e-02,7.530187815427780151e-02,7.409273833036422729e-02,7.288395613431930542e-02,7.405350357294082642e-02
1.146604197217328605e-02,1.507663728261832148e-05,7.124777138233184814e-02,7.286330312490463257e-02,7.149860262870788574e-02,7.169981300830841064e-02,7.126419246196746826e-02,7.243867218494415283e-02,7.444682717323303223e-02,7.292249053716659546e-02,7.235912233591079712e-02,7.047725468873977661e-02,7.163733989000320435e-02,7.203426212072372437e-02,7.268872112035751343e-02,7.217987626791000366e-02,7.279437035322189331e-02
1.163021811804320661e-02,1.485562097514048219e-05,7.284591346979141235e-02,6.950138509273529053e-02,7.191351801156997681e-02,6.974548101425170898e-02,7.124160230159759521e-02,7.034459710121154785e-02,7.338174432516098022e-02,7.118770480155944824e-02,7.072538137435913086e-02,7.109216600656509399e-02,7.065223157405853271e-02,7.170838117599487305e-02,7.029052823781967163e-02,7.031784206628799438e-02,7.213994860649108887e-02
1.179439426391312544e-02,1.454404809919651598e-05,7.149697840213775635e-02,6.684444844722747803e-02,7.029732316732406616e-02,6.861262768507003784e-02,6.888870894908905029e-02,7.173386961221694946e-02,7.024781405925750732e-02,6.971722096204757690e-02,7.108474522829055786e-02,6.901329755783081055e-02,6.879139691591262817e-02,6.949688494205474854e-02,6.961437314748764038e-02,6.903465092182159424e-02,6.950055807828903198e-02
1.195857040978304427e-02,1.437378159607760608e-05,6.616603583097457886e-02,6.746879965066909790e-02,6.735067814588546753e-02,6.971796602010726929e-02,6.914440542459487915e-02,7.021112740039825439e-02,7.146745920181274414e-02,6.991559267044067383e-02,6.718541681766510010e-02,6.851785629987716675e-02,6.881464272737503052e-02,6.944924592971801758e-02,6.954956054687500000e-02,6.944640725851058960e-02,6.747400015592575073e-02
1.212274655565296309e-02,1.404627346346387640e-05,6.668213754892349243e-02,6.543334573507308960e-02,6.738637387752532959e-02,6.682522594928741455e-02,6.648448854684829712e-02,6.735941767692565918e-02,6.740755587816238403e-02,6.815833598375320435e-02,6.804907321929931641e-02,6.793316453695297241e-02,6.843971461057662964e-02,6.679266691207885742e-02,6.885094195604324341e-02,6.801281124353408813e-02,6.545326858758926392e-02
1.228692270152288366e-02,1.406343471899162978e-05,6.762786209583282471e-02,6.670754402875900269e-02,6.736592948436737061e-02,6.674578785896301270e-02,6.658621877431869507e-02,6.705132126808166504e-02,6.667546927928924561e-02,6.716741621494293213e-02,6.817769259214401245e-02,6.866850703954696655e-02,6.767226010560989380e-02,6.784232705831527710e-02,6.825038790702819824e-02,6.561348587274551392e-02,6.716236472129821777e-02
1.245109884739280422e-02,1.385948689858196303e-05,6.719830632209777832e-02,6.668197363615036011e-02,6.498274952173233032e-02,6.415552645921707153e-02,6.574271619319915771e-02,6.702858209609985352e-02,6.536894291639328003e-02,6.728606671094894409e-02,6.646007299423217773e-02,6.858105212450027466e-02,6.759133934974670410e-02,6.737454980611801147e-02,6.528444588184356689e-02,6.667391955852508545e-02,6.649264693260192871e-02
1.261527499326272304e-02,1.369496476399945095e-05,6.491649895906448364e-02,6.587018072605133057e-02,6.448599696159362793e-02,6.524296104907989502e-02,6.310320645570755005e-02,6.463726609945297241e-02,6.561908125877380371e-02,6.678209453821182251e-02,6.775718927383422852e-02,6.620653718709945679e-02,6.376279890537261963e-02,6.667564809322357178e-02,6.579535454511642456e-02,6.521430611610412598e-02,6.662768125534057617e-02
1.277945113913264187e-02,1.362386592518305406e-05,6.765571981668472290e-02,6.441038101911544800e-02,6.545613706111907959e-02,6.492108851671218872e-02,6.373675912618637085e-02,6.473664194345474243e-02,6.477772444486618042e-02,6.484530866146087646e-02,6.474949419498443604e-02,6.611531972885131836e-02,6.667827814817428589e-02,6.404017657041549683e-02,6.693610548973083496e-02,6.414675712585449219e-02,6.531358510255813599e-02
1.294362728500256070e-02,1.318926933890907094e-05,6.378635019063949585e-02,6.146465614438056946e-02,6.409460306167602539e-02,6.072459369897842407e-02,6.124937161803245544e-02,6.383012980222702026e-02,6.380441039800643921e-02,6.263866275548934937e-02,6.369136273860931396e-02,6.372703611850738525e-02,6.574744731187820435e-02,6.529887765645980835e-02,6.273029744625091553e-02,6.106098368763923645e-02,6.505421549081802368e-02
1.310780343087248126e-02,1.312849690293660387e-05,6.251025199890136719e-02,6.135630980134010315e-02,6.295061111450195312e-02,6.192304193973541260e-02,6.249031051993370056e-02,6.215095520019531250e-02,6.347495317459106445e-02,6.245837360620498657e-02,6.423435360193252563e-02,6.212121620774269104e-02,6.249868124723434448e-02,6.334593892097473145e-02,6.456447392702102661e-02,6.374734640121459961e-02,6.368910521268844604e-02
1.327197957674240182e-02,1.316417183261364698e-05,6.308866292238235474e-02,6.225139647722244263e-02,6.360398232936859131e-02,6.059520691633224487e-02,6.328057497739791870e-02,6.283914297819137573e-02,6.265910714864730835e-02,6.222500279545783997e-02,6.278261542320251465e-02,6.279041618108749390e-02,6.420035660266876221e-02,6.229663267731666565e-02,6.437087059020996094e-02,6.595943868160247803e-02,6.257684528827667236e-02
1.343615572261232065e-02,1.292137312702834606e-05,6.249282509088516235e-02,6.084692850708961487e-02,6.056791543960571289e-02,6.213439628481864929e-02,6.257918477058410645e-02,6.162694841623306274e-02,6.177462637424468994e-02,6.352850049734115601e-02,6.083584576845169067e-02,6.257039308547973633e-02,6.274924427270889282e-02,6.121362000703811646e-02,6.236328557133674622e-02,6.248668953776359558e-02,6.136856973171234131e-02
1.360033186848223948e-02,1.272283043363131583e-05,6.229438632726669312e-02,6.097256019711494446e-02,5.958628654479980469e-02,6.161708384752273560e-02,6.120551750063896179e-02,6.265605241060256958e-02,6.043067947030067444e-02,6.025364995002746582e-02,6.018792092800140381e-02,6.085862591862678528e-02,6.088555604219436646e-02,6.145703420042991638e-02,6.192012503743171692e-02,6.038577109575271606e-02,6.100555136799812317e-02
1.376450801435215830e-02,1.265407445316668600e-05,5.899431928992271423e-02,6.038097664713859558e-02,5.993324890732765198e-02,5.859391018748283386e-02,6.325603276491165161e-02,5.993649736046791077e-02,6.115143746137619019e-02,6.133754551410675049e-02,5.870096758008003235e-02,5.880533158779144287e-02,6.209687516093254089e-02,6.089555472135543823e-02,6.133380159735679626e-02,6.290986388921737671e-02,6.082852929830551147e-02
1.392868416022207886e-02,1.256720224773744121e-05,5.923156440258026123e-02,5.937746539711952209e-02,5.922444164752960205e-02,6.022358685731887817e-02,5.970795452594757080e-02,6.016942113637924194e-02,6.157160177826881409e-02,6.092514470219612122e-02,6.020858138799667358e-02,5.888064578175544739e-02,5.926540493965148926e-02,6.189077720046043396e-02,6.116217002272605896e-02,6.017086654901504517e-02,6.149759516119956970e-02
1.409286030609199943e-02,1.228565542987780645e-05,5.752265453338623047e-02,6.045223399996757507e-02,5.774897336959838867e-02,5.761779472231864929e-02,5.904587730765342712e-02,5.798866599798202515e-02,5.827376246452331543e-02,5.861032754182815552e-02,5.882286652922630310e-02,5.884599313139915466e-02,6.018956750631332397e-02,6.059686467051506042e-02,5.925387144088745117e-02,5.740451067686080933e-02,5.994544550776481628e-02
1.425703645196191825e-02,1.230835550813935697e-05,5.719688907265663147e-02,5.801795795559883118e-02,5.988930165767669678e-02,5.934119597077369690e-02,5.818672478199005127e-02,5.855147540569305420e-02,6.016489118337631226e-02,5.851412191987037659e-02,5.846210941672325134e-02,5.940445140004158020e-02,5.932773277163505554e-02,5.784402787685394287e-02,5.906175076961517334e-02,6.016230955719947815e-02,6.001639366149902344e-02
1.442121259783183708e-02,1.220140075020026416e-05,5.777126923203468323e-02,5.753616616129875183e-02,5.722304061055183411e-02,5.905916169285774231e-02,5.806399881839752197e-02,5.854803323745727539e-02,5.825888365507125854e-02,5.852755159139633179e-02,5.850651860237121582e-02,5.956500396132469177e-02,5.811585113406181335e-02,5.810913816094398499e-02,5.796565115451812744e-02,5.862802267074584961e-02,6.036940589547157288e-02
1.458538874370175591e-02,1.207176137540955096e-05,5.706927180290222168e-02,5.673434585332870483e-02,5.764505639672279358e-02,5.917582660913467407e-02,5.656709894537925720e-02,5.881402269005775452e-02,5.947668477892875671e-02,5.661795660853385925e-02,5.766203626990318298e-02,5.677029117941856384e-02,5.822481960058212280e-02,5.827662348747253418e-02,5.938382074236869812e-02,5.912614613771438599e-02,5.694886296987533569e-02
1.474956488957167647e-02,1.201914892590139061e-05,5.695386230945587158e-02,5.691607668995857239e-02,5.557630956172943115e-02,5.535201355814933777e-02,5.767815560102462769e-02,5.756767466664314270e-02,5.832295492291450500e-02,5.693153664469718933e-02,5.548449978232383728e-02,5.793410167098045349e-02,5.728684365749359131e-02,5.876742675900459290e-02,5.960454419255256653e-02,5.832456797361373901e-02,5.825732275843620300e-02
1.491374103544159703e-02,1.192501986224669963e-05,5.637627840042114258e-02,5.479276180267333984e-02,5.806055292487144470e-02,5.611409619450569153e-02,5.693439021706581116e-02,5.619027093052864075e-02,5.721464380621910095e-02,5.594462901353836060e-02,5.671601369976997375e-02,5.802680552005767822e-02,5.625566095113754272e-02,5.728740245103836060e-02,5.821255967020988464e-02,5.816909670829772949e-02,5.778051167726516724e-02
1.507791718131151586e-02,1.183574477181537077e-05,5.519713088870048523e-02,5.828811228275299072e-02,5.628779157996177673e-02,5.644953623414039612e-02,5.705004557967185974e-02,5.625670030713081360e-02,5.683229491114616394e-02,5.829550325870513916e-02,5.651952698826789856e-02,5.665861815214157104e-02,5.667456239461898804e-02,5.731438100337982178e-02,5.691584199666976929e-02,5.610005930066108704e-02,5.759088322520256042e-02
1.524209332718143468e-02,1.181106836156686768e-05,5.551469326019287109e-02,5.632593110203742981e-02,5.625087767839431763e-02,5.824872106313705444e-02,5.701641365885734558e-02,5.664374679327011108e-02,5.667894706130027771e-02,5.681798234581947327e-02,5.519596859812736511e-02,5.587657168507575989e-02,5.659176036715507507e-02,5.543432384729385376e-02,5.674414709210395813e-02,5.777845159173011780e-02,5.725372955203056335e-02
1.540626947305135351e-02,1.171002986666280776e-05,5.615179613232612610e-02,5.550748109817504883e-02,5.601715669035911560e-02,5.590799078345298767e-02,5.656893178820610046e-02,5.707346647977828979e-02,5.688280612230300903e-02,5.571540072560310364e-02,5.490676686167716980e-02,5.538981780409812927e-02,5.548442527651786804e-02,5.675520002841949463e-02,5.671888589859008789e-02,5.771768838167190552e-02,5.659623444080352783e-02
1.557044561892127407e-02,1.163401520898332819e-05,5.550623312592506409e-02,5.458105728030204773e-02,5.528132244944572449e-02,5.578046292066574097e-02,5.507630854845046997e-02,5.485699325799942017e-02,5.543288215994834900e-02,5.613184347748756409e-02,5.628744512796401978e-02,5.694513395428657532e-02,5.581329390406608582e-02,5.728727579116821289e-02,5.590458214282989502e-02,5.594187974929809570e-02,5.666332691907882690e-02
1.573462176479119290e-02,1.166254423878854141e-05,5.451858788728713989e-02,5.472306162118911743e-02,5.582519993185997009e-02,5.566693842411041260e-02,5.601673573255538940e-02,5.515933781862258911e-02,5.642788857221603394e-02,5.697718635201454163e-02,5.714527145028114319e-02,5.668505281209945679e-02,5.739522725343704224e-02,5.686328560113906860e-02,5.661781132221221924e-02,5.444080010056495667e-02,5.652955919504165649e-02
1.589879791066111520e-02,1.158111354016000405e-05,5.482894182205200195e-02,5.437438562512397766e-02,5.508361011743545532e-02,5.595512688159942627e-02,5.568575486540794373e-02,5.608595907688140869e-02,5.488932877779006958e-02,5.455155670642852783e-02,5.629872158169746399e-02,5.479625985026359558e-02,5.577056854963302612e-02,5.580254271626472473e-02,5.547065287828445435e-02,5.707676708698272705e-02,5.465460568666458130e-02
1.606297405653103055e-02,1.147007696999935433e-05,5.303373932838439941e-02,5.537911504507064819e-02,5.403682589530944824e-02,5.372050032019615173e-02,5.478860065340995789e-02,5.441404506564140320e-02,5.648164823651313782e-02,5.575135722756385803e-02,5.505970120429992676e-02,5.629219859838485718e-02,5.502524226903915405e-02,5.584838613867759705e-02,5.495489388704299927e-02,5.464960262179374695e-02,5.470535904169082642e-02
1.622715020240095285e-02,1.146353042713599280e-05,5.354053154587745667e-02,5.510258674621582031e-02,5.474920570850372314e-02,5.627999454736709595e-02,5.517278239130973816e-02,5.427652969956398010e-02,5.524137988686561584e-02,5.473273992538452148e-02,5.474038049578666687e-02,5.492207780480384827e-02,5.416240915656089783e-02,5.463799461722373962e-02,5.579578876495361328e-02,5.607134103775024414e-02,5.423340201377868652e-02
1.639132634827087168e-02,1.127854648075299338e-05,5.333673954010009766e-02,5.344112217426300049e-02,5.202855169773101807e-02,5.436545982956886292e-02,5.420715361833572388e-02,5.468043312430381775e-02,5.324669554829597473e-02,5.430877208709716797e-02,5.511881411075592041e-02,5.339155718684196472e-02,5.326114594936370850e-02,5.426771566271781921e-02,5.429476127028465271e-02,5.394117161631584167e-02,5.541770160198211670e-02
1.655550249414079050e-02,1.119084936362924054e-05,5.404764786362648010e-02,5.321869254112243652e-02,5.317987501621246338e-02,5.329146981239318848e-02,5.233416706323623657e-02,5.376848205924034119e-02,5.384783819317817688e-02,5.325225368142127991e-02,5.443014949560165405e-02,5.475169792771339417e-02,5.291317775845527649e-02,5.401564761996269226e-02,5.375159159302711487e-02,5.338327214121818542e-02,5.454261600971221924e-02
1.671967864001071280e-02,1.122047797252889723e-05,5.298883095383644104e-02,5.398623645305633545e-02,5.316719412803649902e-02,5.340292677283287048e-02,5.350029096007347107e-02,5.461506918072700500e-02,5.387129262089729309e-02,5.385221540927886963e-02,5.386424064636230469e-02,5.386019870638847351e-02,5.416767671704292297e-02,5.363989621400833130e-02,5.353049188852310181e-02,5.310430005192756653e-02,5.574578791856765747e-02
1.688385478588062816e-02,1.119507032854016870e-05,5.217028781771659851e-02,5.288261175155639648e-02,5.502030625939369202e-02,5.207210779190063477e-02,5.299802497029304504e-02,5.275269970297813416e-02,5.421161279082298279e-02,5.374518781900405884e-02,5.266960337758064270e-02,5.442518740892410278e-02,5.448189377784729004e-02,5.302169546484947205e-02,5.423402041196823120e-02,5.434203147888183594e-02,5.522597953677177429e-02
1.704803093175055045e-02,1.105832234316039830e-05,5.146028101444244385e-02,5.231081321835517883e-02,5.324688181281089783e-02,5.272295325994491577e-02,5.206158757209777832e-02,5.256756022572517395e-02,5.395049229264259338e-02,5.202660337090492249e-02,5.453175678849220276e-02,5.236052721738815308e-02,5.429837480187416077e-02,5.363157391548156738e-02,5.362192168831825256e-02,5.431459471583366394e-02,5.276493355631828308e-02
1.721220707762046928e-02,1.103141130442963913e-05,5.228819698095321655e-02,5.216719582676887512e-02,5.229665711522102356e-02,5.273359641432762146e-02,5.283692106604576111e-02,5.245923623442649841e-02,5.320321395993232727e-02,5.205146223306655884e-02,5.401366576552391052e-02,5.247000232338905334e-02,5.352361500263214111e-02,5.227198451757431030e-02,5.288501083850860596e-02,5.424245819449424744e-02,5.290256813168525696e-02
1.737638322349038811e-02,1.099333348975051194e-05,5.185533687472343445e-02,5.198958888649940491e-02,5.153003334999084473e-02,5.109377205371856689e-02,5.224590376019477844e-02,5.315201729536056519e-02,5.417848005890846252e-02,5.292567610740661621e-02,5.325502902269363403e-02,5.209553986787796021e-02,5.252584442496299744e-02,5.336540564894676208e-02,5.291216447949409485e-02,5.264095216989517212e-02,5.476225912570953369e-02
1.754055936936031040e-02,1.109945787902688608e-05,5.199811607599258423e-02,5.234983935952186584e-02,5.243407189846038818e-02,5.304970219731330872e-02,5.208565667271614075e-02,5.312374234199523926e-02,5.323485285043716431e-02,5.370185524225234985e-02,5.371403694152832031e-02,5.466869845986366272e-02,5.285719782114028931e-02,5.353942140936851501e-02,5.365369841456413269e-02,5.319178849458694458e-02,5.405036360025405884e-02
1.770473551523022576e-02,1.095045081456191838e-05,5.195612832903862000e-02,5.080957710742950439e-02,5.290020257234573364e-02,5.293773114681243896e-02,5.176163464784622192e-02,5.299371480941772461e-02,5.134421586990356445e-02,5.154758691787719727e-02,5.097901821136474609e-02,5.270465835928916931e-02,5.312072485685348511e-02,5.282706767320632935e-02,5.197163298726081848e-02,5.388224124908447266e-02,5.392457544803619385e-02
1.786891166110014806e-02,1.092968614102574065e-05,5.145114287734031677e-02,5.155890807509422302e-02,5.204214900732040405e-02,5.143528059124946594e-02,5.176946148276329041e-02,5.166865885257720947e-02,5.154223367571830750e-02,5.229694023728370667e-02,5.332277342677116394e-02,5.295028164982795715e-02,5.258348211646080017e-02,5.277845636010169983e-02,5.335567519068717957e-02,5.250348895788192749e-02,5.285297334194183350e-02
1.803308780697006689e-02,1.095335301215527579e-05,5.129681155085563660e-02,5.258757993578910828e-02,5.231272801756858826e-02,5.271023884415626526e-02,5.353661999106407166e-02,5.279565602540969849e-02,5.326809734106063843e-02,5.062810704112052917e-02,5.230424553155899048e-02,5.239429697394371033e-02,5.253214016556739807e-02,5.247368291020393372e-02,5.356333032250404358e-02,5.328546836972236633e-02,5.202088132500648499e-02
1.819726395283998571e-02,1.087269902200205252e-05,5.209639295935630798e-02,5.254799500107765198e-02,5.093799158930778503e-02,5.122802034020423889e-02,5.241427943110466003e-02,5.265429615974426270e-02,5.193705856800079346e-02,5.258281901478767395e-02,5.186949297785758972e-02,5.117677524685859680e-02,5.164909362792968750e-02,5.316713452339172363e-02,5.310936272144317627e-02,5.262609571218490601e-02,5.279069021344184875e-02
1.836144009870990801e-02,1.082436483557103202e-05,5.026380345225334167e-02,5.208900943398475647e-02,5.157727748155593872e-02,5.068818852305412292e-02,5.174657702445983887e-02,5.261519178748130798e-02,5.224451795220375061e-02,5.107836797833442688e-02,5.218623951077461243e-02,5.196922644972801208e-02,5.114429071545600891e-02,5.324677377939224243e-02,5.219693109393119812e-02,5.249886587262153625e-02,5.210584029555320740e-02
1.852561624457982337e-02,1.078630521078594029e-05,5.222544819116592407e-02,5.033705011010169983e-02,5.150031298398971558e-02,5.162161588668823242e-02,5.150222405791282654e-02,5.158499255776405334e-02,5.178267136216163635e-02,4.942157492041587830e-02,5.160308256745338440e-02,5.254330113530158997e-02,5.022845417261123657e-02,5.097683519124984741e-02,5.253316462039947510e-02,5.321515351533889771e-02,5.257052555680274963e-02
1.868979239044974566e-02,1.082053404388716444e-05,4.932233691215515137e-02,5.175575986504554749e-02,5.122479423880577087e-02,5.241945385932922363e-02,5.150397494435310364e-02,5.295312777161598206e-02,5.100614577531814575e-02,5.156435444951057434e-02,5.248301103711128235e-02,5.247152224183082581e-02,5.308715254068374634e-02,5.177626386284828186e-02,5.234018340706825256e-02,5.164381489157676697e-02,5.278058722615242004e-02
1.885396853631966796e-02,1.071876704372698441e-05,5.094795674085617065e-02,5.015095695853233337e-02,5.099343135952949524e-02,5.086969584226608276e-02,5.074059590697288513e-02,4.970107227563858032e-02,5.005704611539840698e-02,5.154445394873619080e-02,5.180695652961730957e-02,5.260392278432846069e-02,5.207734555006027222e-02,5.185218900442123413e-02,5.153099074959754944e-02,5.233315378427505493e-02,5.231696367263793945e-02
1.901814468218958332e-02,1.075162253982853144e-05,5.107619613409042358e-02,5.162868276238441467e-02,5.047826096415519714e-02,5.098767206072807312e-02,5.021174624562263489e-02,5.157903581857681274e-02,5.101924017071723938e-02,5.174384638667106628e-02,5.147863924503326416e-02,5.180204287171363831e-02,5.186725407838821411e-02,5.167778208851814270e-02,5.250320583581924438e-02,5.249883234500885010e-02,5.139148235321044922e-02
1.918232082805950561e-02,1.071006954589392990e-05,5.148952454328536987e-02,5.136047676205635071e-02,5.051751434803009033e-02,5.091353505849838257e-02,5.042546987533569336e-02,5.177194252610206604e-02,5.047940835356712341e-02,5.133555829524993896e-02,5.131414160132408142e-02,5.276188999414443970e-02,5.185842886567115784e-02,5.206933990120887756e-02,5.129151418805122375e-02,5.126382037997245789e-02,5.214144289493560791e-02
1.934649697392942097e-02,1.062566479959059507e-05,4.947583749890327454e-02,5.155515670776367188e-02,5.035121738910675049e-02,5.049754306674003601e-02,5.116747319698333740e-02,5.058917030692100525e-02,5.032630637288093567e-02,5.176634714007377625e-02,5.094553902745246887e-02,5.145752802491188049e-02,5.170250684022903442e-02,4.980921745300292969e-02,5.159106105566024780e-02,5.246055126190185547e-02,5.008474737405776978e-02
1.951067311979934327e-02,1.062253249983768910e-05,4.945566505193710327e-02,5.077083781361579895e-02,5.139010399580001831e-02,4.914439842104911804e-02,5.113846808671951294e-02,5.039058625698089600e-02,5.115821212530136108e-02,5.025186017155647278e-02,5.147671326994895935e-02,5.112290382385253906e-02,5.182777345180511475e-02,5.129962787032127380e-02,5.168055742979049683e-02,5.102003738284111023e-02,5.146244913339614868e-02
1.967484926566926556e-02,1.062616047420306131e-05,4.859807342290878296e-02,5.025654286146163940e-02,4.964060708880424500e-02,5.104826763272285461e-02,5.099162459373474121e-02,5.137514695525169373e-02,5.113666132092475891e-02,5.001162737607955933e-02,5.128850415349006653e-02,5.221801251173019409e-02,5.144207179546356201e-02,5.197819322347640991e-02,5.204362049698829651e-02,5.096627026796340942e-02,5.091850087046623230e-02
1.983902541153918092e-02,1.055150187312392518e-05,4.937282204627990723e-02,4.961707815527915955e-02,4.996309056878089905e-02,4.998025670647621155e-02,5.040917545557022095e-02,5.044903978705406189e-02,5.100046843290328979e-02,5.056660622358322144e-02,5.085252970457077026e-02,5.132295191287994385e-02,5.092850700020790100e-02,5.058414116501808167e-02,5.116997286677360535e-02,5.084817856550216675e-02,5.137214064598083496e-02
2.000320155740910322e-02,1.054785388987511396e-05,5.022661015391349792e-02,4.935614764690399170e-02,5.107336118817329407e-02,4.889845103025436401e-02,4.986781626939773560e-02,5.107590928673744202e-02,5.099148675799369812e-02,4.992781952023506165e-02,5.128329992294311523e-02,4.955403879284858704e-02,5.125527828931808472e-02,5.168192088603973389e-02,5.096683651208877563e-02,5.184224247932434082e-02,5.082881078124046326e-02
2.016737770327901857e-02,1.057221470546210185e-05,4.919627308845520020e-02,5.010589957237243652e-02,5.102361366152763367e-02,4.986310005187988281e-02,5.014132708311080933e-02,5.144663155078887939e-02,5.081353709101676941e-02,5.115265771746635437e-02,5.141692236065864563e-02,5.110532045364379883e-02,5.110512673854827881e-02,5.072653666138648987e-02,5.128510296344757080e-02,5.092573165893554688e-02,5.063703283667564392e-02
2.033155384914894087e-02,1.052828974934527650e-05,5.091786012053489685e-02,5.049748346209526062e-02,5.007274821400642395e-02,4.905459284782409668e-02,4.955951496958732605e-02,4.948754236102104187e-02,4.996878281235694885e-02,5.076880007982254028e-02,5.095526576042175293e-02,5.154531821608543396e-02,5.012907832860946655e-02,5.158782005310058594e-02,5.244253203272819519e-02,5.099732056260108948e-02,4.995226114988327026e-02
2.049572999501885970e-02,1.049231286742724478e-05,5.041416361927986145e-02,4.965999722480773926e-02,4.804014414548873901e-02,4.983401298522949219e-02,4.873448610305786133e-02,5.042000114917755127e-02,4.906803742051124573e-02,5.145951732993125916e-02,4.998898506164550781e-02,5.188411846756935120e-02,5.039816349744796753e-02,5.077278241515159607e-02,5.066962167620658875e-02,5.101849883794784546e-02,5.156340450048446655e-02
2.065990614088877853e-02,1.055941902450285852e-05,4.888067767024040222e-02,4.993061348795890808e-02,4.975692182779312134e-02,5.037144199013710022e-02,5.018573254346847534e-02,5.105128139257431030e-02,5.113507807254791260e-02,4.959543421864509583e-02,5.060575157403945923e-02,5.087308585643768311e-02,5.079628154635429382e-02,5.121126398444175720e-02,5.119042843580245972e-02,5.102051049470901489e-02,5.216031149029731750e-02
2.082408228675870082e-02,1.047780733642866835e-05,4.994349926710128784e-02,4.900052025914192200e-02,4.995709285140037537e-02,5.026560276746749878e-02,4.904180392622947693e-02,4.975050687789916992e-02,4.907102137804031372e-02,5.148041620850563049e-02,4.976984485983848572e-02,5.202988907694816589e-02,5.059917643666267395e-02,5.080512166023254395e-02,4.983910918235778809e-02,5.103491246700286865e-02,4.990104213356971741e-02
2.098825843262861618e-02,1.043542488332604989e-05,4.923817887902259827e-02,4.884338751435279846e-02,4.949909076094627380e-02,5.010379478335380554e-02,5.008083581924438477e-02,4.995292797684669495e-02,4.909688606858253479e-02,5.026219040155410767e-02,4.953338205814361572e-02,5.062746629118919373e-02,5.008800700306892395e-02,5.084841698408126831e-02,5.204772204160690308e-02,5.192622542381286621e-02,4.894092306494712830e-02
2.115243457849853848e-02,1.043786778609501198e-05,4.982336238026618958e-02,4.893411695957183838e-02,4.935310781002044678e-02,4.994351789355278015e-02,4.982559755444526672e-02,4.973670467734336853e-02,5.088474228978157043e-02,4.905581474304199219e-02,5.107817798852920532e-02,5.064017698168754578e-02,4.927130788564682007e-02,5.063171312212944031e-02,5.024620890617370605e-02,5.078203976154327393e-02,5.002618581056594849e-02
2.131661072436845730e-02,1.043694192048860714e-05,4.858225211501121521e-02,4.942154884338378906e-02,4.926755279302597046e-02,5.075389146804809570e-02,4.946751147508621216e-02,5.131575092673301697e-02,5.001072213053703308e-02,4.980893060564994812e-02,4.976546019315719604e-02,4.988772794604301453e-02,4.992021620273590088e-02,5.140156671404838562e-02,4.977597668766975403e-02,5.036132410168647766e-02,5.097652599215507507e-02
2.148078687023837613e-02,1.035567038343288004e-05,4.920190200209617615e-02,4.836098849773406982e-02,4.966599121689796448e-02,4.935187101364135742e-02,4.887703433632850647e-02,4.893769696354866028e-02,4.978938028216362000e-02,4.919818788766860962e-02,5.106196925044059753e-02,4.857989773154258728e-02,5.166496708989143372e-02,5.044566467404365540e-02,5.030235648155212402e-02,4.986738786101341248e-02,5.000319704413414001e-02
2.164496301610829843e-02,1.041175892169121653e-05,4.862437397241592407e-02,4.891721531748771667e-02,4.905213788151741028e-02,4.944902285933494568e-02,4.957033693790435791e-02,4.961501806974411011e-02,4.974996298551559448e-02,5.027283355593681335e-02,4.962844401597976685e-02,5.126640573143959045e-02,5.067979171872138977e-02,5.139733850955963135e-02,5.090085789561271667e-02,4.979068785905838013e-02,4.971712455153465271e-02
2.180913916197821378e-02,1.036450976243941113e-05,4.861594736576080322e-02,4.892728477716445923e-02,4.906864091753959656e-02,4.880725592374801636e-02,4.893891885876655579e-02,4.972446709871292114e-02,4.940094053745269775e-02,4.938398301601409912e-02,4.887882247567176819e-02,5.018913373351097107e-02,4.990126565098762512e-02,5.140689387917518616e-02,4.930233955383300781e-02,5.036390572786331177e-02,5.121316388249397278e-02
2.197331530784813608e-02,1.045215503836516291e-05,4.860002547502517700e-02,5.006786063313484192e-02,5.101658403873443604e-02,4.820944368839263916e-02,4.967949539422988892e-02,4.877859354019165039e-02,5.079837515950202942e-02,5.006823688745498657e-02,5.075795948505401611e-02,5.054310336709022522e-02,5.096926912665367126e-02,5.110769346356391907e-02,5.044808983802795410e-02,4.954097419977188110e-02,5.084483698010444641e-02
2.213749145371805491e-02,1.044021246343618259e-05,4.881580173969268799e-02,4.955652728676795959e-02,5.047412589192390442e-02,4.952652752399444580e-02,5.034352838993072510e-02,4.979362338781356812e-02,4.951535910367965698e-02,4.951547458767890930e-02,5.003673955798149109e-02,5.043531581759452820e-02,5.044519901275634766e-02,5.037271231412887573e-02,5.162262916564941406e-02,4.945445060729980469e-02,5.029986798763275146e-02
2.230166759958797373e-02,1.034578053804580122e-05,4.894603416323661804e-02,4.803796857595443726e-02,4.892512783408164978e-02,5.041037499904632568e-02,4.920611903071403503e-02,4.932402074337005615e-02,4.966391623020172119e-02,4.856999590992927551e-02,4.937217384576797485e-02,4.998091608285903931e-02,4.919230937957763672e-02,5.022258311510086060e-02,5.064453929662704468e-02,5.088568851351737976e-02,5.024746060371398926e-02
2.246584374545789603e-02,1.036033791024237871e-05,4.909834638237953186e-02,4.955150932073593140e-02,4.950506612658500671e-02,4.939347505569458008e-02,4.987125843763351440e-02,4.918605089187622070e-02,4.917512834072113037e-02,4.829575121402740479e-02,4.900130629539489746e-02,5.063766613602638245e-02,5.122919753193855286e-02,5.065131932497024536e-02,5.010435357689857483e-02,5.103289708495140076e-02,4.834533110260963440e-02
2.263001989132781139e-02,1.037694437400205061e-05,4.897612333297729492e-02,4.921952262520790100e-02,4.841899126768112183e-02,4.930308833718299866e-02,4.892809689044952393e-02,4.925931990146636963e-02,4.912593215703964233e-02,4.957422241568565369e-02,5.087738484144210815e-02,4.985469207167625427e-02,5.095880478620529175e-02,5.115514248609542847e-02,4.963932186365127563e-02,5.071269720792770386e-02,4.914583638310432434e-02
2.279419603719773368e-02,1.034173601510701701e-05,4.826455190777778625e-02,4.927413910627365112e-02,4.886438697576522827e-02,4.907823354005813599e-02,4.867777973413467407e-02,4.978282749652862549e-02,4.978114739060401917e-02,4.858902469277381897e-02,4.871954768896102905e-02,5.105201900005340576e-02,4.982715100049972534e-02,5.012313649058341980e-02,5.076391622424125671e-02,5.141162127256393433e-02,4.919295012950897217e-02
2.295837218306765251e-02,1.034991237247595564e-05,4.880916327238082886e-02,4.847373068332672119e-02,4.959928244352340698e-02,4.990487173199653625e-02,5.003007128834724426e-02,4.821835830807685852e-02,5.046192929148674011e-02,4.952279105782508850e-02,5.012307688593864441e-02,4.939536750316619873e-02,4.882152751088142395e-02,5.006162449717521667e-02,4.940085113048553467e-02,5.037645250558853149e-02,5.039216578006744385e-02
2.312254832893757134e-02,1.032617365126498044e-05,4.764912649989128113e-02,4.734229296445846558e-02,4.887346178293228149e-02,5.000482499599456787e-02,4.936727508902549744e-02,4.890929535031318665e-02,4.938564822077751160e-02,4.979025945067405701e-02,4.975271224975585938e-02,5.041215568780899048e-02,5.054471641778945923e-02,4.998153448104858398e-02,5.021044239401817322e-02,5.004045739769935608e-02,5.043457448482513428e-02
2.328672447480749363e-02,1.021968182612909004e-05,4.861390963196754456e-02,4.871922358870506287e-02,4.843217879533767700e-02,4.803865030407905579e-02,4.830964654684066772e-02,4.834185168147087097e-02,4.951539263129234314e-02,4.879385232925415039e-02,4.858436435461044312e-02,4.910787194967269897e-02,4.941921681165695190e-02,4.902847483754158020e-02,4.947828873991966248e-02,4.986764863133430481e-02,5.035179480910301208e-02
2.345090062067740899e-02,1.028002770908642560e-05,4.780684411525726318e-02,4.953776299953460693e-02,4.810739681124687195e-02,4.975448176264762878e-02,4.956236481666564941e-02,4.854273423552513123e-02,4.927733168005943298e-02,4.972873255610466003e-02,4.991617798805236816e-02,4.929374530911445618e-02,4.883036017417907715e-02,5.038541927933692932e-02,4.948230087757110596e-02,4.986710473895072937e-02,4.952840507030487061e-02
2.361507676654733129e-02,1.028934730129549280e-05,4.860749095678329468e-02,4.860047623515129089e-02,4.886934906244277954e-02,4.879711568355560303e-02,4.868927225470542908e-02,4.887012764811515808e-02,4.862039163708686829e-02,4.911941662430763245e-02,5.046462640166282654e-02,4.895897209644317627e-02,5.001872777938842773e-02,4.938740655779838562e-02,5.015826597809791565e-02,5.045560002326965332e-02,4.976657405495643616e-02
2.377925291241725012e-02,1.023513686959631741e-05,4.845346882939338684e-02,4.809791967272758484e-02,4.843817651271820068e-02,4.823352023959159851e-02,4.909348860383033752e-02,4.934187978506088257e-02,4.956620931625366211e-02,4.813111200928688049e-02,5.037786066532135010e-02,4.978447407484054565e-02,4.886683821678161621e-02,4.849430918693542480e-02,4.849610477685928345e-02,4.954822361469268799e-02,5.037365481257438660e-02
2.394342905828716894e-02,1.027726466418243945e-05,4.920514672994613647e-02,4.799440130591392517e-02,4.865714535117149353e-02,4.855162650346755981e-02,4.788799583911895752e-02,4.974913969635963440e-02,4.861582070589065552e-02,4.953894764184951782e-02,4.937456548213958740e-02,4.915153235197067261e-02,4.982001334428787231e-02,4.907959327101707458e-02,4.971932247281074524e-02,5.060089752078056335e-02,5.067371949553489685e-02
2.410760520415709124e-02,1.028273072734009475e-05,4.834005236625671387e-02,4.901878163218498230e-02,4.912995919585227966e-02,4.843198135495185852e-02,4.927705600857734680e-02,4.816793277859687805e-02,4.944234713912010193e-02,4.993497952818870544e-02,4.938137531280517578e-02,4.929362982511520386e-02,5.036250501871109009e-02,4.967282712459564209e-02,4.911733418703079224e-02,5.002813041210174561e-02,5.055264756083488464e-02
2.427178135002700660e-02,1.025107030727667734e-05,4.897977039217948914e-02,4.828543588519096375e-02,4.924895986914634705e-02,4.804399982094764709e-02,4.795743897557258606e-02,4.993629828095436096e-02,4.854621738195419312e-02,4.943360388278961182e-02,4.927423596382141113e-02,4.947932809591293335e-02,4.952653497457504272e-02,4.873026162385940552e-02,4.986726492643356323e-02,4.929463192820549011e-02,5.041153356432914734e-02
2.443595749589692889e-02,1.024703124130610377e-05,4.700725898146629333e-02,4.787645116448402405e-02,4.842336848378181458e-02,4.798263683915138245e-02,4.906095936894416809e-02,4.853566735982894897e-02,4.883594065904617310e-02,4.893261194229125977e-02,4.956854134798049927e-02,4.988208785653114319e-02,4.959152638912200928e-02,4.910891875624656677e-02,5.076094716787338257e-02,4.991040378808975220e-02,4.962423816323280334e-02
2.460013364176684772e-02,1.025316669256426394e-05,4.736412689089775085e-02,4.873880371451377869e-02,4.773306846618652344e-02,4.921768605709075928e-02,4.912737384438514709e-02,4.882080852985382080e-02,4.851879924535751343e-02,4.885146394371986389e-02,5.010515823960304260e-02,4.980941116809844971e-02,5.013272911310195923e-02,4.983347654342651367e-02,4.955207183957099915e-02,4.965747892856597900e-02,4.936766624450683594e-02
2.476430978763676655e-02,1.023691038426477462e-05,4.905958101153373718e-02,4.872210696339607239e-02,4.892898723483085632e-02,4.840483143925666809e-02,4.780310392379760742e-02,4.968903586268424988e-02,4.906957969069480896e-02,4.768972098827362061e-02,4.795486479997634888e-02,4.971688240766525269e-02,4.981293529272079468e-02,4.998971521854400635e-02,4.999291896820068359e-02,4.921351000666618347e-02,4.912572726607322693e-02
2.492848593350668884e-02,1.024148969008820131e-05,4.871290922164916992e-02,4.858172684907913208e-02,4.857680201530456543e-02,4.884289205074310303e-02,4.784899950027465820e-02,4.847219958901405334e-02,4.904448240995407104e-02,5.017475783824920654e-02,5.010489001870155334e-02,4.801315814256668091e-02,4.931075125932693481e-02,4.944491758942604065e-02,4.928816109895706177e-02,5.054762214422225952e-02,4.969407990574836731e-02
2.509266207937660420e-02,1.023596996674314141e-05,4.837092012166976929e-02,4.877611994743347168e-02,4.849578440189361572e-02,4.773940891027450562e-02,4.860550165176391602e-02,4.936335608363151550e-02,4.859827831387519836e-02,4.874659329652786255e-02,4.840929061174392700e-02,4.869272932410240173e-02,4.869413003325462341e-02,5.135305598378181458e-02,4.906697198748588562e-02,4.955960437655448914e-02,5.064495652914047241e-02
2.525683822524652650e-02,1.017012164084007964e-05,4.861805960536003113e-02,4.827129840850830078e-02,4.818117618560791016e-02,4.819415509700775146e-02,4.775592684745788574e-02,4.875458031892776489e-02,4.785954579710960388e-02,4.743358492851257324e-02,4.965048283338546753e-02,4.918022826313972473e-02,5.027363449335098267e-02,4.880972951650619507e-02,4.846599698066711426e-02,4.910795018076896667e-02,5.058000609278678894e-02
2.542101437111644532e-02,1.020470790535910055e-05,4.851078242063522339e-02,4.763571172952651978e-02,4.844968765974044800e-02,4.795707762241363525e-02,4.938327521085739136e-02,4.878957942128181458e-02,4.894445091485977173e-02,4.834405705332756042e-02,4.917395114898681641e-02,4.949762672185897827e-02,4.907884448766708374e-02,4.961832240223884583e-02,4.894331097602844238e-02,4.949231073260307312e-02,5.027887597680091858e-02
2.558519051698636415e-02,1.023974527925020084e-05,4.837550967931747437e-02,4.779269546270370483e-02,4.869141802191734314e-02,4.984507337212562561e-02,4.935187101364135742e-02,4.848462715744972229e-02,4.807201400399208069e-02,5.000848323106765747e-02,4.851126670837402344e-02,4.923087731003761292e-02,4.985501617193222046e-02,5.006191879510879517e-02,4.954164475202560425e-02,4.914262518286705017e-02,4.953903332352638245e-02
2.574936666285628645e-02,1.016900478134630248e-05,4.822398722171783447e-02,4.859587922692298889e-02,4.873156547546386719e-02,4.774685204029083252e-02,4.908426851034164429e-02,4.948486015200614929e-02,4.963366314768791199e-02,4.724949598312377930e-02,4.926558211445808411e-02,4.870258271694183350e-02,4.942676052451133728e-02,4.856182262301445007e-02,4.877094179391860962e-02,4.883086308836936951e-02,4.909219220280647278e-02
2.591354280872620180e-02,1.016006262943847105e-05,4.805399850010871887e-02,4.798216745257377625e-02,4.810157790780067444e-02,4.892598465085029602e-02,4.727759957313537598e-02,4.860752820968627930e-02,4.853870719671249390e-02,4.868735000491142273e-02,4.880858585238456726e-02,4.851128906011581421e-02,4.908239841461181641e-02,4.814998060464859009e-02,4.860916361212730408e-02,5.050885677337646484e-02,4.940574988722801208e-02
2.607771895459612410e-02,1.019561386783607304e-05,4.804689064621925354e-02,4.896785318851470947e-02,4.896639287471771240e-02,4.898162186145782471e-02,4.895526543259620667e-02,4.815175384283065796e-02,4.892526194453239441e-02,4.936029016971588135e-02,4.880499467253684998e-02,4.831887409090995789e-02,4.861548915505409241e-02,4.962155967950820923e-02,4.938400536775588989e-02,4.866977781057357788e-02,4.886520653963088989e-02
2.624189510046604293e-02,1.014483859762549400e-05,4.667069390416145325e-02,4.800868034362792969e-02,4.758027568459510803e-02,4.848069697618484497e-02,4.888941347599029541e-02,4.926519468426704407e-02,4.784553498029708862e-02,4.912105575203895569e-02,4.829509183764457703e-02,4.827405512332916260e-02,4.884646087884902954e-02,4.909831658005714417e-02,4.936682060360908508e-02,4.965119436383247375e-02,4.893487319350242615e-02
2.640607124633596176e-02,1.013610108202556148e-05,4.735970497131347656e-02,4.786442592740058899e-02,4.906425252556800842e-02,4.764739796519279480e-02,4.931489005684852600e-02,4.798664525151252747e-02,4.853507503867149353e-02,4.804194718599319458e-02,4.819694906473159790e-02,4.832230508327484131e-02,4.934923723340034485e-02,4.947668686509132385e-02,4.875944554805755615e-02,4.902423545718193054e-02,4.910771176218986511e-02
2.657024739220588405e-02,1.016763235384132713e-05,4.845087230205535889e-02,4.688623175024986267e-02,4.848170280456542969e-02,4.849169775843620300e-02,4.815251380205154419e-02,4.818976297974586487e-02,4.837348312139511108e-02,4.875677451491355896e-02,4.926048964262008667e-02,4.848042502999305725e-02,4.906474798917770386e-02,4.951272532343864441e-02,4.946329072117805481e-02,5.008151754736900330e-02,4.900304600596427917e-02
2.673442353807579941e-02,1.016833084577228874e-05,4.760088026523590088e-02,4.811501875519752502e-02,4.795444011688232422e-02,4.929007589817047119e-02,4.816484823822975159e-02,4.873363301157951355e-02,4.851343482732772827e-02,4.811270907521247864e-02,4.955459386110305786e-02,4.993113130331039429e-02,4.859448969364166260e-02,4.816304519772529602e-02,4.946789517998695374e-02,4.904541745781898499e-02,4.984628409147262573e-02
2.689859968394572171e-02,1.016568057821132243e-05,4.870456457138061523e-02,4.716631770133972168e-02,4.779275134205818176e-02,4.945982992649078369e-02,4.898679628968238831e-02,4.802767187356948853e-02,4.836010932922363281e-02,4.909222945570945740e-02,4.865210503339767456e-02,4.914591088891029358e-02,4.839950427412986755e-02,4.866723716259002686e-02,4.961297288537025452e-02,4.882617294788360596e-02,5.117463320493698120e-02
2.706277582981563706e-02,1.010597316053463146e-05,4.852995648980140686e-02,4.757745936512947083e-02,4.734597355127334595e-02,4.797642305493354797e-02,4.874880611896514893e-02,4.782797768712043762e-02,4.689472541213035583e-02,4.851909354329109192e-02,4.854005575180053711e-02,4.859944060444831848e-02,4.935224726796150208e-02,4.831647127866744995e-02,4.949675500392913818e-02,4.892990365624427795e-02,4.941657930612564087e-02
2.722695197568555936e-02,1.011464792100014165e-05,4.826989397406578064e-02,4.826318100094795227e-02,4.837692528963088989e-02,4.843520745635032654e-02,4.759040474891662598e-02,4.770813137292861938e-02,4.803811758756637573e-02,4.854260757565498352e-02,4.867297410964965820e-02,4.898192360997200012e-02,4.886832088232040405e-02,4.851914197206497192e-02,4.875988885760307312e-02,4.949121549725532532e-02,4.959987848997116089e-02
2.739112812155548166e-02,1.011215135804377496e-05,4.752955958247184753e-02,4.825224354863166809e-02,4.732390865683555603e-02,4.778142645955085754e-02,4.884482920169830322e-02,4.852434620261192322e-02,4.815574735403060913e-02,4.826554656028747559e-02,4.886415600776672363e-02,4.834950715303421021e-02,4.863259941339492798e-02,4.978236183524131775e-02,4.922165349125862122e-02,4.858287796378135681e-02,4.895029589533805847e-02
2.755530426742539701e-02,1.010740743367932737e-05,4.756407812237739563e-02,4.821341484785079956e-02,4.778325557708740234e-02,4.705997183918952942e-02,4.911092296242713928e-02,4.759325459599494934e-02,4.757992550730705261e-02,4.821221530437469482e-02,4.894060641527175903e-02,4.873884096741676331e-02,4.931327328085899353e-02,4.971406608819961548e-02,4.837960749864578247e-02,4.898181185126304626e-02,4.945847019553184509e-02
2.771948041329531931e-02,1.013641394820297137e-05,4.700620844960212708e-02,4.811633378267288208e-02,4.771542921662330627e-02,4.861273616552352905e-02,4.951306805014610291e-02,4.848120734095573425e-02,4.848154634237289429e-02,4.915380850434303284e-02,4.827821999788284302e-02,4.824579134583473206e-02,4.944576695561408997e-02,4.889705777168273926e-02,4.895463213324546814e-02,4.895926639437675476e-02,4.861540719866752625e-02
2.788365655916523467e-02,1.016374426399124786e-05,4.729300737380981445e-02,4.831672832369804382e-02,4.839368537068367004e-02,4.777096211910247803e-02,4.781100153923034668e-02,4.874028638005256653e-02,4.882233589887619019e-02,4.972602427005767822e-02,4.904734343290328979e-02,4.986695945262908936e-02,4.861836507916450500e-02,4.881577938795089722e-02,4.883095622062683105e-02,4.955795034766197205e-02,4.941157996654510498e-02
2.804783270503515696e-02,1.014321878756163642e-05,4.814559593796730042e-02,4.718748480081558228e-02,4.808073118329048157e-02,4.923803731799125671e-02,4.845035821199417114e-02,4.835034534335136414e-02,4.864553734660148621e-02,4.857381060719490051e-02,4.839698225259780884e-02,4.841830953955650330e-02,4.879706725478172302e-02,4.872228577733039856e-02,4.813234508037567139e-02,4.983210563659667969e-02,5.032232776284217834e-02
2.821200885090507926e-02,1.016204896586714312e-05,4.797988012433052063e-02,4.818344488739967346e-02,4.871157556772232056e-02,4.863187670707702637e-02,4.786058142781257629e-02,4.830178990960121155e-02,4.801005125045776367e-02,4.823619127273559570e-02,4.874809458851814270e-02,4.878862574696540833e-02,4.880495741963386536e-02,4.940645396709442139e-02,4.982483759522438049e-02,5.022694170475006104e-02,4.969105124473571777e-02
2.837618499677499462e-02,1.019933642965042964e-05,4.775202646851539612e-02,4.830308258533477783e-02,4.861776903271675110e-02,4.819206893444061279e-02,4.866006597876548767e-02,4.917900636792182922e-02,4.922407492995262146e-02,4.806914180517196655e-02,4.942910000681877136e-02,4.901279509067535400e-02,4.863912239670753479e-02,4.890495166182518005e-02,5.014945566654205322e-02,4.979755356907844543e-02,4.956142231822013855e-02
2.854036114264491691e-02,1.015167526929872110e-05,4.713383316993713379e-02,4.715187847614288330e-02,4.764614254236221313e-02,4.925249516963958740e-02,4.812828823924064636e-02,4.870970919728279114e-02,4.874391481280326843e-02,4.929928481578826904e-02,4.852675274014472961e-02,4.945012554526329041e-02,4.969601705670356750e-02,4.880813136696815491e-02,4.876950383186340332e-02,5.003943294286727905e-02,4.916214942932128906e-02
2.870453728851483227e-02,1.018774128169752657e-05,4.920605197548866272e-02,4.844949766993522644e-02,4.797853529453277588e-02,4.816344380378723145e-02,4.875155910849571228e-02,4.820867255330085754e-02,4.888660460710525513e-02,4.875918850302696228e-02,4.831117391586303711e-02,4.924070835113525391e-02,4.863096401095390320e-02,4.961056634783744812e-02,4.933615401387214661e-02,5.008644238114356995e-02,4.922737926244735718e-02
2.886871343438475457e-02,1.010933556244708598e-05,4.781847447156906128e-02,4.794858768582344055e-02,4.765539988875389099e-02,4.852903634309768677e-02,4.813977703452110291e-02,4.795645177364349365e-02,4.780529066920280457e-02,4.858367145061492920e-02,4.813755676150321960e-02,4.840439930558204651e-02,4.855672642588615417e-02,4.857403412461280823e-02,4.899626225233078003e-02,4.995861649513244629e-02,4.951698333024978638e-02
2.903288958025467686e-02,1.020142462948570028e-05,4.792622476816177368e-02,4.723832011222839355e-02,4.881701618432998657e-02,4.790120571851730347e-02,4.878205060958862305e-02,4.849934577941894531e-02,4.903997480869293213e-02,4.938724637031555176e-02,4.830866679549217224e-02,4.915785789489746094e-02,4.899347200989723206e-02,4.973933845758438110e-02,4.969961941242218018e-02,4.998762160539627075e-02,5.010872334241867065e-02
2.919706572612459222e-02,1.018439070321619511e-05,4.837969690561294556e-02,4.801245033740997314e-02,4.833102226257324219e-02,4.843759536743164062e-02,4.847249761223793030e-02,4.858441278338432312e-02,4.934123530983924866e-02,4.836724326014518738e-02,4.992815479636192322e-02,4.885626956820487976e-02,4.809451103210449219e-02,4.901038482785224915e-02,5.006023496389389038e-02,4.972796142101287842e-02,4.958108812570571899e-02
2.936124187199451452e-02,1.011743006529286504e-05,4.678078740835189819e-02,4.779788851737976074e-02,4.769810661673545837e-02,4.828811436891555786e-02,4.847839474678039551e-02,4.955778270959854126e-02,4.865519329905509949e-02,4.818353056907653809e-02,4.865453764796257019e-02,4.882495850324630737e-02,4.883515462279319763e-02,4.865445196628570557e-02,4.943648353219032288e-02,4.882565885782241821e-02,4.882565513253211975e-02
2.952541801786442988e-02,1.009187235467834398e-05,4.819196462631225586e-02,4.751132056117057800e-02,4.832857847213745117e-02,4.795309901237487793e-02,4.817868769168853760e-02,4.727716371417045593e-02,4.829607903957366943e-02,4.822437092661857605e-02,4.804398491978645325e-02,4.777750372886657715e-02,4.900713637471199036e-02,4.895704984664916992e-02,4.885119572281837463e-02,4.936541616916656494e-02,4.999094456434249878e-02
2.968959416373435217e-02,1.011378481052815914e-05,4.794546216726303101e-02,4.748413339257240295e-02,4.795235022902488708e-02,4.768749326467514038e-02,4.887966066598892212e-02,4.847166687250137329e-02,4.794477298855781555e-02,4.805700853466987610e-02,4.905068501830101013e-02,4.830859601497650146e-02,4.873299971222877502e-02,4.852458462119102478e-02,4.946327954530715942e-02,4.908703267574310303e-02,4.981537908315658569e-02
2.985377030960427447e-02,1.018337297864491120e-05,4.763563349843025208e-02,4.829129576683044434e-02,4.797052592039108276e-02,4.786604270339012146e-02,4.939228668808937073e-02,4.799835383892059326e-02,4.834916070103645325e-02,4.828086122870445251e-02,4.839616268873214722e-02,4.877449199557304382e-02,4.986685141921043396e-02,4.931301251053810120e-02,4.882377386093139648e-02,5.044019967317581177e-02,4.945407435297966003e-02
3.001794645547418983e-02,1.013712517305975780e-05,4.768318682909011841e-02,4.833658784627914429e-02,4.687717929482460022e-02,4.755878448486328125e-02,4.726330563426017761e-02,4.827339947223663330e-02,4.898346215486526489e-02,4.914708435535430908e-02,4.928676411509513855e-02,4.895376786589622498e-02,4.924372956156730652e-02,4.901959747076034546e-02,4.914868995547294617e-02,4.954760521650314331e-02,4.927976801991462708e-02
3.018212260134411212e-02,1.016722035274142399e-05,4.728757590055465698e-02,4.817921295762062073e-02,4.738108441233634949e-02,4.846033081412315369e-02,4.856394231319427490e-02,4.800420626997947693e-02,4.892351850867271423e-02,4.939356446266174316e-02,4.903933778405189514e-02,4.971992969512939453e-02,4.941558465361595154e-02,4.941473156213760376e-02,5.010660737752914429e-02,4.826928675174713135e-02,4.870219156146049500e-02
3.034629874721402748e-02,1.012311804515775293e-05,4.669095203280448914e-02,4.744285717606544495e-02,4.915561527013778687e-02,4.745635762810707092e-02,4.761252179741859436e-02,4.845579341053962708e-02,4.982425272464752197e-02,4.794234782457351685e-02,4.913447424769401550e-02,4.875318333506584167e-02,4.873703792691230774e-02,5.000282824039459229e-02,4.860227927565574646e-02,4.891394451260566711e-02,4.917412623763084412e-02
3.051047489308394978e-02,1.010603318718494847e-05,4.724390804767608643e-02,4.822961613535881042e-02,4.766584560275077820e-02,4.829470068216323853e-02,4.869104921817779541e-02,4.762184619903564453e-02,4.842824116349220276e-02,4.838019236922264099e-02,4.912394657731056213e-02,4.930114001035690308e-02,4.840745404362678528e-02,4.875802248716354370e-02,4.851970821619033813e-02,4.823522269725799561e-02,4.946121945977210999e-02
3.067465103895387207e-02,1.013283599604619667e-05,4.797914996743202209e-02,4.804678633809089661e-02,4.807754978537559509e-02,4.794935882091522217e-02,4.810794815421104431e-02,4.815106466412544250e-02,4.815947636961936951e-02,4.872994497418403625e-02,4.845454543828964233e-02,4.869255051016807556e-02,4.954800754785537720e-02,4.883683100342750549e-02,4.937060177326202393e-02,4.866617918014526367e-02,5.007056146860122681e-02
3.083882718482378743e-02,1.006763432087609544e-05,4.795914515852928162e-02,4.765097424387931824e-02,4.724207147955894470e-02,4.803424328565597534e-02,4.805609956383705139e-02,4.763387888669967651e-02,4.788134992122650146e-02,4.850351437926292419e-02,4.760973155498504639e-02,4.878906533122062683e-02,4.874868318438529968e-02,4.827912151813507080e-02,4.803287237882614136e-02,4.932720214128494263e-02,4.916005209088325500e-02
3.100300333069370973e-02,1.011903714243089780e-05,4.848144948482513428e-02,4.631654545664787292e-02,4.815571382641792297e-02,4.838708043098449707e-02,4.826286807656288147e-02,4.876995459198951721e-02,4.826793074607849121e-02,4.868194088339805603e-02,4.814729839563369751e-02,4.823356866836547852e-02,4.909452050924301147e-02,4.907701537013053894e-02,4.922750219702720642e-02,4.944956302642822266e-02,4.941895231604576111e-02
3.116717947656362508e-02,1.006881757348310202e-05,4.820903763175010681e-02,4.754176735877990723e-02,4.804407805204391479e-02,4.757908359169960022e-02,4.794200882315635681e-02,4.812140017747879028e-02,4.887308552861213684e-02,4.841605573892593384e-02,4.809963703155517578e-02,4.820657894015312195e-02,4.801595956087112427e-02,4.904323443770408630e-02,4.800577461719512939e-02,4.929339513182640076e-02,4.908635839819908142e-02
3.133135562243354738e-02,1.011446875054389238e-05,4.695743694901466370e-02,4.798292741179466248e-02,4.794049263000488281e-02,4.784507304430007935e-02,4.844895377755165100e-02,4.901858046650886536e-02,4.765107482671737671e-02,4.819951206445693970e-02,4.848373308777809143e-02,4.907176643610000610e-02,4.842219874262809753e-02,4.979997128248214722e-02,4.933203011751174927e-02,4.871815070509910583e-02,4.891708865761756897e-02
3.149553176830346968e-02,1.012604207062395290e-05,4.834247007966041565e-02,4.857230186462402344e-02,4.818975925445556641e-02,4.831578582525253296e-02,4.838555306196212769e-02,4.784476011991500854e-02,4.806225374341011047e-02,4.812084138393402100e-02,4.801363125443458557e-02,4.808829352259635925e-02,4.879033565521240234e-02,4.892157018184661865e-02,4.841518029570579529e-02,4.959518089890480042e-02,4.935252666473388672e-02
3.165970791417338503e-02,1.011129188555059955e-05,4.841657355427742004e-02,4.708600044250488281e-02,4.813843965530395508e-02,4.783910885453224182e-02,4.856455698609352112e-02,4.796595871448516846e-02,4.796669632196426392e-02,4.759768396615982056e-02,4.827207699418067932e-02,4.881563037633895874e-02,4.850508272647857666e-02,4.995485395193099976e-02,4.951284825801849365e-02,4.934389889240264893e-02,4.929047077894210815e-02
3.182388406004330039e-02,1.011091535474406555e-05,4.823063313961029053e-02,4.748965427279472351e-02,4.737013950943946838e-02,4.815578833222389221e-02,4.780026897788047791e-02,4.833784699440002441e-02,4.887469485402107239e-02,4.837616905570030212e-02,4.816285148262977600e-02,4.944656416773796082e-02,4.855725169181823730e-02,4.912119358777999878e-02,4.853840917348861694e-02,4.936216771602630615e-02,4.961126297712326050e-02
3.198806020591322269e-02,1.011351741908583790e-05,4.789070785045623779e-02,4.750679433345794678e-02,4.783248901367187500e-02,4.761264845728874207e-02,4.818245396018028259e-02,4.893432557582855225e-02,4.829220101237297058e-02,4.848548397421836853e-02,4.787015169858932495e-02,4.869374632835388184e-02,4.921137541532516479e-02,4.835616797208786011e-02,4.943207651376724243e-02,4.917647689580917358e-02,4.920383542776107788e-02
3.215223635178314499e-02,1.008502476906869560e-05,4.782069846987724304e-02,4.773076996207237244e-02,4.855273291468620300e-02,4.759088903665542603e-02,4.809424281120300293e-02,4.856015369296073914e-02,4.839405044913291931e-02,4.744651168584823608e-02,4.831079393625259399e-02,4.902866110205650330e-02,4.882537201046943665e-02,4.816290363669395447e-02,4.924504831433296204e-02,4.923765361309051514e-02,4.880138114094734192e-02
3.231641249765306034e-02,1.012174561765277758e-05,4.791749641299247742e-02,4.787256196141242981e-02,4.744010418653488159e-02,4.814075306057929993e-02,4.829447343945503235e-02,4.819426685571670532e-02,4.864889755845069885e-02,4.931515827775001526e-02,4.890733584761619568e-02,4.813372716307640076e-02,4.938993602991104126e-02,4.859128966927528381e-02,4.872835800051689148e-02,4.865014180541038513e-02,4.954620823264122009e-02
3.248058864352298264e-02,1.010675532597815618e-05,4.800202697515487671e-02,4.811699315905570984e-02,4.844572767615318298e-02,4.822380095720291138e-02,4.744945839047431946e-02,4.872056469321250916e-02,4.860926046967506409e-02,4.873513802886009216e-02,4.862419888377189636e-02,4.887735843658447266e-02,4.847961291670799255e-02,4.835273325443267822e-02,4.830382764339447021e-02,4.914010316133499146e-02,4.895330965518951416e-02
3.264476478939290494e-02,1.012735174299450591e-05,4.851995408535003662e-02,4.770390316843986511e-02,4.815031588077545166e-02,4.781032353639602661e-02,4.764029011130332947e-02,4.833223298192024231e-02,4.799717292189598083e-02,4.844706505537033081e-02,4.908900335431098938e-02,4.928150400519371033e-02,4.842926189303398132e-02,4.858176782727241516e-02,4.886427149176597595e-02,4.924991726875305176e-02,4.899160936474800110e-02
3.280894093526282029e-02,1.009200786938890815e-05,4.775700718164443970e-02,4.720712825655937195e-02,4.792275279760360718e-02,4.805797711014747620e-02,4.836985468864440918e-02,4.932343587279319763e-02,4.816535860300064087e-02,4.776841402053833008e-02,4.852687567472457886e-02,4.858356714248657227e-02,4.830881208181381226e-02,4.889357089996337891e-02,4.914883524179458618e-02,4.878243803977966309e-02,4.908801242709159851e-02
3.297311708113273565e-02,1.008550043479772285e-05,4.737174138426780701e-02,4.734531417489051819e-02,4.762846603989601135e-02,4.786714538931846619e-02,4.767600074410438538e-02,4.848271235823631287e-02,4.834802821278572083e-02,4.863224923610687256e-02,4.774240404367446899e-02,4.877108708024024963e-02,4.857373610138893127e-02,4.864094778895378113e-02,4.905860498547554016e-02,4.862187057733535767e-02,4.989825561642646790e-02
3.313729322700266489e-02,1.010185496852500364e-05,4.813457652926445007e-02,4.822230339050292969e-02,4.755099117755889893e-02,4.812390357255935669e-02,4.752351343631744385e-02,4.848434031009674072e-02,4.761455953121185303e-02,4.915873706340789795e-02,4.880874231457710266e-02,4.750514775514602661e-02,4.909861460328102112e-02,4.909624531865119934e-02,4.893637448549270630e-02,4.905588552355766296e-02,4.959259182214736938e-02
3.330146937287258024e-02,1.010694268188672140e-05,4.793537408113479614e-02,4.856489598751068115e-02,4.727543145418167114e-02,4.751051589846611023e-02,4.818772897124290466e-02,4.713163524866104126e-02,4.884759709239006042e-02,4.824100434780120850e-02,4.853080585598945618e-02,5.029014870524406433e-02,4.845432937145233154e-02,4.842757806181907654e-02,4.939094185829162598e-02,4.916939511895179749e-02,4.893222823739051819e-02
3.346564551874249560e-02,1.012599477689946070e-05,4.864995181560516357e-02,4.741526767611503601e-02,4.810775071382522583e-02,4.796668887138366699e-02,4.825758188962936401e-02,4.780972376465797424e-02,4.834474250674247742e-02,4.863176122307777405e-02,4.832993447780609131e-02,4.866668209433555603e-02,4.900855571031570435e-02,5.014937371015548706e-02,4.884465038776397705e-02,4.896832630038261414e-02,4.920884221792221069e-02
3.362982166461241790e-02,1.015163707052124664e-05,4.755574837327003479e-02,4.778812825679779053e-02,4.747767746448516846e-02,4.935722425580024719e-02,4.785654693841934204e-02,4.889898747205734253e-02,4.847660660743713379e-02,4.900413751602172852e-02,4.903379455208778381e-02,4.844441264867782593e-02,4.910881072282791138e-02,4.831681400537490845e-02,4.938830807805061340e-02,4.847486689686775208e-02,4.987120628356933594e-02
3.379399781048234019e-02,1.008942217595176771e-05,4.795620962977409363e-02,4.701782017946243286e-02,4.727507382631301880e-02,4.903148859739303589e-02,4.781563952565193176e-02,4.773479327559471130e-02,4.803629219532012939e-02,4.842188954353332520e-02,4.823732748627662659e-02,4.868411645293235779e-02,4.893727600574493408e-02,4.887602478265762329e-02,4.888582602143287659e-02,4.941802099347114563e-02,4.907843843102455139e-02
3.395817395635225555e-02,1.012560642266180366e-05,4.782271012663841248e-02,4.765525832772254944e-02,4.838178306818008423e-02,4.820654541254043579e-02,4.892662540078163147e-02,4.871519654989242554e-02,4.829343408346176147e-02,4.839746654033660889e-02,4.859882220625877380e-02,4.817125946283340454e-02,4.840187728404998779e-02,4.938756674528121948e-02,4.866831749677658081e-02,4.897802695631980896e-02,4.976101219654083252e-02
3.412235010222217091e-02,1.013757992041064426e-05,4.755160585045814514e-02,4.752283543348312378e-02,4.858899861574172974e-02,4.799996316432952881e-02,4.804525151848793030e-02,4.870012030005455017e-02,4.836745187640190125e-02,4.881240427494049072e-02,4.867154732346534729e-02,4.847456514835357666e-02,4.862947016954421997e-02,4.930198937654495239e-02,4.981744289398193359e-02,4.898937419056892395e-02,4.919161275029182434e-02
3.428652624809210014e-02,1.017108206724515185e-05,4.883538931608200073e-02,4.747977107763290405e-02,4.764514043927192688e-02,4.879091680049896240e-02,4.801774397492408752e-02,4.875794798135757446e-02,4.832705110311508179e-02,4.919953271746635437e-02,4.975639656186103821e-02,4.841154441237449646e-02,4.911683872342109680e-02,4.947891086339950562e-02,4.884085804224014282e-02,4.931172728538513184e-02,4.917855188250541687e-02
3.445070239396201550e-02,1.005539706966374069e-05,4.732180759310722351e-02,4.762604460120201111e-02,4.711462557315826416e-02,4.863867163658142090e-02,4.846812784671783447e-02,4.742309078574180603e-02,4.844964295625686646e-02,4.796290770173072815e-02,4.819876700639724731e-02,4.869744554162025452e-02,4.900416359305381775e-02,4.763712733983993530e-02,4.831002280116081238e-02,4.829571768641471863e-02,4.932650178670883179e-02
3.461487853983193086e-02,1.013701512420084327e-05,4.731354862451553345e-02,4.847263172268867493e-02,4.904325678944587708e-02,4.816450178623199463e-02,4.764326289296150208e-02,4.826477542519569397e-02,4.802655056118965149e-02,4.918348044157028198e-02,4.893832281231880188e-02,4.804407060146331787e-02,4.815344139933586121e-02,4.951636120676994324e-02,4.923299700021743774e-02,4.878938570618629456e-02,4.976108670234680176e-02
3.477905468570185316e-02,1.012292887025978416e-05,4.743793234229087830e-02,4.778193682432174683e-02,4.806052893400192261e-02,4.838973656296730042e-02,4.783171042799949646e-02,4.924202710390090942e-02,4.895831644535064697e-02,4.847159981727600098e-02,4.846615716814994812e-02,4.878155142068862915e-02,4.891308769583702087e-02,4.906266555190086365e-02,4.843751713633537292e-02,4.897364974021911621e-02,4.925638437271118164e-02
3.494323083157177545e-02,1.005686317512299865e-05,4.764728620648384094e-02,4.767192900180816650e-02,4.794097691774368286e-02,4.747627675533294678e-02,4.813129454851150513e-02,4.793364182114601135e-02,4.794626682996749878e-02,4.767445102334022522e-02,4.924606531858444214e-02,4.813189432024955750e-02,4.914579167962074280e-02,4.798821732401847839e-02,4.913508147001266479e-02,4.872361570596694946e-02,4.783875495195388794e-02
3.510740697744169081e-02,1.007701121125137433e-05,4.820475354790687561e-02,4.762643203139305115e-02,4.744067788124084473e-02,4.785106703639030457e-02,4.785774648189544678e-02,4.808659479022026062e-02,4.831101745367050171e-02,4.811506718397140503e-02,4.867779463529586792e-02,4.796851798892021179e-02,4.933862760663032532e-02,4.880973324179649353e-02,4.874524474143981934e-02,4.881422966718673706e-02,4.936164245009422302e-02
3.527158312331161311e-02,1.010768573905806988e-05,4.765306413173675537e-02,4.766567051410675049e-02,4.810788854956626892e-02,4.800121858716011047e-02,4.859860986471176147e-02,4.822181537747383118e-02,4.923061281442642212e-02,4.784842208027839661e-02,4.821906611323356628e-02,4.885246977210044861e-02,4.858352243900299072e-02,4.910671338438987732e-02,4.906746000051498413e-02,4.912155866622924805e-02,4.880115389823913574e-02
3.543575926918153540e-02,1.009458082990022376e-05,4.772817343473434448e-02,4.834464192390441895e-02,4.833431914448738098e-02,4.772423952817916870e-02,4.788495600223541260e-02,4.775194451212882996e-02,4.778019711375236511e-02,4.830788075923919678e-02,4.889757558703422546e-02,4.877278953790664673e-02,4.835019633173942566e-02,4.934231936931610107e-02,4.843897745013237000e-02,4.904179275035858154e-02,4.915941879153251648e-02
3.559993541505145076e-02,1.005971262202365324e-05,4.779019579291343689e-02,4.805640503764152527e-02,4.783264175057411194e-02,4.807154461741447449e-02,4.813161864876747131e-02,4.754964634776115417e-02,4.817340895533561707e-02,4.747420176863670349e-02,4.853451997041702271e-02,4.876621812582015991e-02,4.872378706932067871e-02,4.838069900870323181e-02,4.862000793218612671e-02,4.928688704967498779e-02,4.864731058478355408e-02
3.576411156092136612e-02,1.005504873319296166e-05,4.687631875276565552e-02,4.798576235771179199e-02,4.786250367760658264e-02,4.798626527190208435e-02,4.832027852535247803e-02,4.850926995277404785e-02,4.823255166411399841e-02,4.807480424642562866e-02,4.786048084497451782e-02,4.815278947353363037e-02,4.866805672645568848e-02,4.793708026409149170e-02,4.914976283907890320e-02,4.831048473715782166e-02,4.863484576344490051e-02
3.592828770679129535e-02,1.008260551316197962e-05,4.811008274555206299e-02,4.828203842043876648e-02,4.701405391097068787e-02,4.769263416528701782e-02,4.764446243643760681e-02,4.864942654967308044e-02,4.796579852700233459e-02,4.814556986093521118e-02,4.840993136167526245e-02,4.911414161324501038e-02,4.829514399170875549e-02,4.796147346496582031e-02,4.967573657631874084e-02,4.847431555390357971e-02,4.931073263287544250e-02
3.609246385266121071e-02,1.006805996439652517e-05,4.732205346226692200e-02,4.709738120436668396e-02,4.783379286527633667e-02,4.772438853979110718e-02,4.835586622357368469e-02,4.810677096247673035e-02,4.879445582628250122e-02,4.878434538841247559e-02,4.857770726084709167e-02,4.884570091962814331e-02,4.906410723924636841e-02,4.762538522481918335e-02,4.825996980071067810e-02,4.886990785598754883e-02,4.843766242265701294e-02
3.625663999853112607e-02,1.009209427138557658e-05,4.756586253643035889e-02,4.836185649037361145e-02,4.803732782602310181e-02,4.831288754940032959e-02,4.793864116072654724e-02,4.762318730354309082e-02,4.898201301693916321e-02,4.906522855162620544e-02,4.803105071187019348e-02,4.864321649074554443e-02,4.831417277455329895e-02,4.906878620386123657e-02,4.965246468782424927e-02,4.893876612186431885e-02,4.886219650506973267e-02
3.642081614440104836e-02,1.014263671095250174e-05,4.824181273579597473e-02,4.771148040890693665e-02,4.819048568606376648e-02,4.806955158710479736e-02,4.825937002897262573e-02,4.739419743418693542e-02,4.890777543187141418e-02,4.894617944955825806e-02,4.939925670623779297e-02,4.862383753061294556e-02,4.869938641786575317e-02,4.938204586505889893e-02,4.874129965901374817e-02,5.018388107419013977e-02,4.896931350231170654e-02
3.658499229027097066e-02,1.010884898278163746e-05,4.800094664096832275e-02,4.864862561225891113e-02,4.745768010616302490e-02,4.751728475093841553e-02,4.826696962118148804e-02,4.790837690234184265e-02,4.765422642230987549e-02,4.893291369080543518e-02,4.905526340007781982e-02,4.871290549635887146e-02,4.855499416589736938e-02,4.884670674800872803e-02,4.901601374149322510e-02,4.896495118737220764e-02,4.871954023838043213e-02
3.674916843614088602e-02,1.012634766084374860e-05,4.846646264195442200e-02,4.792621731758117676e-02,4.843151569366455078e-02,4.802067205309867859e-02,4.854094982147216797e-02,4.853637516498565674e-02,4.823012650012969971e-02,4.879116639494895935e-02,4.881425201892852783e-02,4.899452626705169678e-02,4.909332096576690674e-02,4.825410619378089905e-02,4.849073290824890137e-02,4.866661503911018372e-02,4.969668388366699219e-02
3.691334458201080831e-02,1.008973413263447583e-05,4.726868867874145508e-02,4.802078381180763245e-02,4.783251881599426270e-02,4.795045033097267151e-02,4.783516749739646912e-02,4.878922924399375916e-02,4.895145446062088013e-02,4.908025264739990234e-02,4.820668324828147888e-02,4.752501472830772400e-02,4.858306795358657837e-02,4.875253885984420776e-02,4.905941709876060486e-02,4.872665926814079285e-02,4.876486584544181824e-02
3.707752072788073061e-02,1.009055449685547501e-05,4.795879125595092773e-02,4.836761578917503357e-02,4.799773916602134705e-02,4.825907573103904724e-02,4.772492498159408569e-02,4.814833030104637146e-02,4.794304072856903076e-02,4.818194732069969177e-02,4.795496165752410889e-02,4.789168387651443481e-02,4.903398826718330383e-02,4.912113770842552185e-02,4.853633791208267212e-02,4.839506372809410095e-02,4.951415583491325378e-02
3.724169687375064597e-02,1.007739956548903137e-05,4.756215959787368774e-02,4.797194153070449829e-02,4.841478168964385986e-02,4.769105836749076843e-02,4.792182520031929016e-02,4.767449945211410522e-02,4.765320196747779846e-02,4.845241829752922058e-02,4.828980192542076111e-02,4.808397963643074036e-02,4.906190186738967896e-02,4.847890511155128479e-02,4.836748912930488586e-02,4.944071173667907715e-02,4.918186366558074951e-02
3.740587301962056133e-02,1.010445612337207422e-05,4.763868823647499084e-02,4.727877676486968994e-02,4.840101301670074463e-02,4.770514369010925293e-02,4.853653535246849060e-02,4.886138066649436951e-02,4.906548932194709778e-02,4.813993349671363831e-02,4.881259053945541382e-02,4.896124079823493958e-02,4.814642295241355896e-02,4.866394773125648499e-02,4.887118563055992126e-02,4.872481152415275574e-02,4.859250783920288086e-02
3.757004916549048362e-02,1.009298466669861227e-05,4.880547523498535156e-02,4.808364063501358032e-02,4.762357845902442932e-02,4.858105629682540894e-02,4.816222563385963440e-02,4.818939790129661560e-02,4.800076037645339966e-02,4.849268868565559387e-02,4.863347485661506653e-02,4.828494787216186523e-02,4.933621734380722046e-02,4.807977005839347839e-02,4.837099462747573853e-02,4.841072112321853638e-02,4.875127598643302917e-02
3.773422531136040592e-02,1.010753385344287381e-05,4.758092388510704041e-02,4.867731779813766479e-02,4.840515553951263428e-02,4.790098592638969421e-02,4.887444525957107544e-02,4.777411743998527527e-02,4.837032407522201538e-02,4.794351011514663696e-02,4.823651164770126343e-02,4.840989410877227783e-02,4.833548516035079956e-02,4.957697167992591858e-02,4.860031232237815857e-02,4.890053346753120422e-02,4.903946071863174438e-02
3.789840145723032128e-02,1.008219896903028712e-05,4.800947383046150208e-02,4.751366004347801208e-02,4.804376885294914246e-02,4.826764389872550964e-02,4.849159345030784607e-02,4.856776818633079529e-02,4.815012216567993164e-02,4.886313155293464661e-02,4.798843711614608765e-02,4.839203506708145142e-02,4.835610464215278625e-02,4.815058782696723938e-02,4.865744337439537048e-02,4.875529184937477112e-02,4.894915968179702759e-02
3.806257760310024357e-02,1.012223401630762964e-05,4.771739616990089417e-02,4.813727736473083496e-02,4.880617558956146240e-02,4.789793863892555237e-02,4.859407618641853333e-02,4.768100380897521973e-02,4.846726357936859131e-02,4.878548532724380493e-02,4.859333485364913940e-02,4.850522428750991821e-02,4.930488765239715576e-02,4.867124184966087341e-02,4.981679096817970276e-02,4.848296195268630981e-02,4.930746182799339294e-02
3.822675374897016587e-02,1.015966245176969096e-05,4.861624538898468018e-02,4.785904660820960999e-02,4.841135442256927490e-02,4.763679578900337219e-02,4.854952171444892883e-02,4.848561435937881470e-02,4.879908636212348938e-02,4.834891483187675476e-02,4.915999993681907654e-02,4.886693879961967468e-02,4.865905269980430603e-02,4.940283671021461487e-02,4.991157725453376770e-02,4.932114109396934509e-02,4.885044321417808533e-02
3.839092989484008123e-02,1.006884031085064635e-05,4.850603640079498291e-02,4.779233410954475403e-02,4.885934665799140930e-02,4.708372801542282104e-02,4.777521267533302307e-02,4.817270487546920776e-02,4.768785461783409119e-02,4.771673306822776794e-02,4.906581342220306396e-02,4.801856353878974915e-02,4.859692230820655823e-02,4.846780374646186829e-02,4.840992391109466553e-02,4.862383380532264709e-02,4.893606528639793396e-02
3.855510604070999658e-02,1.017215618048794568e-05,4.813037067651748657e-02,4.805028811097145081e-02,4.858377575874328613e-02,4.879680275917053223e-02,4.925369843840599060e-02,4.923568665981292725e-02,4.828786477446556091e-02,4.972983896732330322e-02,4.793095961213111877e-02,4.932579398155212402e-02,4.910767078399658203e-02,4.875314608216285706e-02,4.835274443030357361e-02,4.964236542582511902e-02,4.888831824064254761e-02
3.871928218657992582e-02,1.011374115478247404e-05,4.775822907686233521e-02,4.753448069095611572e-02,4.833949357271194458e-02,4.866149276494979858e-02,4.783154278993606567e-02,4.872307926416397095e-02,4.830561578273773193e-02,4.784624278545379639e-02,4.839068278670310974e-02,4.865368455648422241e-02,4.803451150655746460e-02,4.908785223960876465e-02,4.893850535154342651e-02,4.853861406445503235e-02,4.903080314397811890e-02
3.888345833244984118e-02,1.009417519526323304e-05,4.771650582551956177e-02,4.871172830462455750e-02,4.840427264571189880e-02,4.784429445862770081e-02,4.806433990597724915e-02,4.860711097717285156e-02,4.874399676918983459e-02,4.882315173745155334e-02,4.827711358666419983e-02,4.818692058324813843e-02,4.794817045331001282e-02,4.818621277809143066e-02,4.912855848670005798e-02,4.866525158286094666e-02,4.904723539948463440e-02
3.904763447831975653e-02,1.004228215606417507e-05,4.660615324974060059e-02,4.731052368879318237e-02,4.836243391036987305e-02,4.846025258302688599e-02,4.792578518390655518e-02,4.818012565374374390e-02,4.861225187778472900e-02,4.809595644474029541e-02,4.820321500301361084e-02,4.827411100268363953e-02,4.832941666245460510e-02,4.754986613988876343e-02,4.804958775639533997e-02,4.942726716399192810e-02,4.882925376296043396e-02
3.921181062418967883e-02,1.008857088891090825e-05,4.747955128550529480e-02,4.843429103493690491e-02,4.811238124966621399e-02,4.842755571007728577e-02,4.774549603462219238e-02,4.846377298235893250e-02,4.832103103399276733e-02,4.754341766238212585e-02,4.811519756913185120e-02,4.796097800135612488e-02,4.773600026965141296e-02,4.955307394266128540e-02,4.939311370253562927e-02,4.916072636842727661e-02,4.915794730186462402e-02
3.937598677005960113e-02,1.006747970677679405e-05,4.750845581293106079e-02,4.753078147768974304e-02,4.779218882322311401e-02,4.799439013004302979e-02,4.765892401337623596e-02,4.769743233919143677e-02,4.843068122863769531e-02,4.891288280487060547e-02,4.857552796602249146e-02,4.823068901896476746e-02,4.954165220260620117e-02,4.809311404824256897e-02,4.858547076582908630e-02,4.896742850542068481e-02,4.871305823326110840e-02
3.954016291592951649e-02,1.007255559670738876e-05,4.744600504636764526e-02,4.787494242191314697e-02,4.771014675498008728e-02,4.733504354953765869e-02,4.750035330653190613e-02,4.791813716292381287e-02,4.831488430500030518e-02,4.825906455516815186e-02,4.816290363669395447e-02,4.881928116083145142e-02,4.893533885478973389e-02,4.868018627166748047e-02,4.919406399130821228e-02,4.915349557995796204e-02,4.862000420689582825e-02
3.970433906179943878e-02,1.002460794552462175e-05,4.701187461614608765e-02,4.802327603101730347e-02,4.757267609238624573e-02,4.696749150753021240e-02,4.820464178919792175e-02,4.810779541730880737e-02,4.797788709402084351e-02,4.835575819015502930e-02,4.897913336753845215e-02,4.689170047640800476e-02,4.810169711709022522e-02,4.806757345795631409e-02,4.907635226845741272e-02,4.776631295680999756e-02,4.929991811513900757e-02
3.986851520766936108e-02,1.007805894914781675e-05,4.788351058959960938e-02,4.805276542901992798e-02,4.791389405727386475e-02,4.901677742600440979e-02,4.825166240334510803e-02,4.753616824746131897e-02,4.848697781562805176e-02,4.841917008161544800e-02,4.813417419791221619e-02,4.814523831009864807e-02,4.836694896221160889e-02,4.839968681335449219e-02,4.873309656977653503e-02,4.851752147078514099e-02,4.927204549312591553e-02
4.003269135353927644e-02,1.007087666948791593e-05,4.780494421720504761e-02,4.684967920184135437e-02,4.713424667716026306e-02,4.730524867773056030e-02,4.785402491688728333e-02,4.739126935601234436e-02,4.894375801086425781e-02,4.851815477013587952e-02,4.897126555442810059e-02,4.862047359347343445e-02,4.823153093457221985e-02,4.942283034324645996e-02,4.824128001928329468e-02,5.006608739495277405e-02,4.900294542312622070e-02
4.019686749940919179e-02,1.007386072160443291e-05,4.894953966140747070e-02,4.768797010183334351e-02,4.711044207215309143e-02,4.823742806911468506e-02,4.799357056617736816e-02,4.783754050731658936e-02,4.813454672694206238e-02,4.791530594229698181e-02,4.796564206480979919e-02,4.858605563640594482e-02,4.876378923654556274e-02,4.894029721617698669e-02,4.911460727453231812e-02,4.862355813384056091e-02,4.861338064074516296e-02
4.036104364527912103e-02,1.002101726044202223e-05,4.806162044405937195e-02,4.834915325045585632e-02,4.832226037979125977e-02,4.763997718691825867e-02,4.766195639967918396e-02,4.805850982666015625e-02,4.725547507405281067e-02,4.816142842173576355e-02,4.707516729831695557e-02,4.812696203589439392e-02,4.863797873258590698e-02,4.878516122698783875e-02,4.798234999179840088e-02,4.834119603037834167e-02,4.821896553039550781e-02
4.052521979114903639e-02,9.994587344408500940e-06,4.728806018829345703e-02,4.757299274206161499e-02,4.788772761821746826e-02,4.651877656579017639e-02,4.807604476809501648e-02,4.828464239835739136e-02,4.763812571763992310e-02,4.755637422204017639e-02,4.805183410644531250e-02,4.772480949759483337e-02,4.929899051785469055e-02,4.737681150436401367e-02,4.855617135763168335e-02,4.869195446372032166e-02,4.850787669420242310e-02
4.068939593701895174e-02,1.001736382022500038e-05,4.748168960213661194e-02,4.854955151677131653e-02,4.823422431945800781e-02,4.754661023616790771e-02,4.812245443463325500e-02,4.761901870369911194e-02,4.821822792291641235e-02,4.754598811268806458e-02,4.739804193377494812e-02,4.711094871163368225e-02,4.863597452640533447e-02,4.843715950846672058e-02,4.805473983287811279e-02,4.798341169953346252e-02,4.912415519356727600e-02
4.085357208288887404e-02,1.003447505354415625e-05,4.790745675563812256e-02,4.714240133762359619e-02,4.850480332970619202e-02,4.766392707824707031e-02,4.819898307323455811e-02,4.843356460332870483e-02,4.757737368345260620e-02,4.769664630293846130e-02,4.888354986906051636e-02,4.812954366207122803e-02,4.767315462231636047e-02,4.849594831466674805e-02,4.855777695775032043e-02,4.808655753731727600e-02,4.759935662150382996e-02
4.101774822875879634e-02,1.007187893264926970e-05,4.741858318448066711e-02,4.717931151390075684e-02,4.773519188165664673e-02,4.830943048000335693e-02,4.879340156912803650e-02,4.785706847906112671e-02,4.914982244372367859e-02,4.828777536749839783e-02,4.924519360065460205e-02,4.794342070817947388e-02,4.783836007118225098e-02,4.859506711363792419e-02,4.847410693764686584e-02,4.841653257608413696e-02,4.849198460578918457e-02
4.118192437462871169e-02,1.002450608211802319e-05,4.863444715738296509e-02,4.772255197167396545e-02,4.756509512662887573e-02,4.719424992799758911e-02,4.864244908094406128e-02,4.842324182391166687e-02,4.835468530654907227e-02,4.699776694178581238e-02,4.891328513622283936e-02,4.697216302156448364e-02,4.829209297895431519e-02,4.847502335906028748e-02,4.820107296109199524e-02,4.808669537305831909e-02,4.852749779820442200e-02
4.134610052049863399e-02,9.985131327994167805e-06,4.694590345025062561e-02,4.799949377775192261e-02,4.794253408908843994e-02,4.797234013676643372e-02,4.690679162740707397e-02,4.810146614909172058e-02,4.831981658935546875e-02,4.835104569792747498e-02,4.800458997488021851e-02,4.812715575098991394e-02,4.795780777931213379e-02,4.724079743027687073e-02,4.813141748309135437e-02,4.824995994567871094e-02,4.836726561188697815e-02
4.151027666636855629e-02,1.006731508823577315e-05,4.757021367549896240e-02,4.802308604121208191e-02,4.792449623346328735e-02,4.798291996121406555e-02,4.837877675890922546e-02,4.722027853131294250e-02,4.786207154393196106e-02,4.831795021891593933e-02,4.850775375962257385e-02,4.925130680203437805e-02,4.842514917254447937e-02,4.833964630961418152e-02,4.821332916617393494e-02,4.942878335714340210e-02,4.862707108259201050e-02
4.167445281223847164e-02,9.923795914801303297e-06,4.792939871549606323e-02,4.693995043635368347e-02,4.623116180300712585e-02,4.766674339771270752e-02,4.759822413325309753e-02,4.693936929106712341e-02,4.773584008216857910e-02,4.743706062436103821e-02,4.779943078756332397e-02,4.841725528240203857e-02,4.774722084403038025e-02,4.678007587790489197e-02,4.782925918698310852e-02,4.878784716129302979e-02,4.890753701329231262e-02
4.183862895810838700e-02,1.001958116830792278e-05,4.781535267829895020e-02,4.813510179519653320e-02,4.790455102920532227e-02,4.811814054846763611e-02,4.811187461018562317e-02,4.749501869082450867e-02,4.801795259118080139e-02,4.927383363246917725e-02,4.782223328948020935e-02,4.757100716233253479e-02,4.840392619371414185e-02,4.704737663269042969e-02,4.935712367296218872e-02,4.772794991731643677e-02,4.877172410488128662e-02
4.200280510397831624e-02,1.001606051431735978e-05,4.794983938336372375e-02,4.623261094093322754e-02,4.707313701510429382e-02,4.780466109514236450e-02,4.813764989376068115e-02,4.821217805147171021e-02,4.787240549921989441e-02,4.916269332170486450e-02,4.800570756196975708e-02,4.819462448358535767e-02,4.853337630629539490e-02,4.825151711702346802e-02,4.808228090405464172e-02,4.845093190670013428e-02,4.879299923777580261e-02
4.216698124984823159e-02,1.003665784082841128e-05,4.801385849714279175e-02,4.762931913137435913e-02,4.760339111089706421e-02,4.721995815634727478e-02,4.857678338885307312e-02,4.767698422074317932e-02,4.853186011314392090e-02,4.899513348937034607e-02,4.773927852511405945e-02,4.771784320473670959e-02,4.831787943840026855e-02,4.835775867104530334e-02,4.831680655479431152e-02,4.895571619272232056e-02,4.823822155594825745e-02
4.233115739571814695e-02,1.007021637633442879e-05,4.782325774431228638e-02,4.855262115597724915e-02,4.801396280527114868e-02,4.728822782635688782e-02,4.755950346589088440e-02,4.849367216229438782e-02,4.893034324049949646e-02,4.791657254099845886e-02,4.866107180714607239e-02,4.830535873770713806e-02,4.778164252638816833e-02,5.000331252813339233e-02,4.914629459381103516e-02,4.806764796376228333e-02,4.818761721253395081e-02
4.249533354158806925e-02,1.001005603029625490e-05,4.702286049723625183e-02,4.786549881100654602e-02,4.759565740823745728e-02,4.705299809575080872e-02,4.759179055690765381e-02,4.733628407120704651e-02,4.838124290108680725e-02,4.778651148080825806e-02,4.936633259057998657e-02,4.780571535229682922e-02,4.835374280810356140e-02,4.873521998524665833e-02,4.839497804641723633e-02,4.821413010358810425e-02,4.771865904331207275e-02
4.265950968745799154e-02,1.002029330265941098e-05,4.845922812819480896e-02,4.780680686235427856e-02,4.759179800748825073e-02,4.679515957832336426e-02,4.833001643419265747e-02,4.847477003931999207e-02,4.707998782396316528e-02,4.747159034013748169e-02,4.873104393482208252e-02,4.826508089900016785e-02,4.905315116047859192e-02,4.822792857885360718e-02,4.824620857834815979e-02,4.798204079270362854e-02,4.860484227538108826e-02
4.282368583332790690e-02,9.988886631617788225e-06,4.665879532694816589e-02,4.713819921016693115e-02,4.772652685642242432e-02,4.724313318729400635e-02,4.842254519462585449e-02,4.766737297177314758e-02,4.773261025547981262e-02,4.867445677518844604e-02,4.762052744626998901e-02,4.823713377118110657e-02,4.932859912514686584e-02,4.934499785304069519e-02,4.736402258276939392e-02,4.886234179139137268e-02,4.715157672762870789e-02
4.298786197919782920e-02,9.989194950321689248e-06,4.887502267956733704e-02,4.717386513948440552e-02,4.702877998352050781e-02,4.743537306785583496e-02,4.696612060070037842e-02,4.836774244904518127e-02,4.875674843788146973e-02,4.793003946542739868e-02,4.794138297438621521e-02,4.782780632376670837e-02,4.809330776333808899e-02,4.854954034090042114e-02,4.792459309101104736e-02,4.865256696939468384e-02,4.785935580730438232e-02
4.315203812506775150e-02,1.005414742394350469e-05,4.821661114692687988e-02,4.805102944374084473e-02,4.755548760294914246e-02,4.761496931314468384e-02,4.847755283117294312e-02,4.755632206797599792e-02,4.826024547219276428e-02,4.878967255353927612e-02,4.887682944536209106e-02,4.862631112337112427e-02,4.826766625046730042e-02,4.852204769849777222e-02,4.889970272779464722e-02,4.810432344675064087e-02,4.856342449784278870e-02
4.331621427093766685e-02,1.001038344838889316e-05,4.757647216320037842e-02,4.826089367270469666e-02,4.811632633209228516e-02,4.838230460882186890e-02,4.740760475397109985e-02,4.788996651768684387e-02,4.874707758426666260e-02,4.878595843911170959e-02,4.713577032089233398e-02,4.864004626870155334e-02,4.833559319376945496e-02,4.671797901391983032e-02,4.925368353724479675e-02,4.745762050151824951e-02,4.792973399162292480e-02
4.348039041680758221e-02,1.000302927423035726e-05,4.690451547503471375e-02,4.704254493117332458e-02,4.788877442479133606e-02,4.690213128924369812e-02,4.802856221795082092e-02,4.826745763421058655e-02,4.685769230127334595e-02,4.782494902610778809e-02,4.917287081480026245e-02,4.807674139738082886e-02,4.860118776559829712e-02,4.806860163807868958e-02,4.807043075561523438e-02,4.935745149850845337e-02,4.866445064544677734e-02
4.364456656267751145e-02,1.005033936962718144e-05,4.818514361977577209e-02,4.816653579473495483e-02,4.765998572111129761e-02,4.753458499908447266e-02,4.823073372244834900e-02,4.828637093305587769e-02,4.804687574505805969e-02,4.769290238618850708e-02,4.879722744226455688e-02,4.826833680272102356e-02,4.842755571007728577e-02,4.825209081172943115e-02,4.807200282812118530e-02,4.895229637622833252e-02,4.859482496976852417e-02
4.380874270854742680e-02,1.002551016426878050e-05,4.725582152605056763e-02,4.747831076383590698e-02,4.787707701325416565e-02,4.847102239727973938e-02,4.797510430216789246e-02,4.796306416392326355e-02,4.834502935409545898e-02,4.884162545204162598e-02,4.802546277642250061e-02,4.884656146168708801e-02,4.778698086738586426e-02,4.860083013772964478e-02,4.819279536604881287e-02,4.787226766347885132e-02,4.845479503273963928e-02
4.397291885441734216e-02,1.002554927254095674e-05,4.737157374620437622e-02,4.704619571566581726e-02,4.776299372315406799e-02,4.822332784533500671e-02,4.825177788734436035e-02,4.718175902962684631e-02,4.806266352534294128e-02,4.809470102190971375e-02,4.915184900164604187e-02,4.831663146615028381e-02,4.924735799431800842e-02,4.783241823315620422e-02,4.850535467267036438e-02,4.798581451177597046e-02,4.812606796622276306e-02
4.413709500028726446e-02,1.002847784548066556e-05,4.757258668541908264e-02,4.709337651729583740e-02,4.916376993060112000e-02,4.794260859489440918e-02,4.840599372982978821e-02,4.868998005986213684e-02,4.734873026609420776e-02,4.773729294538497925e-02,4.842765256762504578e-02,4.878422617912292480e-02,4.790178313851356506e-02,4.878375306725502014e-02,4.758279770612716675e-02,4.788244143128395081e-02,4.915563389658927917e-02
4.430127114615718675e-02,1.002793487714370713e-05,4.794057458639144897e-02,4.763447120785713196e-02,4.729789495468139648e-02,4.694770276546478271e-02,4.725199192762374878e-02,4.804440215229988098e-02,4.773390293121337891e-02,4.794576019048690796e-02,4.917569085955619812e-02,4.810406640172004700e-02,4.850465431809425354e-02,4.851726815104484558e-02,4.919297248125076294e-02,4.877034202218055725e-02,4.900246858596801758e-02
4.446544729202710211e-02,1.004713521979283541e-05,4.808332771062850952e-02,4.716992005705833435e-02,4.862089082598686218e-02,4.903360083699226379e-02,4.784347116947174072e-02,4.827980697154998779e-02,4.727432504296302795e-02,4.831124842166900635e-02,4.901206120848655701e-02,4.802955687046051025e-02,4.850361496210098267e-02,4.797476157546043396e-02,4.861414432525634766e-02,4.740832373499870300e-02,4.906300082802772522e-02
4.462962343789702441e-02,1.001173404802102596e-05,4.721760749816894531e-02,4.798231273889541626e-02,4.733590409159660339e-02,4.798000678420066833e-02,4.740207269787788391e-02,4.757801815867424011e-02,4.757886752486228943e-02,4.832672700285911560e-02,4.874770343303680420e-02,4.853644222021102905e-02,4.790096357464790344e-02,4.958935454487800598e-02,4.843780770897865295e-02,4.823927208781242371e-02,4.846680909395217896e-02
4.479379958376694670e-02,9.986537406803108752e-06,4.760935902595520020e-02,4.788962751626968384e-02,4.777162894606590271e-02,4.831931367516517639e-02,4.786356911063194275e-02,4.865729808807373047e-02,4.713962972164154053e-02,4.841484874486923218e-02,4.802120104432106018e-02,4.736642539501190186e-02,4.781113564968109131e-02,4.894078895449638367e-02,4.833709076046943665e-02,4.801755771040916443e-02,4.779603704810142517e-02
4.495797572963686206e-02,1.003489796858048066e-05,4.859437048435211182e-02,4.838808625936508179e-02,4.847213253378868103e-02,4.805891215801239014e-02,4.707749933004379272e-02,4.777941480278968811e-02,4.761117696762084961e-02,4.872264713048934937e-02,4.821505770087242126e-02,4.897448420524597168e-02,4.887679591774940491e-02,4.762231558561325073e-02,4.908573254942893982e-02,4.704643413424491882e-02,4.788457229733467102e-02
4.512215187550677742e-02,9.992482773668598384e-06,4.779737815260887146e-02,4.784172400832176208e-02,4.830422997474670410e-02,4.872452095150947571e-02,4.799235984683036804e-02,4.718092828989028931e-02,4.698954522609710693e-02,4.851550236344337463e-02,4.760085046291351318e-02,4.899046570062637329e-02,4.758594930171966553e-02,4.832929745316505432e-02,4.739161580801010132e-02,4.851327091455459595e-02,4.739431291818618774e-02
4.528632802137670665e-02,9.944142220774665475e-06,4.819786548614501953e-02,4.715654999017715454e-02,4.751738160848617554e-02,4.662111774086952209e-02,4.730834811925888062e-02,4.784674569964408875e-02,4.716240987181663513e-02,4.865788668394088745e-02,4.741204902529716492e-02,4.809989780187606812e-02,4.788487777113914490e-02,4.746987298130989075e-02,4.848871007561683655e-02,4.766589403152465820e-02,4.791539534926414490e-02
4.545050416724662201e-02,9.967560799850616604e-06,4.712583124637603760e-02,4.703560099005699158e-02,4.762172326445579529e-02,4.718825966119766235e-02,4.803391918540000916e-02,4.799814894795417786e-02,4.840081185102462769e-02,4.772191122174263000e-02,4.866238310933113098e-02,4.677169024944305420e-02,4.805301502346992493e-02,4.878909885883331299e-02,4.936404153704643250e-02,4.847705364227294922e-02,4.665480181574821472e-02
4.561468031311653737e-02,9.929777661454863846e-06,4.711695015430450439e-02,4.739753529429435730e-02,4.755997657775878906e-02,4.691868275403976440e-02,4.682291299104690552e-02,4.766124859452247620e-02,4.807826131582260132e-02,4.792666807770729065e-02,4.907859861850738525e-02,4.792305827140808105e-02,4.734385013580322266e-02,4.768733680248260498e-02,4.758704453706741333e-02,4.837130010128021240e-02,4.820866510272026062e-02
4.577885645898645967e-02,9.929686711984686553e-06,4.775834083557128906e-02,4.755263403058052063e-02,4.648108780384063721e-02,4.693380370736122131e-02,4.796604067087173462e-02,4.788639023900032043e-02,4.854881018400192261e-02,4.673645645380020142e-02,4.762329161167144775e-02,4.731873795390129089e-02,4.761462658643722534e-02,4.843010380864143372e-02,4.796683415770530701e-02,4.829343408346176147e-02,4.791203513741493225e-02
4.594303260485638196e-02,9.930329724738840014e-06,4.689610749483108521e-02,4.834445565938949585e-02,4.708131402730941772e-02,4.847569391131401062e-02,4.755882546305656433e-02,4.797809943556785583e-02,4.734673351049423218e-02,4.756026342511177063e-02,4.752255603671073914e-02,4.668645933270454407e-02,4.761718958616256714e-02,4.903895407915115356e-02,4.743963107466697693e-02,4.872678592801094055e-02,4.711107164621353149e-02
4.610720875072629732e-02,9.958216651284601539e-06,4.819205775856971741e-02,4.831365123391151428e-02,4.773602262139320374e-02,4.748050495982170105e-02,4.749881476163864136e-02,4.802597314119338989e-02,4.693240672349929810e-02,4.738922417163848877e-02,4.744915664196014404e-02,4.798174276947975159e-02,4.643713310360908508e-02,4.768577963113784790e-02,4.834701120853424072e-02,4.845046624541282654e-02,4.873036593198776245e-02
4.627138489659621962e-02,9.940155905496794730e-06,4.727980494499206543e-02,4.766086861491203308e-02,4.699264094233512878e-02,4.811902716755867004e-02,4.809891432523727417e-02,4.666988179087638855e-02,4.750750213861465454e-02,4.752442985773086548e-02,4.689926654100418091e-02,4.792030528187751770e-02,4.804959148168563843e-02,4.851473867893218994e-02,4.833855479955673218e-02,4.867147654294967651e-02,4.837682098150253296e-02
4.643556104246614191e-02,9.913024769048206508e-06,4.735433310270309448e-02,4.655798524618148804e-02,4.793740063905715942e-02,4.708665981888771057e-02,4.814500734210014343e-02,4.698629304766654968e-02,4.797939211130142212e-02,4.729096218943595886e-02,4.736736789345741272e-02,4.795778170228004456e-02,4.781607165932655334e-02,4.808275029063224792e-02,4.694554582238197327e-02,4.755354300141334534e-02,4.821689799427986145e-02
4.659973718833605727e-02,9.953861081157810986e-06,4.721948876976966858e-02,4.842150956392288208e-02,4.851775616407394409e-02,4.825083538889884949e-02,4.658903181552886963e-02,4.794945567846298218e-02,4.773537442088127136e-02,4.798455163836479187e-02,4.732620343565940857e-02,4.754900932312011719e-02,4.770024865865707397e-02,4.784999042749404907e-02,4.734142124652862549e-02,4.799344018101692200e-02,4.787962511181831360e-02
4.676391333420597263e-02,9.924897312885150313e-06,4.725473746657371521e-02,4.786270484328269958e-02,4.659733921289443970e-02,4.657903313636779785e-02,4.771640896797180176e-02,4.743974283337593079e-02,4.750654473900794983e-02,4.841618612408638000e-02,4.822673276066780090e-02,4.801983013749122620e-02,4.779092594981193542e-02,4.760337620973587036e-02,4.817620292305946350e-02,4.771381616592407227e-02,4.719690605998039246e-02
4.692808948007590186e-02,9.939812116499524564e-06,4.699043557047843933e-02,4.738201946020126343e-02,4.807476699352264404e-02,4.747775569558143616e-02,4.741030931472778320e-02,4.744863137602806091e-02,4.794451221823692322e-02,4.782560095191001892e-02,4.778890684247016907e-02,4.804163426160812378e-02,4.837728291749954224e-02,4.672623798251152039e-02,4.804329946637153625e-02,4.764655232429504395e-02,4.779932647943496704e-02
4.709226562594581722e-02,9.904673788696527481e-06,4.710183292627334595e-02,4.668755456805229187e-02,4.673939198255538940e-02,4.739144444465637207e-02,4.791850969195365906e-02,4.730519279837608337e-02,4.691617935895919800e-02,4.778128489851951599e-02,4.760219529271125793e-02,4.779618605971336365e-02,4.814185574650764465e-02,4.805419221520423889e-02,4.710064828395843506e-02,4.780432209372520447e-02,4.864617809653282166e-02
4.725644177181573258e-02,9.927607607096433640e-06,4.797091335058212280e-02,4.756799712777137756e-02,4.779130220413208008e-02,4.775868356227874756e-02,4.763957485556602478e-02,4.680544883012771606e-02,4.739845171570777893e-02,4.787879437208175659e-02,4.779362305998802185e-02,4.695986211299896240e-02,4.842874780297279358e-02,4.811078682541847229e-02,4.719536751508712769e-02,4.771564900875091553e-02,4.717164859175682068e-02
4.742061791768565487e-02,9.883432539936620742e-06,4.653963819146156311e-02,4.801497980952262878e-02,4.801117628812789917e-02,4.699109867215156555e-02,4.774177446961402893e-02,4.728377610445022583e-02,4.749199375510215759e-02,4.789584502577781677e-02,4.861849546432495117e-02,4.655448347330093384e-02,4.714424163103103638e-02,4.850478097796440125e-02,4.777433350682258606e-02,4.689322412014007568e-02,4.707761108875274658e-02
4.758479406355557717e-02,9.928936378855723888e-06,4.758572578430175781e-02,4.783942177891731262e-02,4.688823223114013672e-02,4.710191115736961365e-02,4.756321385502815247e-02,4.758893325924873352e-02,4.730061814188957214e-02,4.830504581332206726e-02,4.715111851692199707e-02,4.826719313859939575e-02,4.761586338281631470e-02,4.828473925590515137e-02,4.845226183533668518e-02,4.836464673280715942e-02,4.725079238414764404e-02
4.774897020942549253e-02,9.927140126819722354e-06,4.774390906095504761e-02,4.712266847491264343e-02,4.739189893007278442e-02,4.831627011299133301e-02,4.750330373644828796e-02,4.769417271018028259e-02,4.776814207434654236e-02,4.725507646799087524e-02,4.752342402935028076e-02,4.783170297741889954e-02,4.830972105264663696e-02,4.781621694564819336e-02,4.797952994704246521e-02,4.755123332142829895e-02,4.770343750715255737e-02
4.791314635529541482e-02,9.880169272946659476e-06,4.707041010260581970e-02,4.741252958774566650e-02,4.770852252840995789e-02,4.723367467522621155e-02,4.776462540030479431e-02,4.753882065415382385e-02,4.771514609456062317e-02,4.750023782253265381e-02,4.749724268913269043e-02,4.739172756671905518e-02,4.659049585461616516e-02,4.722268879413604736e-02,4.783799126744270325e-02,4.739328473806381226e-02,4.790058359503746033e-02
4.807732250116533712e-02,9.859310921456199139e-06,4.712821915745735168e-02,4.707919061183929443e-02,4.645632207393646240e-02,4.729420319199562073e-02,4.712087288498878479e-02,4.757454246282577515e-02,4.755276069045066833e-02,4.755548760294914246e-02,4.668815061450004578e-02,4.731788486242294312e-02,4.741650819778442383e-02,4.819733276963233948e-02,4.743243753910064697e-02,4.696292430162429810e-02,4.809855669736862183e-02
4.824149864703525248e-02,9.904169928631745279e-06,4.816948249936103821e-02,4.701106995344161987e-02,4.688111692667007446e-02,4.715017229318618774e-02,4.767099767923355103e-02,4.755902290344238281e-02,4.741106927394866943e-02,4.829386249184608459e-02,4.712553694844245911e-02,4.723702371120452881e-02,4.752905666828155518e-02,4.778482392430305481e-02,4.762480407953262329e-02,4.794884100556373596e-02,4.832323268055915833e-02
4.840567479290516784e-02,9.863346349447965622e-06,4.770302399992942810e-02,4.750616475939750671e-02,4.733246564865112305e-02,4.740802571177482605e-02,4.795495793223381042e-02,4.618883877992630005e-02,4.710255563259124756e-02,4.705387353897094727e-02,4.771534726023674011e-02,4.740604385733604431e-02,4.749793931841850281e-02,4.716541990637779236e-02,4.630009084939956665e-02,4.743155464529991150e-02,4.849969595670700073e-02
4.856985093877509707e-02,9.846289685810916126e-06,4.755137860774993896e-02,4.673218354582786560e-02,4.701731726527214050e-02,4.727387428283691406e-02,4.638497903943061829e-02,4.765377193689346313e-02,4.820639267563819885e-02,4.710564389824867249e-02,4.691819101572036743e-02,4.725964367389678955e-02,4.756162688136100769e-02,4.790996760129928589e-02,4.707312583923339844e-02,4.682119935750961304e-02,4.761490598320960999e-02
4.873402708464501243e-02,9.876316653389949352e-06,4.757371172308921814e-02,4.708504676818847656e-02,4.801564291119575500e-02,4.823811724781990051e-02,4.734062030911445618e-02,4.769210144877433777e-02,4.780216887593269348e-02,4.731312766671180725e-02,4.746897891163825989e-02,4.703304916620254517e-02,4.722391813993453979e-02,4.744229838252067566e-02,4.666668549180030823e-02,4.670625925064086914e-02,4.739022254943847656e-02
4.889820323051492779e-02,9.911772394843865186e-06,4.727445170283317566e-02,4.670688882470130920e-02,4.835586994886398315e-02,4.819783940911293030e-02,4.765646159648895264e-02,4.760950431227684021e-02,4.815501347184181213e-02,4.789396375417709351e-02,4.803268983960151672e-02,4.761125147342681885e-02,4.889766499400138855e-02,4.727859050035476685e-02,4.683991521596908569e-02,4.671724885702133179e-02,4.729050397872924805e-02
4.906237937638485008e-02,9.846403372648637742e-06,4.705597832798957825e-02,4.682888463139533997e-02,4.679084196686744690e-02,4.786729067564010620e-02,4.763470962643623352e-02,4.726282507181167603e-02,4.718263447284698486e-02,4.735943675041198730e-02,4.735783860087394714e-02,4.707755148410797119e-02,4.759656637907028198e-02,4.670753329992294312e-02,4.705059900879859924e-02,4.724634438753128052e-02,4.730795323848724365e-02
4.922655552225477238e-02,9.835863238549791276e-06,4.705741256475448608e-02,4.703746363520622253e-02,4.698405787348747253e-02,4.728175699710845947e-02,4.722878709435462952e-02,4.743925854563713074e-02,4.779944941401481628e-02,4.787496477365493774e-02,4.684495180845260620e-02,4.713711887598037720e-02,4.743378609418869019e-02,4.745142534375190735e-02,4.659681394696235657e-02,4.662156105041503906e-02,4.747204110026359558e-02
4.939073166812468774e-02,9.828911061049439013e-06,4.655466601252555847e-02,4.885899648070335388e-02,4.707838967442512512e-02,4.743907600641250610e-02,4.720191285014152527e-02,4.746835306286811829e-02,4.708919674158096313e-02,4.708863794803619385e-02,4.718907177448272705e-02,4.749305173754692078e-02,4.608597978949546814e-02,4.692661017179489136e-02,4.765208438038825989e-02,4.703819006681442261e-02,4.716593772172927856e-02
4.955490781399461003e-02,9.846443390415515751e-06,4.722227528691291809e-02,4.737734794616699219e-02,4.748980700969696045e-02,4.764395952224731445e-02,4.716999083757400513e-02,4.631829261779785156e-02,4.768167063593864441e-02,4.871378093957901001e-02,4.670426249504089355e-02,4.677767679095268250e-02,4.689527302980422974e-02,4.781351238489151001e-02,4.660987854003906250e-02,4.722439870238304138e-02,4.746367409825325012e-02
4.971908395986453233e-02,9.799876352190040052e-06,4.611298441886901855e-02,4.735778272151947021e-02,4.616317525506019592e-02,4.754490405321121216e-02,4.723691567778587341e-02,4.633097723126411438e-02,4.793420061469078064e-02,4.727826267480850220e-02,4.682380333542823792e-02,4.737360030412673950e-02,4.697621613740921021e-02,4.709415510296821594e-02,4.657510295510292053e-02,4.681894183158874512e-02,4.797028005123138428e-02
4.988326010573444769e-02,9.793387107492890209e-06,4.677956178784370422e-02,4.683296009898185730e-02,4.691287875175476074e-02,4.693695530295372009e-02,4.746823385357856750e-02,4.723177477717399597e-02,4.715736582875251770e-02,4.664964601397514343e-02,4.717734456062316895e-02,4.772708564996719360e-02,4.690764099359512329e-02,4.639397561550140381e-02,4.661411792039871216e-02,4.782003909349441528e-02,4.774368554353713989e-02
5.004743625160436304e-02,9.860220416157972068e-06,4.661135002970695496e-02,4.791784286499023438e-02,4.719132184982299805e-02,4.724914580583572388e-02,4.665374755859375000e-02,4.818973317742347717e-02,4.657245427370071411e-02,4.708039388060569763e-02,4.795455560088157654e-02,4.627133905887603760e-02,4.832483083009719849e-02,4.811046645045280457e-02,4.733107984066009521e-02,4.724686220288276672e-02,4.767769575119018555e-02
5.021161239747429228e-02,9.783414498087950051e-06,4.651514440774917603e-02,4.711076244711875916e-02,4.706668108701705933e-02,4.642502963542938232e-02,4.716839641332626343e-02,4.696192592382431030e-02,4.760012775659561157e-02,4.682103544473648071e-02,4.644234851002693176e-02,4.703337326645851135e-02,4.746146500110626221e-02,4.738691076636314392e-02,4.690362140536308289e-02,4.603032395243644714e-02,4.683899879455566406e-02
5.037578854334420764e-02,9.769795724423602223e-06,4.819573834538459778e-02,4.821147769689559937e-02,4.686292633414268494e-02,4.664250090718269348e-02,4.731800779700279236e-02,4.712265357375144958e-02,4.631344974040985107e-02,4.688891395926475525e-02,4.667469114065170288e-02,4.642205312848091125e-02,4.629801213741302490e-02,4.580616950988769531e-02,4.730162397027015686e-02,4.631131514906883240e-02,4.706047475337982178e-02
5.053996468921412299e-02,9.743461305333767086e-06,4.622586816549301147e-02,4.701700806617736816e-02,4.668185859918594360e-02,4.738664254546165466e-02,4.789202660322189331e-02,4.642708972096443176e-02,4.711112752556800842e-02,4.631629586219787598e-02,4.700320959091186523e-02,4.679322242736816406e-02,4.710857570171356201e-02,4.595931619405746460e-02,4.624587297439575195e-02,4.617605358362197876e-02,4.698110744357109070e-02
5.070414083508404529e-02,9.764234164322260767e-06,4.748334735631942749e-02,4.663789272308349609e-02,4.736106842756271362e-02,4.714544862508773804e-02,4.750416427850723267e-02,4.752220958471298218e-02,4.740192741155624390e-02,4.615231975913047791e-02,4.695032536983489990e-02,4.667754843831062317e-02,4.675991088151931763e-02,4.682954773306846619e-02,4.564893618226051331e-02,4.621901363134384155e-02,4.709162935614585876e-02
5.086831698095396759e-02,9.807055903365835547e-06,4.743823781609535217e-02,4.611968621611595154e-02,4.719966650009155273e-02,4.742217063903808594e-02,4.716030508279800415e-02,4.716440290212631226e-02,4.729091376066207886e-02,4.626424238085746765e-02,4.710687696933746338e-02,4.721236974000930786e-02,4.690723493695259094e-02,4.760797321796417236e-02,4.672341048717498779e-02,4.730711877346038818e-02,4.685183987021446228e-02
5.103249312682388295e-02,9.753967788128647953e-06,4.724375158548355103e-02,4.689836874604225159e-02,4.568665474653244019e-02,4.754770547151565552e-02,4.655113443732261658e-02,4.661275073885917664e-02,4.663452878594398499e-02,4.653068631887435913e-02,4.623796045780181885e-02,4.743003845214843750e-02,4.708132520318031311e-02,4.709544405341148376e-02,4.710005596280097961e-02,4.640363901853561401e-02,4.646220058202743530e-02
5.119666927269380524e-02,9.793593562790192664e-06,4.666871577501296997e-02,4.747986793518066406e-02,4.672277718782424927e-02,4.758871346712112427e-02,4.669940471649169922e-02,4.595594853162765503e-02,4.745069518685340881e-02,4.675836116075515747e-02,4.768824577331542969e-02,4.679608345031738281e-02,4.645196720957756042e-02,4.767099767923355103e-02,4.674432426691055298e-02,4.693185538053512573e-02,4.700017720460891724e-02
5.136084541856372754e-02,9.788262104848399758e-06,4.698875918984413147e-02,4.787980392575263977e-02,4.760942235589027405e-02,4.682255536317825317e-02,4.794540628790855408e-02,4.691549763083457947e-02,4.689928144216537476e-02,4.709526896476745605e-02,4.719930142164230347e-02,4.681829363107681274e-02,4.706400260329246521e-02,4.659795388579368591e-02,4.696750268340110779e-02,4.554621130228042603e-02,4.658077657222747803e-02
5.152502156443364290e-02,9.710525773698464036e-06,4.597575217485427856e-02,4.633099585771560669e-02,4.673909395933151245e-02,4.717043414711952209e-02,4.693938046693801880e-02,4.707281664013862610e-02,4.714110866189002991e-02,4.683317989110946655e-02,4.695203527808189392e-02,4.522989690303802490e-02,4.559737816452980042e-02,4.732528328895568848e-02,4.591491073369979858e-02,4.685581848025321960e-02,4.678850620985031128e-02
5.168919771030355825e-02,9.716954991745296866e-06,4.651769623160362244e-02,4.740942642092704773e-02,4.632923379540443420e-02,4.665312916040420532e-02,4.718888178467750549e-02,4.710421711206436157e-02,4.675695672631263733e-02,4.847195371985435486e-02,4.632527381181716919e-02,4.759989306330680847e-02,4.625288024544715881e-02,4.593514278531074524e-02,4.672763869166374207e-02,4.546086490154266357e-02,4.595765843987464905e-02
5.185337385617348055e-02,9.726681128086056560e-06,4.787781462073326111e-02,4.640555754303932190e-02,4.632476717233657837e-02,4.668763279914855957e-02,4.696155712008476257e-02,4.631322249770164490e-02,4.759566113352775574e-02,4.675379768013954163e-02,4.684671014547348022e-02,4.584653675556182861e-02,4.657252877950668335e-02,4.588336125016212463e-02,4.732345417141914368e-02,4.684759676456451416e-02,4.622603580355644226e-02
5.201755000204340285e-02,9.738228982314467430e-06,4.697621613740921021e-02,4.654265195131301880e-02,4.767686501145362854e-02,4.686036705970764160e-02,4.638631269335746765e-02,4.725858196616172791e-02,4.632557183504104614e-02,4.666450247168540955e-02,4.670972377061843872e-02,4.693504422903060913e-02,4.685488715767860413e-02,4.716321453452110291e-02,4.629833623766899109e-02,4.530980065464973450e-02,4.688186943531036377e-02
5.218172614791331820e-02,9.779748324945103377e-06,4.644955694675445557e-02,4.728391021490097046e-02,4.777779430150985718e-02,4.689406231045722961e-02,4.773169755935668945e-02,4.734568670392036438e-02,4.659026488661766052e-02,4.668192937970161438e-02,4.749592021107673645e-02,4.630986228585243225e-02,4.685612395405769348e-02,4.704399406909942627e-02,4.694627970457077026e-02,4.761034250259399414e-02,4.611379280686378479e-02
5.234590229378324050e-02,9.704701369628310204e-06,4.648621380329132080e-02,4.536214470863342285e-02,4.671435058116912842e-02,4.694309830665588379e-02,4.749381542205810547e-02,4.668838903307914734e-02,4.847240075469017029e-02,4.605418443679809570e-02,4.614602029323577881e-02,4.663652181625366211e-02,4.677174985408782959e-02,4.686056822538375854e-02,4.636124148964881897e-02,4.608225822448730469e-02,4.616016894578933716e-02
5.251007843965316280e-02,9.741307621879968792e-06,4.672019183635711670e-02,4.568457603454589844e-02,4.691359400749206543e-02,4.811025038361549377e-02,4.672859609127044678e-02,4.755911603569984436e-02,4.676577448844909668e-02,4.714195057749748230e-02,4.590491577982902527e-02,4.642513766884803772e-02,4.713847115635871887e-02,4.671011492609977722e-02,4.587514698505401611e-02,4.621554538607597351e-02,4.716836661100387573e-02
5.267425458552307815e-02,9.695143489807378501e-06,4.651290178298950195e-02,4.692688211798667908e-02,4.629160091280937195e-02,4.607496038079261780e-02,4.694006592035293579e-02,4.694540426135063171e-02,4.616220667958259583e-02,4.711681976914405823e-02,4.676982387900352478e-02,4.605945572257041931e-02,4.675296321511268616e-02,4.720691964030265808e-02,4.639130085706710815e-02,4.581376537680625916e-02,4.697472974658012390e-02
5.283843073139299351e-02,9.694642358226701617e-06,4.595077410340309143e-02,4.688959941267967224e-02,4.729275777935981750e-02,4.607157036662101746e-02,4.709744453430175781e-02,4.611290618777275085e-02,4.674467816948890686e-02,4.679828882217407227e-02,4.665984213352203369e-02,4.686802998185157776e-02,4.733378812670707703e-02,4.587132856249809265e-02,4.663237184286117554e-02,4.613938927650451660e-02,4.602107778191566467e-02
5.300260687726292275e-02,9.652095286583062261e-06,4.687852039933204651e-02,4.641852527856826782e-02,4.684342071413993835e-02,4.648118466138839722e-02,4.663491249084472656e-02,4.662609845399856567e-02,4.645908623933792114e-02,4.552240669727325439e-02,4.693913832306861877e-02,4.553914815187454224e-02,4.628840088844299316e-02,4.556166753172874451e-02,4.626382142305374146e-02,4.630278050899505615e-02,4.564457014203071594e-02
5.316678302313283810e-02,9.656147994974162430e-06,4.609442502260208130e-02,4.622629657387733459e-02,4.610866680741310120e-02,4.654599726200103760e-02,4.621500149369239807e-02,4.739635810256004333e-02,4.682773724198341370e-02,4.686226323246955872e-02,4.588614404201507568e-02,4.625751078128814697e-02,4.643728211522102356e-02,4.553497582674026489e-02,4.615917056798934937e-02,4.641791805624961853e-02,4.608859121799468994e-02
5.333095916900275346e-02,9.645422323956154287e-06,4.707528650760650635e-02,4.683923348784446716e-02,4.647342488169670105e-02,4.557944089174270630e-02,4.589039459824562073e-02,4.600030556321144104e-02,4.663281142711639404e-02,4.599942639470100403e-02,4.659038037061691284e-02,4.575769603252410889e-02,4.713168367743492126e-02,4.617474973201751709e-02,4.540663957595825195e-02,4.677266627550125122e-02,4.632792249321937561e-02
5.349513531487267576e-02,9.653575943957548589e-06,4.719894751906394958e-02,4.698394984006881714e-02,4.788999259471893311e-02,4.614932090044021606e-02,4.595830664038658142e-02,4.671626910567283630e-02,4.661859944462776184e-02,4.625987634062767029e-02,4.637031629681587219e-02,4.646039009094238281e-02,4.644585773348808289e-02,4.497528821229934692e-02,4.601568356156349182e-02,4.634613916277885437e-02,4.524159803986549377e-02
5.365931146074259805e-02,9.638662959332577884e-06,4.666584357619285583e-02,4.678532108664512634e-02,4.663003236055374146e-02,4.692943021655082703e-02,4.593596979975700378e-02,4.577039927244186401e-02,4.559512063860893250e-02,4.543554410338401794e-02,4.533210769295692444e-02,4.643262922763824463e-02,4.686081781983375549e-02,4.646848514676094055e-02,4.618411511182785034e-02,4.534519836306571960e-02,4.678187519311904907e-02
5.382348760661251341e-02,9.633468835090752691e-06,4.581812769174575806e-02,4.654615744948387146e-02,4.667049646377563477e-02,4.656403511762619019e-02,4.613563045859336853e-02,4.648707062005996704e-02,4.649972170591354370e-02,4.588320851325988770e-02,4.560590535402297974e-02,4.648511856794357300e-02,4.671670496463775635e-02,4.557103291153907776e-02,4.680949822068214417e-02,4.614192992448806763e-02,4.578446224331855774e-02
5.398766375248243571e-02,9.673649401520378888e-06,4.683939367532730103e-02,4.703935980796813965e-02,4.609904438257217407e-02,4.853242263197898865e-02,4.677523672580718994e-02,4.640389978885650635e-02,4.692529141902923584e-02,4.543525353074073792e-02,4.565367102622985840e-02,4.628198593854904175e-02,4.617063328623771667e-02,4.729133471846580505e-02,4.564689099788665771e-02,4.586243629455566406e-02,4.614624381065368652e-02
5.415183989835235800e-02,9.618252079235389829e-06,4.535501450300216675e-02,4.731001704931259155e-02,4.675513505935668945e-02,4.703902080655097961e-02,4.690403118729591370e-02,4.568181931972503662e-02,4.536276683211326599e-02,4.680921882390975952e-02,4.596466571092605591e-02,4.614478722214698792e-02,4.646247997879981995e-02,4.583337530493736267e-02,4.656330496072769165e-02,4.542829841375350952e-02,4.493498429656028748e-02
5.431601604422227336e-02,9.598462384019512683e-06,4.676006361842155457e-02,4.627093300223350525e-02,4.704124853014945984e-02,4.551210999488830566e-02,4.594552516937255859e-02,4.636471346020698547e-02,4.570229351520538330e-02,4.545629397034645081e-02,4.624173417687416077e-02,4.581255838274955750e-02,4.529802128672599792e-02,4.579105228185653687e-02,4.674286767840385437e-02,4.603084176778793335e-02,4.583836346864700317e-02
5.448019219009218872e-02,9.579413926985580474e-06,4.701180383563041687e-02,4.523792862892150879e-02,4.602446034550666809e-02,4.596461728215217590e-02,4.631034284830093384e-02,4.682985693216323853e-02,4.575392231345176697e-02,4.621291533112525940e-02,4.587412998080253601e-02,4.568126425147056580e-02,4.593498632311820984e-02,4.532603546977043152e-02,4.667091369628906250e-02,4.586024582386016846e-02,4.533694311976432800e-02
5.464436833596211796e-02,9.506688911642413586e-06,4.597066342830657959e-02,4.561319947242736816e-02,4.598790779709815979e-02,4.605803638696670532e-02,4.566296190023422241e-02,4.550968483090400696e-02,4.517852514982223511e-02,4.549654200673103333e-02,4.505279287695884705e-02,4.600374028086662292e-02,4.548259451985359192e-02,4.604179412126541138e-02,4.557353630661964417e-02,4.592223092913627625e-02,4.518693685531616211e-02
5.480854448183203331e-02,9.528936971037182957e-06,4.518656805157661438e-02,4.701757058501243591e-02,4.587468877434730530e-02,4.512377828359603882e-02,4.553774744272232056e-02,4.602037742733955383e-02,4.576743021607398987e-02,4.555975273251533508e-02,4.609804973006248474e-02,4.620534926652908325e-02,4.590477049350738525e-02,4.486391320824623108e-02,4.557826742529869080e-02,4.612863436341285706e-02,4.529432952404022217e-02
5.497272062770194867e-02,9.572861927154008299e-06,4.552190378308296204e-02,4.607434943318367004e-02,4.667145758867263794e-02,4.654560238122940063e-02,4.508642852306365967e-02,4.644886404275894165e-02,4.562918096780776978e-02,4.538882896304130554e-02,4.637061804533004761e-02,4.645614698529243469e-02,4.671360179781913757e-02,4.562317952513694763e-02,4.559589922428131104e-02,4.510448500514030457e-02,4.644463211297988892e-02
5.513689677357187097e-02,9.523134394839871675e-06,4.574042931199073792e-02,4.580753669142723083e-02,4.622744768857955933e-02,4.642581567168235779e-02,4.593511298298835754e-02,4.498957842588424683e-02,4.587428644299507141e-02,4.581107199192047119e-02,4.596447199583053589e-02,4.573274031281471252e-02,4.554869607090950012e-02,4.613396152853965759e-02,4.502701386809349060e-02,4.544356837868690491e-02,4.541436210274696350e-02
5.530107291944179326e-02,9.530607712804339826e-06,4.640594869852066040e-02,4.600372910499572754e-02,4.603220149874687195e-02,4.589877650141716003e-02,4.702296480536460876e-02,4.494145885109901428e-02,4.642973840236663818e-02,4.550160095095634460e-02,4.572927206754684448e-02,4.652329906821250916e-02,4.585740715265274048e-02,4.531656205654144287e-02,4.459938406944274902e-02,4.529921710491180420e-02,4.490173608064651489e-02
5.546524906531170862e-02,9.462202797294594347e-06,4.647164046764373779e-02,4.479100927710533142e-02,4.531884938478469849e-02,4.576052352786064148e-02,4.537557065486907959e-02,4.491426423192024231e-02,4.538052156567573547e-02,4.544225707650184631e-02,4.596560820937156677e-02,4.583357274532318115e-02,4.475054517388343811e-02,4.482201486825942993e-02,4.629616439342498779e-02,4.501612111926078796e-02,4.480780661106109619e-02
5.562942521118163092e-02,9.481555025558918715e-06,4.613595455884933472e-02,4.652397707104682922e-02,4.554396122694015503e-02,4.582409933209419250e-02,4.540041461586952209e-02,4.514241963624954224e-02,4.576686397194862366e-02,4.528485611081123352e-02,4.545392096042633057e-02,4.524188116192817688e-02,4.576242342591285706e-02,4.500875249505043030e-02,4.501086473464965820e-02,4.549434036016464233e-02,4.533456265926361084e-02
5.579360135705155321e-02,9.454071914660744369e-06,4.586607590317726135e-02,4.438047111034393311e-02,4.530936107039451599e-02,4.619120061397552490e-02,4.521385580301284790e-02,4.541700705885887146e-02,4.557507485151290894e-02,4.499946162104606628e-02,4.482737183570861816e-02,4.524972662329673767e-02,4.488449171185493469e-02,4.552197828888893127e-02,4.539573937654495239e-02,4.599282518029212952e-02,4.532295465469360352e-02
5.595777750292146857e-02,9.490211596130393445e-06,4.553563520312309265e-02,4.693909734487533569e-02,4.627013951539993286e-02,4.575637355446815491e-02,4.571032524108886719e-02,4.520816355943679810e-02,4.501028731465339661e-02,4.626787453889846802e-02,4.630731791257858276e-02,4.535470157861709595e-02,4.565758258104324341e-02,4.545160755515098572e-02,4.506202042102813721e-02,4.532039910554885864e-02,4.456191509962081909e-02
5.612195364879138393e-02,9.405578566656913608e-06,4.558175057172775269e-02,4.525974392890930176e-02,4.568654671311378479e-02,4.691221565008163452e-02,4.448839649558067322e-02,4.549854621291160583e-02,4.432860389351844788e-02,4.508737474679946899e-02,4.520920291543006897e-02,4.482718929648399353e-02,4.525838047266006470e-02,4.547140747308731079e-02,4.517522826790809631e-02,4.468800500035285950e-02,4.448403418064117432e-02
5.628612979466131316e-02,9.517254511592909694e-06,4.643618687987327576e-02,4.621278122067451477e-02,4.574590921401977539e-02,4.651528224349021912e-02,4.580850526690483093e-02,4.635673761367797852e-02,4.549595341086387634e-02,4.566255211830139160e-02,4.539578780531883240e-02,4.497529193758964539e-02,4.658379405736923218e-02,4.521131142973899841e-02,4.450063407421112061e-02,4.502060636878013611e-02,4.570729658007621765e-02
5.645030594053122852e-02,9.424258678336627781e-06,4.520826041698455811e-02,4.450767114758491516e-02,4.559502750635147095e-02,4.577367007732391357e-02,4.542944580316543579e-02,4.522550851106643677e-02,4.537121951580047607e-02,4.578108713030815125e-02,4.571352526545524597e-02,4.657119885087013245e-02,4.502819105982780457e-02,4.469942301511764526e-02,4.524962976574897766e-02,4.494936764240264893e-02,4.453021287918090820e-02
5.661448208640114388e-02,9.399677765031810850e-06,4.549566283822059631e-02,4.594178125262260437e-02,4.501807689666748047e-02,4.528513178229331970e-02,4.604621231555938721e-02,4.434269294142723083e-02,4.506179690361022949e-02,4.426714032888412476e-02,4.599690437316894531e-02,4.478910937905311584e-02,4.477563127875328064e-02,4.501619562506675720e-02,4.492796584963798523e-02,4.532617703080177307e-02,4.506245255470275879e-02
5.677865823227106618e-02,9.417028195457533002e-06,4.661558568477630615e-02,4.559572413563728333e-02,4.453466832637786865e-02,4.576829075813293457e-02,4.584570974111557007e-02,4.511620849370956421e-02,4.629914462566375732e-02,4.508026689291000366e-02,4.519504308700561523e-02,4.477922245860099792e-02,4.471896216273307800e-02,4.516746103763580322e-02,4.424894601106643677e-02,4.512676969170570374e-02,4.460713639855384827e-02
5.694283437814098847e-02,9.361030606669373810e-06,4.519053548574447632e-02,4.548418894410133362e-02,4.591199755668640137e-02,4.519411176443099976e-02,4.478147998452186584e-02,4.588251560926437378e-02,4.439717903733253479e-02,4.413218796253204346e-02,4.479508846998214722e-02,4.490455612540245056e-02,4.485606029629707336e-02,4.512381926178932190e-02,4.516313225030899048e-02,4.405912384390830994e-02,4.486557841300964355e-02
5.710701052401090383e-02,9.374824912811163813e-06,4.570486769080162048e-02,4.539823532104492188e-02,4.466907680034637451e-02,4.534484446048736572e-02,4.461080208420753479e-02,4.535412788391113281e-02,4.524720832705497742e-02,4.500477388501167297e-02,4.459775239229202271e-02,4.569508507847785950e-02,4.501665756106376648e-02,4.460773244500160217e-02,4.484179243445396423e-02,4.478715732693672180e-02,4.427496716380119324e-02
5.727118666988082613e-02,9.348064850200898945e-06,4.632767289876937866e-02,4.493723437190055847e-02,4.448630660772323608e-02,4.552762210369110107e-02,4.500145837664604187e-02,4.528305307030677795e-02,4.476733133196830750e-02,4.452364146709442139e-02,4.491356387734413147e-02,4.453543201088905334e-02,4.478253796696662903e-02,4.417179152369499207e-02,4.452204331755638123e-02,4.498293623328208923e-02,4.413119331002235413e-02
5.743536281575074842e-02,9.279404366679955274e-06,4.433758556842803955e-02,4.537111520767211914e-02,4.489618539810180664e-02,4.535852745175361633e-02,4.475882276892662048e-02,4.509777203202247620e-02,4.401264339685440063e-02,4.460728913545608521e-02,4.371174052357673645e-02,4.426902160048484802e-02,4.406231269240379333e-02,4.384793713688850403e-02,4.436186328530311584e-02,4.409563168883323669e-02,4.522074386477470398e-02
5.759953896162066378e-02,9.350839718536008149e-06,4.495339095592498779e-02,4.502970352768898010e-02,4.455834999680519104e-02,4.580320045351982117e-02,4.509660229086875916e-02,4.464153200387954712e-02,4.450389742851257324e-02,4.458810389041900635e-02,4.455126449465751648e-02,4.464749619364738464e-02,4.516711086034774780e-02,4.509174078702926636e-02,4.455625638365745544e-02,4.489787667989730835e-02,4.583283886313438416e-02
5.776371510749057914e-02,9.290350135415792465e-06,4.546759650111198425e-02,4.501423612236976624e-02,4.335618764162063599e-02,4.476460441946983337e-02,4.557945206761360168e-02,4.474994167685508728e-02,4.475470259785652161e-02,4.533848911523818970e-02,4.483602941036224365e-02,4.429113864898681641e-02,4.352604225277900696e-02,4.478007927536964417e-02,4.395682737231254578e-02,4.431303218007087708e-02,4.410964250564575195e-02
5.792789125336050837e-02,9.244563443644437939e-06,4.420944675803184509e-02,4.490932449698448181e-02,4.474088549613952637e-02,4.541638866066932678e-02,4.438484832644462585e-02,4.407433047890663147e-02,4.447123408317565918e-02,4.438105598092079163e-02,4.402665793895721436e-02,4.368688538670539856e-02,4.502479732036590576e-02,4.406682774424552917e-02,4.415699467062950134e-02,4.369772598147392273e-02,4.452799260616302490e-02
5.809206739923042373e-02,9.300040801463183016e-06,4.513187333941459656e-02,4.471563920378684998e-02,4.547494649887084961e-02,4.509641230106353760e-02,4.348653182387351990e-02,4.485807940363883972e-02,4.512578994035720825e-02,4.486317932605743408e-02,4.516199976205825806e-02,4.519596695899963379e-02,4.439847171306610107e-02,4.426516965031623840e-02,4.382514953613281250e-02,4.422933980822563171e-02,4.405847564339637756e-02
5.825624354510033909e-02,9.261852937925141305e-06,4.468311369419097900e-02,4.428802430629730225e-02,4.450344294309616089e-02,4.428240284323692322e-02,4.443845152854919434e-02,4.535489156842231750e-02,4.431601241230964661e-02,4.470730945467948914e-02,4.443474486470222473e-02,4.520063474774360657e-02,4.371504485607147217e-02,4.496051743626594543e-02,4.405986517667770386e-02,4.465799778699874878e-02,4.467720910906791687e-02
5.842041969097026138e-02,9.294241863244678825e-06,4.575073346495628357e-02,4.418557882308959961e-02,4.438770562410354614e-02,4.490495100617408752e-02,4.418675228953361511e-02,4.422754421830177307e-02,4.489266872406005859e-02,4.476931691169738770e-02,4.456828907132148743e-02,4.429273679852485657e-02,4.455975815653800964e-02,4.513023793697357178e-02,4.522071033716201782e-02,4.409593343734741211e-02,4.453908279538154602e-02
5.858459583684018368e-02,9.232836418959777802e-06,4.455823823809623718e-02,4.466434940695762634e-02,4.550996795296669006e-02,4.396439343690872192e-02,4.425586760044097900e-02,4.480824247002601624e-02,4.462276771664619446e-02,4.463985189795494080e-02,4.410411044955253601e-02,4.403780773282051086e-02,4.425920546054840088e-02,4.354431107640266418e-02,4.299569129943847656e-02,4.480760544538497925e-02,4.356343299150466919e-02
5.874877198271009904e-02,9.193346159008797258e-06,4.364506155252456665e-02,4.420443251729011536e-02,4.453030973672866821e-02,4.379406571388244629e-02,4.434429481625556946e-02,4.433287680149078369e-02,4.529190063476562500e-02,4.444001615047454834e-02,4.481351375579833984e-02,4.389650747179985046e-02,4.384862631559371948e-02,4.400792345404624939e-02,4.418966546654701233e-02,4.358689486980438232e-02,4.400257021188735962e-02
5.891294812858002133e-02,9.210107236867770553e-06,4.412017390131950378e-02,4.466843977570533752e-02,4.460104554891586304e-02,4.450931400060653687e-02,4.434693604707717896e-02,4.451373964548110962e-02,4.316496849060058594e-02,4.360526055097579956e-02,4.464229196310043335e-02,4.388730973005294800e-02,4.415278509259223938e-02,4.443418979644775391e-02,4.352706670761108398e-02,4.394446685910224915e-02,4.464014619588851929e-02
5.907712427444994363e-02,9.227886039298027754e-06,4.485331475734710693e-02,4.528529569506645203e-02,4.436605796217918396e-02,4.522598534822463989e-02,4.424989223480224609e-02,4.437915235757827759e-02,4.380211979150772095e-02,4.416383057832717896e-02,4.503063857555389404e-02,4.392053186893463135e-02,4.406171292066574097e-02,4.363962635397911072e-02,4.354365170001983643e-02,4.453447088599205017e-02,4.353206977248191833e-02
5.924130042031985899e-02,9.148066965281032026e-06,4.371841624379158020e-02,4.417417943477630615e-02,4.453837126493453979e-02,4.438169673085212708e-02,4.356756061315536499e-02,4.342991858720779419e-02,4.355888813734054565e-02,4.441986978054046631e-02,4.321711510419845581e-02,4.500464349985122681e-02,4.356125369668006897e-02,4.401512816548347473e-02,4.409319907426834106e-02,4.380949959158897400e-02,4.336250573396682739e-02
5.940547656618977435e-02,9.142576345766428858e-06,4.360249266028404236e-02,4.460570588707923889e-02,4.465468227863311768e-02,4.351811483502388000e-02,4.352539405226707458e-02,4.405476525425910950e-02,4.395748302340507507e-02,4.446230828762054443e-02,4.382716119289398193e-02,4.326056316494941711e-02,4.424675181508064270e-02,4.306782782077789307e-02,4.349555075168609619e-02,4.386746510863304138e-02,4.390569776296615601e-02
5.956965271205970358e-02,9.159179171547293663e-06,4.336783662438392639e-02,4.487097263336181641e-02,4.470095783472061157e-02,4.352285712957382202e-02,4.436514154076576233e-02,4.364997893571853638e-02,4.354656487703323364e-02,4.434838518500328064e-02,4.477936774492263794e-02,4.345076903700828552e-02,4.397424310445785522e-02,4.345447570085525513e-02,4.437559843063354492e-02,4.357166960835456848e-02,4.449030384421348572e-02
5.973382885792961894e-02,9.112474799621850252e-06,4.471465572714805603e-02,4.411974549293518066e-02,4.341808706521987915e-02,4.411727190017700195e-02,4.350727796554565430e-02,4.407344385981559753e-02,4.421872645616531372e-02,4.370843246579170227e-02,4.317105561494827271e-02,4.297932609915733337e-02,4.454397782683372498e-02,4.355960711836814880e-02,4.371633380651473999e-02,4.270940274000167847e-02,4.300405457615852356e-02
5.989800500379953430e-02,9.098989721678663045e-06,4.522928223013877869e-02,4.505411162972450256e-02,4.421094432473182678e-02,4.468802735209465027e-02,4.350310564041137695e-02,4.338968545198440552e-02,4.456852003931999207e-02,4.407565295696258545e-02,4.334954917430877686e-02,4.303548112511634827e-02,4.351980984210968018e-02,4.280136525630950928e-02,4.298153519630432129e-02,4.224016517400741577e-02,4.333132877945899963e-02
6.006218114966945659e-02,9.088606930163223296e-06,4.459083080291748047e-02,4.307666420936584473e-02,4.474368691444396973e-02,4.382754489779472351e-02,4.446999728679656982e-02,4.358847066760063171e-02,4.334319382905960083e-02,4.370065405964851379e-02,4.331099241971969604e-02,4.383536428213119507e-02,4.269172251224517822e-02,4.313989728689193726e-02,4.330839961767196655e-02,4.403812438249588013e-02,4.273815080523490906e-02
6.022635729553937889e-02,9.111203326028771698e-06,4.469756782054901123e-02,4.464104399085044861e-02,4.351608827710151672e-02,4.417422041296958923e-02,4.370068013668060303e-02,4.396470636129379272e-02,4.359821230173110962e-02,4.405493661761283875e-02,4.351973533630371094e-02,4.426181688904762268e-02,4.307344928383827209e-02,4.436771944165229797e-02,4.335414618253707886e-02,4.240225255489349365e-02,4.321230202913284302e-02
6.039053344140929425e-02,9.086505087907426059e-06,4.400737956166267395e-02,4.435034468770027161e-02,4.358823969960212708e-02,4.396425932645797729e-02,4.362764209508895874e-02,4.478861019015312195e-02,4.403141885995864868e-02,4.324622079730033875e-02,4.246084764599800110e-02,4.416916146874427795e-02,4.369930922985076904e-02,4.327785223722457886e-02,4.301345720887184143e-02,4.290154576301574707e-02,4.335268214344978333e-02
6.055470958727921654e-02,9.044383659784216434e-06,4.420692473649978638e-02,4.388826712965965271e-02,4.402785003185272217e-02,4.469805955886840820e-02,4.322555661201477051e-02,4.260712862014770508e-02,4.288751259446144104e-02,4.430897906422615051e-02,4.317289218306541443e-02,4.313861578702926636e-02,4.324827715754508972e-02,4.252539947628974915e-02,4.326254129409790039e-02,4.328506439924240112e-02,4.347224161028862000e-02
6.071888573314913884e-02,9.002065780805423856e-06,4.367999359965324402e-02,4.408289492130279541e-02,4.353593289852142334e-02,4.400909692049026489e-02,4.368203133344650269e-02,4.342901706695556641e-02,4.293485358357429504e-02,4.327694699168205261e-02,4.268506541848182678e-02,4.270378872752189636e-02,4.267203062772750854e-02,4.254028573632240295e-02,4.293347895145416260e-02,4.376645013689994812e-02,4.287099465727806091e-02
6.088306187901905420e-02,9.025131475937087089e-06,4.360989853739738464e-02,4.386100172996520996e-02,4.303991422057151794e-02,4.307265207171440125e-02,4.417754709720611572e-02,4.373126477003097534e-02,4.357646033167839050e-02,4.359974339604377747e-02,4.297237098217010498e-02,4.321849346160888672e-02,4.280322790145874023e-02,4.364617168903350830e-02,4.386700689792633057e-02,4.342953860759735107e-02,4.254367575049400330e-02
6.104723802488896955e-02,8.990307833300903440e-06,4.341383278369903564e-02,4.383609443902969360e-02,4.392373189330101013e-02,4.250012710690498352e-02,4.350163787603378296e-02,4.369645193219184875e-02,4.353147745132446289e-02,4.237042739987373352e-02,4.208301380276679993e-02,4.367557913064956665e-02,4.437554255127906799e-02,4.218265786767005920e-02,4.382396116852760315e-02,4.203945025801658630e-02,4.266590997576713562e-02
6.121141417075889879e-02,8.980203347164206207e-06,4.370042309165000916e-02,4.325663298368453979e-02,4.333274066448211670e-02,4.328238964080810547e-02,4.380532726645469666e-02,4.265783727169036865e-02,4.307815060019493103e-02,4.295380041003227234e-02,4.306886717677116394e-02,4.273496195673942566e-02,4.356821998953819275e-02,4.316608980298042297e-02,4.170537739992141724e-02,4.345272481441497803e-02,4.274717718362808228e-02
6.137559031662881415e-02,8.953336873673833907e-06,4.472206905484199524e-02,4.402178153395652771e-02,4.294867813587188721e-02,4.381534457206726074e-02,4.362739995121955872e-02,4.210832342505455017e-02,4.296492785215377808e-02,4.233327507972717285e-02,4.294143989682197571e-02,4.310053214430809021e-02,4.322601482272148132e-02,4.224245995283126831e-02,4.218874126672744751e-02,4.277862235903739929e-02,4.261867702007293701e-02
