2.436353949327713705e-03,3.368979960214346647e-04,3.023757934570312500e+00,3.013144969940185547e+00,3.001998186111450195e+00,2.992933988571166992e+00,3.012403726577758789e+00,2.989067316055297852e+00,2.979746341705322266e+00,2.973806381225585938e+00,2.975720643997192383e+00,2.954592466354370117e+00,2.947323560714721680e+00,2.953617811203002930e+00,2.944886922836303711e+00,2.923326015472412109e+00,2.917554616928100586e+00
2.600530095197632965e-03,2.862407127395272255e-04,2.571622371673583984e+00,2.572294235229492188e+00,2.553150177001953125e+00,2.551885128021240234e+00,2.542731046676635742e+00,2.533565282821655273e+00,2.530034780502319336e+00,2.531948328018188477e+00,2.518131971359252930e+00,2.507918834686279297e+00,2.500588655471801758e+00,2.510531663894653320e+00,2.503025531768798828e+00,2.492004394531250000e+00,2.490090608596801758e+00
2.764706241067552660e-03,2.445378922857344151e-04,2.199703693389892578e+00,2.194420814514160156e+00,2.183392524719238281e+00,2.182476520538330078e+00,2.177615165710449219e+00,2.172264099121093750e+00,2.162402391433715820e+00,2.155665636062622070e+00,2.149942636489868164e+00,2.143940210342407227e+00,2.138725280761718750e+00,2.147647619247436523e+00,2.142439365386962891e+00,2.116461038589477539e+00,2.109948635101318359e+00
2.928882386937472354e-03,2.128400810761377215e-04,1.915602326393127441e+00,1.901261210441589355e+00,1.900682091712951660e+00,1.896686315536499023e+00,1.890089273452758789e+00,1.887471795082092285e+00,1.881451249122619629e+00,1.877959132194519043e+00,1.880823493003845215e+00,1.865655183792114258e+00,1.867849707603454590e+00,1.866348147392272949e+00,1.846365809440612793e+00,1.854070305824279785e+00,1.855090260505676270e+00
3.093058532807391615e-03,1.846056402428075671e-04,1.665997982025146484e+00,1.654713392257690430e+00,1.656337141990661621e+00,1.641332387924194336e+00,1.642648339271545410e+00,1.635910511016845703e+00,1.630211114883422852e+00,1.628289699554443359e+00,1.623607635498046875e+00,1.627788543701171875e+00,1.618700981140136719e+00,1.613353848457336426e+00,1.601346850395202637e+00,1.613484144210815430e+00,1.602633714675903320e+00
3.257234678677311309e-03,1.620599214220419526e-04,1.461036920547485352e+00,1.455168843269348145e+00,1.457173347473144531e+00,1.440893292427062988e+00,1.445567727088928223e+00,1.436697125434875488e+00,1.430629134178161621e+00,1.431422948837280273e+00,1.425042152404785156e+00,1.423939108848571777e+00,1.424530744552612305e+00,1.414432883262634277e+00,1.409601092338562012e+00,1.410237312316894531e+00,1.400237202644348145e+00
3.421410824547230570e-03,1.429211697541177273e-04,1.285554647445678711e+00,1.282225608825683594e+00,1.272534847259521484e+00,1.270123600959777832e+00,1.270704030990600586e+00,1.268705010414123535e+00,1.262289643287658691e+00,1.261115074157714844e+00,1.256265401840209961e+00,1.256313562393188477e+00,1.262407779693603516e+00,1.253507852554321289e+00,1.250991344451904297e+00,1.248897433280944824e+00,1.238574266433715820e+00
3.585586970417150264e-03,1.270751527044922113e-04,1.140915513038635254e+00,1.143465161323547363e+00,1.136753678321838379e+00,1.134992957115173340e+00,1.131419301033020020e+00,1.131359696388244629e+00,1.124573945999145508e+00,1.125467181205749512e+00,1.115644693374633789e+00,1.115369439125061035e+00,1.109994888305664062e+00,1.116353750228881836e+00,1.107535839080810547e+00,1.105401992797851562e+00,1.104573130607604980e+00
3.749763116287069525e-03,1.134535632445476949e-04,1.023960351943969727e+00,1.015664219856262207e+00,1.018051147460937500e+00,1.009230732917785645e+00,1.006178259849548340e+00,1.005154728889465332e+00,1.004088640213012695e+00,1.001890301704406738e+00,1.004029512405395508e+00,9.953039884567260742e-01,9.898047447204589844e-01,9.922965168952941895e-01,9.906637668609619141e-01,9.905753731727600098e-01,9.843360185623168945e-01
3.913939262156988785e-03,1.020585041260346770e-04,9.116770625114440918e-01,9.184633493423461914e-01,9.150258302688598633e-01,9.117303490638732910e-01,9.120336771011352539e-01,9.066829681396484375e-01,9.029530882835388184e-01,8.998557925224304199e-01,9.006280899047851562e-01,8.939524888992309570e-01,8.953349590301513672e-01,8.908503055572509766e-01,8.957765698432922363e-01,8.881741166114807129e-01,8.850144147872924805e-01
4.078115408026909347e-03,9.128651436185464263e-05,8.217744231224060059e-01,8.196840286254882812e-01,8.150329589843750000e-01,8.149289488792419434e-01,8.168826699256896973e-01,8.101403117179870605e-01,8.079511523246765137e-01,8.079975247383117676e-01,8.066529035568237305e-01,7.973530888557434082e-01,7.972293496131896973e-01,7.958314418792724609e-01,7.974184751510620117e-01,7.917721271514892578e-01,7.957821488380432129e-01
4.242291553896828174e-03,8.276717562694102526e-05,7.413573265075683594e-01,7.377849221229553223e-01,7.476680874824523926e-01,7.390540242195129395e-01,7.337473034858703613e-01,7.345954179763793945e-01,7.297136783599853516e-01,7.341025471687316895e-01,7.271533012390136719e-01,7.268360257148742676e-01,7.249900102615356445e-01,7.216995358467102051e-01,7.263590097427368164e-01,7.216899991035461426e-01,7.181618809700012207e-01
4.406467699766747001e-03,7.527602429036051035e-05,6.798270940780639648e-01,6.754447221755981445e-01,6.759672760963439941e-01,6.720207333564758301e-01,6.713685989379882812e-01,6.677070260047912598e-01,6.660659909248352051e-01,6.665242910385131836e-01,6.658497452735900879e-01,6.611292362213134766e-01,6.600881814956665039e-01,6.554460525512695312e-01,6.574763059616088867e-01,6.510784626007080078e-01,6.516684889793395996e-01
4.570643845636667563e-03,6.802209099987521768e-05,6.125897169113159180e-01,6.068153977394104004e-01,6.078361868858337402e-01,6.079589724540710449e-01,6.036413908004760742e-01,6.071299910545349121e-01,6.034381389617919922e-01,6.012594699859619141e-01,5.983540415763854980e-01,5.960584878921508789e-01,6.012886166572570801e-01,5.947810411453247070e-01,5.943113565444946289e-01,5.872372388839721680e-01,5.928975939750671387e-01
4.734819991506586390e-03,6.277205102378502488e-05,5.652596950531005859e-01,5.610505342483520508e-01,5.586087107658386230e-01,5.561005473136901855e-01,5.601088404655456543e-01,5.582799911499023438e-01,5.552377700805664062e-01,5.575963258743286133e-01,5.499387979507446289e-01,5.533223748207092285e-01,5.514872670173645020e-01,5.518710613250732422e-01,5.481131672859191895e-01,5.473704338073730469e-01,5.460952520370483398e-01
4.898996137376506084e-03,5.736756065743975341e-05,5.155724883079528809e-01,5.134347081184387207e-01,5.136309862136840820e-01,5.087027549743652344e-01,5.088744163513183594e-01,5.097116827964782715e-01,5.099599957466125488e-01,5.097468495368957520e-01,5.056601166725158691e-01,5.010819435119628906e-01,5.021607875823974609e-01,5.042505264282226562e-01,5.000745058059692383e-01,4.993059933185577393e-01,5.015863776206970215e-01
5.063172283246425778e-03,5.288522515911608934e-05,4.729851782321929932e-01,4.716012477874755859e-01,4.743711352348327637e-01,4.732237458229064941e-01,4.712921082973480225e-01,4.683365821838378906e-01,4.679091572761535645e-01,4.636399447917938232e-01,4.669760465621948242e-01,4.641912281513214111e-01,4.662533998489379883e-01,4.646851718425750732e-01,4.631108045578002930e-01,4.605139791965484619e-01,4.596446156501770020e-01
5.227348429116344605e-03,4.872508361586369574e-05,4.370732605457305908e-01,4.342359900474548340e-01,4.341658949851989746e-01,4.338282346725463867e-01,4.357281923294067383e-01,4.326675236225128174e-01,4.319048225879669189e-01,4.322757422924041748e-01,4.279919862747192383e-01,4.271968007087707520e-01,4.309910237789154053e-01,4.250841438770294189e-01,4.281150996685028076e-01,4.265602827072143555e-01,4.221473336219787598e-01
5.391524574986265167e-03,4.461497519514523447e-05,3.993617892265319824e-01,3.986568450927734375e-01,3.983972966670989990e-01,3.987363874912261963e-01,3.977354466915130615e-01,3.954702317714691162e-01,3.949453234672546387e-01,3.911865949630737305e-01,3.950180113315582275e-01,3.911965489387512207e-01,3.950405418872833252e-01,3.881162703037261963e-01,3.880173265933990479e-01,3.911089599132537842e-01,3.882536590099334717e-01
5.555700720856183994e-03,4.138564690947532654e-05,3.691762387752532959e-01,3.713519871234893799e-01,3.687258958816528320e-01,3.681484162807464600e-01,3.701829612255096436e-01,3.673862218856811523e-01,3.654555380344390869e-01,3.665350377559661865e-01,3.636306226253509521e-01,3.644426465034484863e-01,3.659118711948394775e-01,3.622935712337493896e-01,3.640200197696685791e-01,3.604439795017242432e-01,3.606375455856323242e-01
5.719876866726103688e-03,3.811854912783019245e-05,3.403894603252410889e-01,3.415800034999847412e-01,3.408401012420654297e-01,3.383968174457550049e-01,3.387937247753143311e-01,3.365215659141540527e-01,3.390921354293823242e-01,3.382214903831481934e-01,3.358097076416015625e-01,3.358891606330871582e-01,3.352277278900146484e-01,3.332854211330413818e-01,3.335276544094085693e-01,3.338229358196258545e-01,3.301701545715332031e-01
5.884053012596023383e-03,3.541874320944771171e-05,3.150708377361297607e-01,3.169012963771820068e-01,3.184081017971038818e-01,3.137966692447662354e-01,3.117344081401824951e-01,3.144974708557128906e-01,3.140542507171630859e-01,3.138822615146636963e-01,3.105254769325256348e-01,3.141692578792572021e-01,3.102232217788696289e-01,3.131433725357055664e-01,3.088081479072570801e-01,3.105721771717071533e-01,3.098841011524200439e-01
6.048229158465942210e-03,3.322082920931279659e-05,2.971876561641693115e-01,2.959416210651397705e-01,2.931014895439147949e-01,2.950698435306549072e-01,2.945835888385772705e-01,2.945941090583801270e-01,2.953695356845855713e-01,2.936663329601287842e-01,2.941851317882537842e-01,2.926272749900817871e-01,2.911128997802734375e-01,2.923563718795776367e-01,2.929161787033081055e-01,2.918407022953033447e-01,2.902690470218658447e-01
6.212405304335862771e-03,3.079271118622273207e-05,2.753482162952423096e-01,2.744970619678497314e-01,2.763374745845794678e-01,2.713530361652374268e-01,2.749699950218200684e-01,2.719639241695404053e-01,2.731294035911560059e-01,2.710184454917907715e-01,2.741838097572326660e-01,2.725206315517425537e-01,2.692207992076873779e-01,2.721058726310729980e-01,2.681925892829895020e-01,2.701355516910552979e-01,2.676606476306915283e-01
6.376581450205781598e-03,2.884481182263698429e-05,2.576814591884613037e-01,2.583915591239929199e-01,2.569114267826080322e-01,2.556516528129577637e-01,2.595373988151550293e-01,2.562477290630340576e-01,2.552947998046875000e-01,2.537305355072021484e-01,2.557835876941680908e-01,2.531208992004394531e-01,2.531516849994659424e-01,2.522073984146118164e-01,2.538631558418273926e-01,2.512892484664916992e-01,2.517653703689575195e-01
6.540757596075701293e-03,2.727207720454316586e-05,2.445326596498489380e-01,2.454494982957839966e-01,2.435432672500610352e-01,2.410074323415756226e-01,2.421577125787734985e-01,2.411784529685974121e-01,2.411864399909973145e-01,2.399532943964004517e-01,2.409652918577194214e-01,2.400991469621658325e-01,2.404684424400329590e-01,2.411495745182037354e-01,2.380496114492416382e-01,2.372671961784362793e-01,2.385958284139633179e-01
6.704933741945620987e-03,2.532787948439363390e-05,2.270579189062118530e-01,2.271134704351425171e-01,2.244547903537750244e-01,2.252074033021926880e-01,2.241466641426086426e-01,2.236318886280059814e-01,2.218974977731704712e-01,2.235896587371826172e-01,2.248820364475250244e-01,2.238577008247375488e-01,2.245150804519653320e-01,2.233204394578933716e-01,2.221390604972839355e-01,2.220475226640701294e-01,2.206696867942810059e-01
6.869109887815539814e-03,2.397889329586178064e-05,2.159605026245117188e-01,2.161355465650558472e-01,2.123245596885681152e-01,2.139750719070434570e-01,2.122127860784530640e-01,2.111433893442153931e-01,2.104614078998565674e-01,2.133103311061859131e-01,2.106499224901199341e-01,2.125868052244186401e-01,2.111854255199432373e-01,2.095636427402496338e-01,2.097602635622024536e-01,2.085941731929779053e-01,2.118834108114242554e-01
7.033286033685460376e-03,2.229111487395130098e-05,1.990514546632766724e-01,1.990814954042434692e-01,1.984041184186935425e-01,2.003391683101654053e-01,1.973434090614318848e-01,1.964112967252731323e-01,1.967200785875320435e-01,1.967057287693023682e-01,1.957869231700897217e-01,1.981243193149566650e-01,1.952397972345352173e-01,1.955339163541793823e-01,1.943606138229370117e-01,1.953016370534896851e-01,1.963211745023727417e-01
7.197462179555379203e-03,2.098386721627321094e-05,1.866180151700973511e-01,1.861365288496017456e-01,1.848993003368377686e-01,1.875528544187545776e-01,1.868787258863449097e-01,1.862901449203491211e-01,1.850277483463287354e-01,1.856390833854675293e-01,1.865569651126861572e-01,1.851931065320968628e-01,1.851679235696792603e-01,1.836196184158325195e-01,1.853085160255432129e-01,1.846037656068801880e-01,1.831070035696029663e-01
7.361638325425298029e-03,1.988682561204768717e-05,1.771311163902282715e-01,1.773593574762344360e-01,1.774495244026184082e-01,1.772448867559432983e-01,1.771959513425827026e-01,1.770292073488235474e-01,1.756409853696823120e-01,1.745358258485794067e-01,1.763844937086105347e-01,1.748677939176559448e-01,1.757852882146835327e-01,1.745530664920806885e-01,1.749371588230133057e-01,1.733459234237670898e-01,1.731020212173461914e-01
7.525814471295218591e-03,1.894228262244723737e-05,1.688369363546371460e-01,1.690995097160339355e-01,1.686551868915557861e-01,1.683253794908523560e-01,1.677367389202117920e-01,1.666957885026931763e-01,1.682692319154739380e-01,1.680636703968048096e-01,1.667302101850509644e-01,1.679090112447738647e-01,1.667661666870117188e-01,1.669517010450363159e-01,1.649178862571716309e-01,1.664017885923385620e-01,1.666018664836883545e-01
7.689990617165137418e-03,1.796037031454034150e-05,1.589826643466949463e-01,1.599540859460830688e-01,1.597466617822647095e-01,1.596816182136535645e-01,1.579767614603042603e-01,1.594269424676895142e-01,1.583541184663772583e-01,1.597512960433959961e-01,1.578028053045272827e-01,1.573072671890258789e-01,1.574503183364868164e-01,1.582351475954055786e-01,1.595194190740585327e-01,1.588475704193115234e-01,1.579755246639251709e-01
7.854166763035057980e-03,1.725228503346443176e-05,1.540907174348831177e-01,1.528794914484024048e-01,1.538585275411605835e-01,1.531394720077514648e-01,1.529446095228195190e-01,1.519476920366287231e-01,1.524053066968917847e-01,1.525006294250488281e-01,1.510403901338577271e-01,1.529959589242935181e-01,1.521172970533370972e-01,1.504572480916976929e-01,1.515233814716339111e-01,1.528056412935256958e-01,1.517164856195449829e-01
8.018342908904976807e-03,1.637071545701473951e-05,1.440848708152770996e-01,1.448157131671905518e-01,1.446973234415054321e-01,1.438468843698501587e-01,1.445043683052062988e-01,1.441793143749237061e-01,1.459827423095703125e-01,1.463963687419891357e-01,1.463134139776229858e-01,1.440049707889556885e-01,1.460376679897308350e-01,1.436980515718460083e-01,1.435132026672363281e-01,1.426471620798110962e-01,1.447893530130386353e-01
8.182519054774895634e-03,1.566289211041294038e-05,1.395703554153442383e-01,1.389994472265243530e-01,1.376121938228607178e-01,1.386982053518295288e-01,1.384604573249816895e-01,1.394064426422119141e-01,1.384109705686569214e-01,1.375559270381927490e-01,1.383145004510879517e-01,1.386341601610183716e-01,1.383462846279144287e-01,1.387581676244735718e-01,1.384362578392028809e-01,1.375271081924438477e-01,1.367697566747665405e-01
8.346695200644816195e-03,1.480075661675073206e-05,1.310570389032363892e-01,1.308356374502182007e-01,1.305224150419235229e-01,1.309489309787750244e-01,1.304176002740859985e-01,1.325459629297256470e-01,1.317711174488067627e-01,1.311473846435546875e-01,1.311166584491729736e-01,1.301186680793762207e-01,1.304101347923278809e-01,1.294284313917160034e-01,1.286251991987228394e-01,1.312303543090820312e-01,1.306620091199874878e-01
8.510871346514735022e-03,1.424608490196987987e-05,1.265398710966110229e-01,1.254334151744842529e-01,1.260588914155960083e-01,1.265891343355178833e-01,1.252299547195434570e-01,1.263635456562042236e-01,1.248926669359207153e-01,1.246392056345939636e-01,1.259066611528396606e-01,1.255775541067123413e-01,1.276284009218215942e-01,1.258959621191024780e-01,1.262755393981933594e-01,1.249921247363090515e-01,1.257159411907196045e-01
8.675047492384653849e-03,1.383352173434104770e-05,1.224966123700141907e-01,1.226088330149650574e-01,1.208995506167411804e-01,1.213424801826477051e-01,1.217442750930786133e-01,1.223628222942352295e-01,1.213967278599739075e-01,1.232987120747566223e-01,1.223635897040367126e-01,1.216679885983467102e-01,1.228802427649497986e-01,1.218691170215606689e-01,1.220735386013984680e-01,1.222980320453643799e-01,1.219912320375442505e-01
8.839223638254574411e-03,1.331764178758021444e-05,1.177780926227569580e-01,1.173811927437782288e-01,1.181547120213508606e-01,1.173868849873542786e-01,1.165045276284217834e-01,1.172362193465232849e-01,1.169216781854629517e-01,1.175519600510597229e-01,1.178587749600410461e-01,1.184829026460647583e-01,1.166861802339553833e-01,1.183816343545913696e-01,1.185666769742965698e-01,1.173446550965309143e-01,1.183768659830093384e-01
9.003399784124493238e-03,1.283597066503716633e-05,1.134133711457252502e-01,1.139294058084487915e-01,1.133438423275947571e-01,1.138141676783561707e-01,1.130207106471061707e-01,1.127006560564041138e-01,1.123032644391059875e-01,1.139416918158531189e-01,1.148018389940261841e-01,1.139233112335205078e-01,1.133376583456993103e-01,1.126052960753440857e-01,1.136436536908149719e-01,1.131820678710937500e-01,1.139857396483421326e-01
9.167575929994413800e-03,1.231772967003053054e-05,1.095933839678764343e-01,1.075285449624061584e-01,1.080851033329963684e-01,1.079757437109947205e-01,1.095489636063575745e-01,1.092293485999107361e-01,1.102497354149818420e-01,1.085497438907623291e-01,1.086264774203300476e-01,1.086239516735076904e-01,1.077707782387733459e-01,1.095451042056083679e-01,1.092394515872001648e-01,1.068731248378753662e-01,1.098404154181480408e-01
9.331752075864332627e-03,1.200476162921404466e-05,1.052926257252693176e-01,1.052970588207244873e-01,1.058119609951972961e-01,1.062271073460578918e-01,1.053558140993118286e-01,1.051750853657722473e-01,1.069692373275756836e-01,1.044684499502182007e-01,1.069815531373023987e-01,1.057912334799766541e-01,1.063295379281044006e-01,1.063128709793090820e-01,1.061324104666709900e-01,1.062626168131828308e-01,1.071711555123329163e-01
9.495928221734251454e-03,1.169123970612417907e-05,1.026291251182556152e-01,1.036254838109016418e-01,1.037096306681632996e-01,1.023082286119461060e-01,1.042452231049537659e-01,1.023541316390037537e-01,1.028951406478881836e-01,1.038997620344161987e-01,1.044234037399291992e-01,1.026235669851303101e-01,1.042835861444473267e-01,1.032100245356559753e-01,1.021289825439453125e-01,1.028415858745574951e-01,1.031356528401374817e-01
9.660104367604172015e-03,1.136629271059064195e-05,9.986998140811920166e-02,1.005377396941184998e-01,1.007260829210281372e-01,9.921720623970031738e-02,1.006812378764152527e-01,9.932328760623931885e-02,1.006925925612449646e-01,1.011856198310852051e-01,1.006125956773757935e-01,1.001674234867095947e-01,1.010723263025283813e-01,1.007854864001274109e-01,1.003303602337837219e-01,1.011164709925651550e-01,9.991449862718582153e-02
9.824280513474090842e-03,1.105201044993009418e-05,9.639533609151840210e-02,9.756414592266082764e-02,9.780748188495635986e-02,9.775136411190032959e-02,9.707678109407424927e-02,9.726015478372573853e-02,9.820616990327835083e-02,9.836576133966445923e-02,9.813777357339859009e-02,9.729278832674026489e-02,9.781696647405624390e-02,9.893863648176193237e-02,9.728107601404190063e-02,9.734813868999481201e-02,9.855332970619201660e-02
9.988456659344011404e-03,1.082072049030102789e-05,9.432964771986007690e-02,9.484315663576126099e-02,9.415040165185928345e-02,9.585709869861602783e-02,9.629128873348236084e-02,9.605121612548828125e-02,9.519647806882858276e-02,9.629081189632415771e-02,9.528912603855133057e-02,9.433409571647644043e-02,9.635315835475921631e-02,9.681490063667297363e-02,9.590389579534530640e-02,9.544023126363754272e-02,9.666603058576583862e-02
1.015263280521393023e-02,1.060570957633899525e-05,9.327829629182815552e-02,9.373018145561218262e-02,9.346687048673629761e-02,9.409604221582412720e-02,9.365834295749664307e-02,9.302753955125808716e-02,9.416642785072326660e-02,9.353618323802947998e-02,9.465743601322174072e-02,9.418322145938873291e-02,9.433019906282424927e-02,9.249226748943328857e-02,9.320107102394104004e-02,9.344771504402160645e-02,9.336400032043457031e-02
1.031680895108384906e-02,1.034354681905824691e-05,9.156865626573562622e-02,9.061433374881744385e-02,9.101757407188415527e-02,9.054036438465118408e-02,9.058278053998947144e-02,9.099419414997100830e-02,9.091754257678985596e-02,9.138195216655731201e-02,9.204581379890441895e-02,9.107204526662826538e-02,9.139326959848403931e-02,9.183963388204574585e-02,9.270509332418441772e-02,9.191078692674636841e-02,9.255674481391906738e-02
1.048098509695376962e-02,1.003005309030413628e-05,8.862190693616867065e-02,8.737528324127197266e-02,8.800391852855682373e-02,8.836428076028823853e-02,8.864209800958633423e-02,8.910855650901794434e-02,8.713995665311813354e-02,8.846588432788848877e-02,8.856549859046936035e-02,8.816197514533996582e-02,8.890756219625473022e-02,8.897965401411056519e-02,8.926007896661758423e-02,8.903112262487411499e-02,8.933439850807189941e-02
1.064516124282369018e-02,9.872916962194722146e-06,8.747185766696929932e-02,8.678566664457321167e-02,8.660870790481567383e-02,8.642193675041198730e-02,8.729898929595947266e-02,8.791341632604598999e-02,8.627337217330932617e-02,8.711249381303787231e-02,8.664210140705108643e-02,8.820261061191558838e-02,8.649046719074249268e-02,8.698734641075134277e-02,8.794224262237548828e-02,8.849245309829711914e-02,8.708080649375915527e-02
1.080933738869360901e-02,9.723106813908088952e-06,8.621909469366073608e-02,8.531395345926284790e-02,8.532904088497161865e-02,8.616685867309570312e-02,8.464807271957397461e-02,8.546234667301177979e-02,8.526564389467239380e-02,8.664860576391220093e-02,8.563612401485443115e-02,8.624216914176940918e-02,8.582150936126708984e-02,8.680130541324615479e-02,8.635926991701126099e-02,8.648774027824401855e-02,8.668262511491775513e-02
1.097351353456352784e-02,9.607013453205581754e-06,8.476198464632034302e-02,8.262546360492706299e-02,8.425793051719665527e-02,8.357216417789459229e-02,8.372075110673904419e-02,8.522313833236694336e-02,8.478219807147979736e-02,8.542989194393157959e-02,8.496134728193283081e-02,8.506999164819717407e-02,8.528714627027511597e-02,8.513849228620529175e-02,8.534552901983261108e-02,8.658108115196228027e-02,8.592060208320617676e-02
1.113768968043344666e-02,9.388534635945688933e-06,8.226577192544937134e-02,8.190254122018814087e-02,8.250761777162551880e-02,8.202539384365081787e-02,8.238419145345687866e-02,8.362485468387603760e-02,8.284320682287216187e-02,8.317504823207855225e-02,8.369653671979904175e-02,8.337767422199249268e-02,8.237726241350173950e-02,8.312512934207916260e-02,8.319386839866638184e-02,8.353774249553680420e-02,8.316946029663085938e-02
1.130186582630336549e-02,9.234418939740862697e-06,8.066391944885253906e-02,8.079731464385986328e-02,8.096485584974288940e-02,8.162184059619903564e-02,8.106110244989395142e-02,8.163183927536010742e-02,8.142919093370437622e-02,8.195310086011886597e-02,8.233950287103652954e-02,8.176819235086441040e-02,8.265078812837600708e-02,8.113773167133331299e-02,8.241567015647888184e-02,8.267885446548461914e-02,8.075281232595443726e-02
1.146604197217328605e-02,9.123112249653786421e-06,7.998579740524291992e-02,7.973069697618484497e-02,8.014491200447082520e-02,7.973273843526840210e-02,8.042436093091964722e-02,8.072397112846374512e-02,8.087148517370223999e-02,8.063502609729766846e-02,8.017789572477340698e-02,8.032474666833877563e-02,8.064377307891845703e-02,8.142387866973876953e-02,8.109451830387115479e-02,8.122972398996353149e-02,8.124583214521408081e-02
1.163021811804320661e-02,9.064314326678868383e-06,7.909679412841796875e-02,7.897303998470306396e-02,7.946227490901947021e-02,7.952421158552169800e-02,7.981339097023010254e-02,7.994444668292999268e-02,7.979507744312286377e-02,7.916419953107833862e-02,8.044153451919555664e-02,8.049410581588745117e-02,8.099187910556793213e-02,8.083845674991607666e-02,8.069396018981933594e-02,8.025036007165908813e-02,8.149518072605133057e-02
1.179439426391312544e-02,8.869113116816151887e-06,7.693924754858016968e-02,7.663525640964508057e-02,7.786840200424194336e-02,7.816568762063980103e-02,7.785496115684509277e-02,7.796818763017654419e-02,7.794839888811111450e-02,7.867790758609771729e-02,7.825335860252380371e-02,7.892387360334396362e-02,7.821987569332122803e-02,7.773923873901367188e-02,7.877685874700546265e-02,7.947785407304763794e-02,7.943341135978698730e-02
1.195857040978304427e-02,8.810550752968993038e-06,7.684241980314254761e-02,7.699832320213317871e-02,7.729009538888931274e-02,7.640320062637329102e-02,7.799700647592544556e-02,7.792999595403671265e-02,7.841603457927703857e-02,7.769411057233810425e-02,7.825069129467010498e-02,7.793676108121871948e-02,7.777795940637588501e-02,7.870080322027206421e-02,7.783254235982894897e-02,7.802952080965042114e-02,7.941345125436782837e-02
1.212274655565296309e-02,8.672847798152361065e-06,7.526778429746627808e-02,7.594282925128936768e-02,7.621008157730102539e-02,7.568242400884628296e-02,7.638280838727951050e-02,7.522135972976684570e-02,7.663786411285400391e-02,7.657537609338760376e-02,7.720892131328582764e-02,7.615189254283905029e-02,7.722003012895584106e-02,7.695486396551132202e-02,7.799854129552841187e-02,7.743135839700698853e-02,7.773484289646148682e-02
1.228692270152288366e-02,8.635885933472309262e-06,7.616145163774490356e-02,7.517553120851516724e-02,7.540388405323028564e-02,7.645418494939804077e-02,7.531879842281341553e-02,7.636376470327377319e-02,7.650025188922882080e-02,7.702551782131195068e-02,7.616682350635528564e-02,7.654023170471191406e-02,7.557394355535507202e-02,7.716456800699234009e-02,7.656643539667129517e-02,7.728940993547439575e-02,7.682288438081741333e-02
1.245109884739280422e-02,8.482559678668621927e-06,7.417094707489013672e-02,7.392887026071548462e-02,7.415403425693511963e-02,7.467651367187500000e-02,7.361929118633270264e-02,7.452471554279327393e-02,7.487321645021438599e-02,7.564985752105712891e-02,7.638316601514816284e-02,7.486535608768463135e-02,7.548151165246963501e-02,7.551913708448410034e-02,7.457419484853744507e-02,7.605250924825668335e-02,7.524997740983963013e-02
1.261527499326272304e-02,8.460599929094314575e-06,7.396557182073593140e-02,7.495077699422836304e-02,7.365401834249496460e-02,7.403458654880523682e-02,7.514630258083343506e-02,7.474911212921142578e-02,7.533225417137145996e-02,7.454974204301834106e-02,7.511611282825469971e-02,7.474087923765182495e-02,7.510917633771896362e-02,7.535152137279510498e-02,7.527113705873489380e-02,7.477422058582305908e-02,7.435259222984313965e-02
1.277945113913264187e-02,8.456840987491887063e-06,7.296150922775268555e-02,7.393614947795867920e-02,7.445135712623596191e-02,7.365904003381729126e-02,7.455701380968093872e-02,7.488010078668594360e-02,7.485768944025039673e-02,7.552667707204818726e-02,7.446812838315963745e-02,7.470173388719558716e-02,7.493058592081069946e-02,7.528875023126602173e-02,7.546032965183258057e-02,7.478522509336471558e-02,7.648929208517074585e-02
1.294362728500256070e-02,8.255411557911429554e-06,7.227081060409545898e-02,7.244186848402023315e-02,7.225910574197769165e-02,7.217495143413543701e-02,7.265038043260574341e-02,7.132068276405334473e-02,7.270948588848114014e-02,7.264861464500427246e-02,7.264032959938049316e-02,7.263041287660598755e-02,7.373244315385818481e-02,7.403557747602462769e-02,7.466027140617370605e-02,7.335703819990158081e-02,7.392384111881256104e-02
1.310780343087248126e-02,8.207771315937861800e-06,7.142522186040878296e-02,7.188364863395690918e-02,7.102914899587631226e-02,7.203670591115951538e-02,7.191471755504608154e-02,7.232123613357543945e-02,7.192503660917282104e-02,7.237440347671508789e-02,7.231888920068740845e-02,7.359638065099716187e-02,7.383521646261215210e-02,7.304117083549499512e-02,7.309997081756591797e-02,7.358249276876449585e-02,7.314575463533401489e-02
1.327197957674240182e-02,8.185789738490711898e-06,7.149711996316909790e-02,7.100713253021240234e-02,7.208137214183807373e-02,7.156891375780105591e-02,7.226081937551498413e-02,7.273929566144943237e-02,7.138587534427642822e-02,7.204952090978622437e-02,7.274163514375686646e-02,7.258865982294082642e-02,7.319218665361404419e-02,7.319153100252151489e-02,7.259631901979446411e-02,7.347117364406585693e-02,7.228690385818481445e-02
1.343615572261232065e-02,8.121581231534946710e-06,7.024084776639938354e-02,7.112741470336914062e-02,7.127139717340469360e-02,7.036471366882324219e-02,7.101286947727203369e-02,7.177107036113739014e-02,7.243047654628753662e-02,7.108663022518157959e-02,7.144816964864730835e-02,7.087218016386032104e-02,7.288844883441925049e-02,7.226135581731796265e-02,7.237758487462997437e-02,7.308707386255264282e-02,7.304724305868148804e-02
1.360033186848223948e-02,8.061836524575483054e-06,7.056443393230438232e-02,7.043904811143875122e-02,7.075121998786926270e-02,7.052154093980789185e-02,7.069209963083267212e-02,7.047482579946517944e-02,7.168782502412796021e-02,7.041043788194656372e-02,7.092428207397460938e-02,7.170067727565765381e-02,7.111269980669021606e-02,7.194811105728149414e-02,7.221787422895431519e-02,7.276228815317153931e-02,7.142855972051620483e-02
1.376450801435215830e-02,7.989675395947415382e-06,6.977672874927520752e-02,6.970992684364318848e-02,7.043693959712982178e-02,7.118039578199386597e-02,7.040280848741531372e-02,6.993901729583740234e-02,6.969404965639114380e-02,7.074376940727233887e-02,6.983722746372222900e-02,7.103075087070465088e-02,7.061647623777389526e-02,7.102163881063461304e-02,7.163238525390625000e-02,7.122669368982315063e-02,7.078167796134948730e-02
1.392868416022207886e-02,7.958698915899731219e-06,6.919805705547332764e-02,7.041954249143600464e-02,6.930052489042282104e-02,6.953298300504684448e-02,7.070934772491455078e-02,7.036799937486648560e-02,7.060103118419647217e-02,6.911264359951019287e-02,7.005042582750320435e-02,7.068375498056411743e-02,7.091357558965682983e-02,7.156945019960403442e-02,7.083358615636825562e-02,6.995700299739837646e-02,7.102798670530319214e-02
1.409286030609199943e-02,7.852854650991503149e-06,6.832826137542724609e-02,6.883983314037322998e-02,6.819476932287216187e-02,6.893618404865264893e-02,6.914454698562622070e-02,7.015229016542434692e-02,6.939823180437088013e-02,6.985843926668167114e-02,6.865335255861282349e-02,7.009053975343704224e-02,6.978700309991836548e-02,6.956636905670166016e-02,6.933323293924331665e-02,6.951829046010971069e-02,6.959922611713409424e-02
1.425703645196191825e-02,7.740334694972261786e-06,6.734420359134674072e-02,6.722459197044372559e-02,6.826706975698471069e-02,6.812425702810287476e-02,6.787061691284179688e-02,6.854811310768127441e-02,6.815172731876373291e-02,6.883905082941055298e-02,6.733988225460052490e-02,6.838477402925491333e-02,6.964124739170074463e-02,6.846737116575241089e-02,6.852325797080993652e-02,6.991800665855407715e-02,6.926021724939346313e-02
1.442121259783183708e-02,7.769453986838925630e-06,6.760323047637939453e-02,6.759953498840332031e-02,6.796341389417648315e-02,6.888002902269363403e-02,6.779186427593231201e-02,6.829012185335159302e-02,6.841230392456054688e-02,6.834271550178527832e-02,6.958520412445068359e-02,6.906176358461380005e-02,6.880021840333938599e-02,6.936215609312057495e-02,6.933346390724182129e-02,6.909734010696411133e-02,6.944897025823593140e-02
1.458538874370175591e-02,7.725678187853191048e-06,6.733376532793045044e-02,6.792877614498138428e-02,6.708072125911712646e-02,6.827097386121749878e-02,6.828780472278594971e-02,6.753424555063247681e-02,6.782943010330200195e-02,6.763365864753723145e-02,6.979203224182128906e-02,6.828307360410690308e-02,6.815039366483688354e-02,6.974323838949203491e-02,6.909013539552688599e-02,6.795926392078399658e-02,6.870852410793304443e-02
1.474956488957167647e-02,7.650770385225769132e-06,6.672798097133636475e-02,6.722559779882431030e-02,6.613644957542419434e-02,6.768700480461120605e-02,6.718371808528900146e-02,6.748846173286437988e-02,6.733432412147521973e-02,6.764925271272659302e-02,6.764556467533111572e-02,6.840013712644577026e-02,6.758888810873031616e-02,6.831429898738861084e-02,6.826577335596084595e-02,6.873382627964019775e-02,6.785515695810317993e-02
1.491374103544159703e-02,7.597107924084411934e-06,6.696965545415878296e-02,6.583309918642044067e-02,6.639660149812698364e-02,6.639376282691955566e-02,6.683912873268127441e-02,6.717775017023086548e-02,6.714281439781188965e-02,6.607820838689804077e-02,6.763742864131927490e-02,6.757292151451110840e-02,6.703188270330429077e-02,6.726075708866119385e-02,6.702695786952972412e-02,6.822481006383895874e-02,6.919354200363159180e-02
1.507791718131151586e-02,7.543210813309997320e-06,6.573277711868286133e-02,6.544850021600723267e-02,6.616845726966857910e-02,6.615602970123291016e-02,6.595405936241149902e-02,6.573322415351867676e-02,6.685810536146163940e-02,6.634811311960220337e-02,6.729328632354736328e-02,6.767688691616058350e-02,6.754086911678314209e-02,6.722348183393478394e-02,6.733763962984085083e-02,6.736250966787338257e-02,6.712359189987182617e-02
1.524209332718143468e-02,7.555432148365071043e-06,6.622699648141860962e-02,6.533440947532653809e-02,6.609472632408142090e-02,6.673862785100936890e-02,6.700458377599716187e-02,6.701960414648056030e-02,6.684842705726623535e-02,6.627992540597915649e-02,6.636926531791687012e-02,6.697606295347213745e-02,6.677792966365814209e-02,6.664340198040008545e-02,6.711183488368988037e-02,6.762115657329559326e-02,6.729091703891754150e-02
1.540626947305135351e-02,7.508301223424496129e-06,6.572815775871276855e-02,6.466014683246612549e-02,6.595560163259506226e-02,6.640402972698211670e-02,6.556235998868942261e-02,6.596846133470535278e-02,6.566663831472396851e-02,6.627669930458068848e-02,6.695478409528732300e-02,6.683765351772308350e-02,6.690484285354614258e-02,6.624800711870193481e-02,6.622584909200668335e-02,6.761690229177474976e-02,6.738697737455368042e-02
1.557044561892127407e-02,7.469544470950495452e-06,6.517879664897918701e-02,6.518891453742980957e-02,6.545032560825347900e-02,6.535057723522186279e-02,6.556278467178344727e-02,6.634517759084701538e-02,6.524188071489334106e-02,6.662719696760177612e-02,6.622749567031860352e-02,6.579457968473434448e-02,6.636948883533477783e-02,6.638515740633010864e-02,6.667694449424743652e-02,6.642077118158340454e-02,6.734175235033035278e-02
1.573462176479119290e-02,7.441985871992073953e-06,6.437338888645172119e-02,6.459969282150268555e-02,6.521051377058029175e-02,6.514316052198410034e-02,6.580295413732528687e-02,6.592719256877899170e-02,6.539414077997207642e-02,6.636521965265274048e-02,6.608562916517257690e-02,6.667279452085494995e-02,6.572623550891876221e-02,6.585223972797393799e-02,6.594753265380859375e-02,6.593327969312667847e-02,6.692637503147125244e-02
1.589879791066111520e-02,7.434301551256794482e-06,6.421294063329696655e-02,6.567276269197463989e-02,6.509817391633987427e-02,6.503206491470336914e-02,6.514286994934082031e-02,6.578607112169265747e-02,6.475181877613067627e-02,6.579954922199249268e-02,6.553342193365097046e-02,6.584691256284713745e-02,6.625618040561676025e-02,6.604780256748199463e-02,6.649119406938552856e-02,6.610772013664245605e-02,6.634838134050369263e-02
1.606297405653103055e-02,7.370979346887907013e-06,6.447348743677139282e-02,6.336846947669982910e-02,6.445764005184173584e-02,6.456590443849563599e-02,6.429323554039001465e-02,6.471110135316848755e-02,6.511616706848144531e-02,6.553301215171813965e-02,6.562142074108123779e-02,6.486553698778152466e-02,6.584145873785018921e-02,6.644126772880554199e-02,6.560867279767990112e-02,6.549419462680816650e-02,6.589645147323608398e-02
1.622715020240095285e-02,7.337583610933506861e-06,6.409443169832229614e-02,6.464703381061553955e-02,6.390921771526336670e-02,6.428033858537673950e-02,6.454515457153320312e-02,6.436811387538909912e-02,6.419039517641067505e-02,6.482642889022827148e-02,6.460549682378768921e-02,6.552786380052566528e-02,6.528708338737487793e-02,6.505481898784637451e-02,6.583479791879653931e-02,6.575434654951095581e-02,6.517638266086578369e-02
1.639132634827087168e-02,7.278670182131463662e-06,6.376418471336364746e-02,6.397687643766403198e-02,6.420321762561798096e-02,6.347524374723434448e-02,6.344558298587799072e-02,6.410519778728485107e-02,6.362185627222061157e-02,6.396321207284927368e-02,6.461022794246673584e-02,6.451329588890075684e-02,6.504904478788375854e-02,6.477496027946472168e-02,6.482864171266555786e-02,6.548187136650085449e-02,6.465225666761398315e-02
1.655550249414079050e-02,7.271804861375130713e-06,6.351995468139648438e-02,6.296254694461822510e-02,6.424568593502044678e-02,6.299987435340881348e-02,6.413450837135314941e-02,6.369885802268981934e-02,6.476982682943344116e-02,6.424497812986373901e-02,6.426423043012619019e-02,6.462541967630386353e-02,6.455010175704956055e-02,6.449790298938751221e-02,6.470660865306854248e-02,6.478399783372879028e-02,6.515918672084808350e-02
1.671967864001071280e-02,7.257689503603614867e-06,6.257582455873489380e-02,6.350211054086685181e-02,6.322978436946868896e-02,6.349126249551773071e-02,6.360929459333419800e-02,6.354486942291259766e-02,6.449654698371887207e-02,6.392177194356918335e-02,6.470289826393127441e-02,6.412287801504135132e-02,6.407868117094039917e-02,6.388336420059204102e-02,6.527876108884811401e-02,6.486895680427551270e-02,6.576572358608245850e-02
1.688385478588062816e-02,7.221097348519833758e-06,6.390859931707382202e-02,6.280896812677383423e-02,6.283142417669296265e-02,6.302020698785781860e-02,6.442443281412124634e-02,6.373538076877593994e-02,6.364237517118453979e-02,6.353676319122314453e-02,6.358759105205535889e-02,6.364414840936660767e-02,6.407885253429412842e-02,6.368833780288696289e-02,6.438712775707244873e-02,6.437029689550399780e-02,6.438442319631576538e-02
1.704803093175055045e-02,7.207049748103599995e-06,6.252598017454147339e-02,6.230877339839935303e-02,6.325626373291015625e-02,6.421138346195220947e-02,6.377049535512924194e-02,6.298146396875381470e-02,6.308095157146453857e-02,6.374006718397140503e-02,6.388913094997406006e-02,6.414335221052169800e-02,6.379810720682144165e-02,6.395307183265686035e-02,6.444682180881500244e-02,6.417092680931091309e-02,6.432512402534484863e-02
1.721220707762046928e-02,7.172816367528866976e-06,6.280016154050827026e-02,6.269955635070800781e-02,6.272406131029129028e-02,6.257977336645126343e-02,6.299901753664016724e-02,6.291425973176956177e-02,6.386362016201019287e-02,6.341232359409332275e-02,6.370165944099426270e-02,6.282393634319305420e-02,6.387095153331756592e-02,6.330017745494842529e-02,6.499979645013809204e-02,6.368518620729446411e-02,6.382241100072860718e-02
1.737638322349038811e-02,7.163923328334931284e-06,6.263801455497741699e-02,6.187382712960243225e-02,6.236299127340316772e-02,6.279251724481582642e-02,6.350407004356384277e-02,6.365458667278289795e-02,6.406621634960174561e-02,6.306838244199752808e-02,6.323339790105819702e-02,6.295166164636611938e-02,6.324759870767593384e-02,6.377036869525909424e-02,6.428921967744827271e-02,6.348668038845062256e-02,6.425393372774124146e-02
1.754055936936031040e-02,7.139567969716154039e-06,6.218247488141059875e-02,6.235190853476524353e-02,6.260318309068679810e-02,6.319447606801986694e-02,6.384184956550598145e-02,6.312900036573410034e-02,6.332869827747344971e-02,6.204399839043617249e-02,6.228744983673095703e-02,6.254512071609497070e-02,6.310172379016876221e-02,6.309794634580612183e-02,6.326815485954284668e-02,6.415235251188278198e-02,6.469447910785675049e-02
1.770473551523022576e-02,7.088277470757020637e-06,6.098930910229682922e-02,6.165648624300956726e-02,6.178686395287513733e-02,6.214844435453414917e-02,6.253804266452789307e-02,6.281515210866928101e-02,6.262738257646560669e-02,6.253829598426818848e-02,6.255596876144409180e-02,6.303698569536209106e-02,6.303188949823379517e-02,6.301839649677276611e-02,6.344485282897949219e-02,6.300400197505950928e-02,6.348214298486709595e-02
1.786891166110014806e-02,7.073523647704860196e-06,6.150066480040550232e-02,6.205040588974952698e-02,6.222683936357498169e-02,6.210307031869888306e-02,6.224703043699264526e-02,6.176259741187095642e-02,6.234277039766311646e-02,6.238250061869621277e-02,6.297644227743148804e-02,6.272767484188079834e-02,6.193824112415313721e-02,6.295034289360046387e-02,6.355518102645874023e-02,6.339376419782638550e-02,6.305764615535736084e-02
1.803308780697006689e-02,7.057031325530260801e-06,6.098515540361404419e-02,6.129978224635124207e-02,6.162659451365470886e-02,6.223242357373237610e-02,6.167102977633476257e-02,6.241908669471740723e-02,6.257267296314239502e-02,6.220006197690963745e-02,6.240528821945190430e-02,6.239740550518035889e-02,6.248517334461212158e-02,6.269965320825576782e-02,6.385502219200134277e-02,6.331755965948104858e-02,6.284082680940628052e-02
1.819726395283998571e-02,7.042866855044849217e-06,6.090150773525238037e-02,6.170878186821937561e-02,6.216504424810409546e-02,6.244809925556182861e-02,6.228289008140563965e-02,6.187058240175247192e-02,6.215485185384750366e-02,6.262563914060592651e-02,6.297194957733154297e-02,6.213377416133880615e-02,6.253790110349655151e-02,6.248549371957778931e-02,6.235170364379882812e-02,6.234681978821754456e-02,6.317811459302902222e-02
1.836144009870990801e-02,7.028264462860533968e-06,6.056861206889152527e-02,6.166651472449302673e-02,6.132409349083900452e-02,6.180372461676597595e-02,6.199175491929054260e-02,6.173399835824966431e-02,6.229554116725921631e-02,6.183146685361862183e-02,6.163458526134490967e-02,6.231107935309410095e-02,6.193313002586364746e-02,6.334494054317474365e-02,6.281720846891403198e-02,6.281722337007522583e-02,6.314863264560699463e-02
1.852561624457982337e-02,6.993548140599159524e-06,6.054453551769256592e-02,6.093305349349975586e-02,6.172514706850051880e-02,6.089691445231437683e-02,6.184725463390350342e-02,6.175304204225540161e-02,6.192389503121376038e-02,6.126342713832855225e-02,6.226452812552452087e-02,6.199726834893226624e-02,6.254195421934127808e-02,6.171376630663871765e-02,6.261435896158218384e-02,6.280623376369476318e-02,6.205572187900543213e-02
1.868979239044974566e-02,6.985539130255347118e-06,6.042435765266418457e-02,6.087791919708251953e-02,6.104144081473350525e-02,6.118345260620117188e-02,6.117396056652069092e-02,6.173346936702728271e-02,6.180396303534507751e-02,6.191970035433769226e-02,6.159582734107971191e-02,6.151483580470085144e-02,6.249812990427017212e-02,6.286222487688064575e-02,6.221859157085418701e-02,6.235430762171745300e-02,6.225857138633728027e-02
1.885396853631966796e-02,6.965332886466057971e-06,6.068063527345657349e-02,6.020110100507736206e-02,6.159250065684318542e-02,6.055100262165069580e-02,6.109071522951126099e-02,6.143278256058692932e-02,6.098679825663566589e-02,6.106364354491233826e-02,6.132170557975769043e-02,6.198979541659355164e-02,6.187235936522483826e-02,6.243428215384483337e-02,6.227525696158409119e-02,6.209905445575714111e-02,6.306486576795578003e-02
1.901814468218958332e-02,6.942749678273685277e-06,5.991302803158760071e-02,6.160021200776100159e-02,6.148843839764595032e-02,6.100222468376159668e-02,6.100745499134063721e-02,6.177570670843124390e-02,6.052537634968757629e-02,6.122091785073280334e-02,6.049716845154762268e-02,6.208068504929542542e-02,6.151469796895980835e-02,6.179093569517135620e-02,6.240829452872276306e-02,6.134184077382087708e-02,6.195277720689773560e-02
1.918232082805950561e-02,6.918569852132350206e-06,6.032881885766983032e-02,6.082712113857269287e-02,6.069349125027656555e-02,6.044092774391174316e-02,6.082634627819061279e-02,6.052426248788833618e-02,6.096516549587249756e-02,6.102424487471580505e-02,6.097632646560668945e-02,6.070301681756973267e-02,6.182115525007247925e-02,6.162721663713455200e-02,6.163073703646659851e-02,6.180446967482566833e-02,6.224299967288970947e-02
1.934649697392942097e-02,6.907996976224239916e-06,6.054152548313140869e-02,6.011652573943138123e-02,6.012986972928047180e-02,6.047433242201805115e-02,6.072195246815681458e-02,6.056918203830718994e-02,6.075203791260719299e-02,6.074232235550880432e-02,6.127804517745971680e-02,6.139987707138061523e-02,6.139990687370300293e-02,6.161032244563102722e-02,6.116341054439544678e-02,6.218974664807319641e-02,6.158329546451568604e-02
1.951067311979934327e-02,6.940751973161241040e-06,6.018181145191192627e-02,6.127569824457168579e-02,6.018402427434921265e-02,6.056138873100280762e-02,6.088491901755332947e-02,6.125715002417564392e-02,6.057898700237274170e-02,6.150429695844650269e-02,6.159517541527748108e-02,6.135388463735580444e-02,6.163331121206283569e-02,6.191055104136466980e-02,6.143524497747421265e-02,6.188327446579933167e-02,6.282171607017517090e-02
1.967484926566926556e-02,6.911536274856189266e-06,6.018610671162605286e-02,6.013749167323112488e-02,6.081520020961761475e-02,6.031946092844009399e-02,6.092375889420509338e-02,6.079719588160514832e-02,6.088096648454666138e-02,6.113999336957931519e-02,6.171416863799095154e-02,6.171793490648269653e-02,6.056158989667892456e-02,6.113618612289428711e-02,6.196637451648712158e-02,6.209518015384674072e-02,6.149524450302124023e-02
1.983902541153918092e-02,6.879723059682874009e-06,5.962121859192848206e-02,6.069568544626235962e-02,6.044381484389305115e-02,6.010525301098823547e-02,6.014412641525268555e-02,6.058387830853462219e-02,6.077093631029129028e-02,6.030143424868583679e-02,6.111238896846771240e-02,6.046051159501075745e-02,6.114308163523674011e-02,6.174537539482116699e-02,6.127386167645454407e-02,6.130534037947654724e-02,6.159219518303871155e-02
2.000320155740910322e-02,6.874205610074568540e-06,6.009190157055854797e-02,6.042635068297386169e-02,5.993042141199111938e-02,6.025598570704460144e-02,6.049723178148269653e-02,6.019420549273490906e-02,6.045787408947944641e-02,6.011686474084854126e-02,6.122078001499176025e-02,6.081290543079376221e-02,6.124210730195045471e-02,6.112771108746528625e-02,6.132294982671737671e-02,6.166074424982070923e-02,6.150978431105613708e-02
2.016737770327901857e-02,6.860919256723718718e-06,5.970680713653564453e-02,5.991627648472785950e-02,6.012599542737007141e-02,6.056286394596099854e-02,6.044537946581840515e-02,6.053887307643890381e-02,6.006993353366851807e-02,6.090889126062393188e-02,6.042216718196868896e-02,6.072320416569709778e-02,6.067630648612976074e-02,6.132308393716812134e-02,6.112514436244964600e-02,6.100314110517501831e-02,6.128142029047012329e-02
2.033155384914894087e-02,6.838816261733882129e-06,5.989230051636695862e-02,5.975906923413276672e-02,6.043890863656997681e-02,6.010659784078598022e-02,6.036231666803359985e-02,6.004534661769866943e-02,6.039780750870704651e-02,5.960263311862945557e-02,5.989934876561164856e-02,6.106941774487495422e-02,6.089860573410987854e-02,6.059400737285614014e-02,6.117537245154380798e-02,6.145874783396720886e-02,6.043210253119468689e-02
2.049572999501885970e-02,6.821571332693565637e-06,5.908895283937454224e-02,5.965023115277290344e-02,5.995478108525276184e-02,5.994452536106109619e-02,5.916631221771240234e-02,5.960337817668914795e-02,6.060731783509254456e-02,6.024501845240592957e-02,6.056187674403190613e-02,6.035002693533897400e-02,6.029956787824630737e-02,6.104020774364471436e-02,6.095387414097785950e-02,6.085107102990150452e-02,6.122865155339241028e-02
2.065990614088877853e-02,6.821657734690234065e-06,5.905525013804435730e-02,5.939968302845954895e-02,6.016074866056442261e-02,5.988608673214912415e-02,6.049859523773193359e-02,5.975450947880744934e-02,6.000451743602752686e-02,5.983772873878479004e-02,6.020829454064369202e-02,6.024807319045066833e-02,6.064064800739288330e-02,6.081198155879974365e-02,6.053394079208374023e-02,6.135275214910507202e-02,6.120885536074638367e-02
2.082408228675870082e-02,6.819334885221906006e-06,5.965954810380935669e-02,5.977081879973411560e-02,5.980420485138893127e-02,5.965305492281913757e-02,5.973037332296371460e-02,6.042365729808807373e-02,5.949537456035614014e-02,5.975370481610298157e-02,6.001309677958488464e-02,6.051113083958625793e-02,6.085829809308052063e-02,6.075619906187057495e-02,6.104351207613945007e-02,6.056581437587738037e-02,6.120779737830162048e-02
2.098825843262861618e-02,6.785162895539542660e-06,5.854503065347671509e-02,5.995937436819076538e-02,5.951793119311332703e-02,5.951855331659317017e-02,5.958775430917739868e-02,5.953749269247055054e-02,5.971039086580276489e-02,5.960357189178466797e-02,5.947378650307655334e-02,5.984999611973762512e-02,6.105211377143859863e-02,6.064246222376823425e-02,6.042022630572319031e-02,6.073172762989997864e-02,6.069532409310340881e-02
2.115243457849853848e-02,6.792616659367922693e-06,5.876570194959640503e-02,5.902761220932006836e-02,5.946310609579086304e-02,5.898967757821083069e-02,5.993061512708663940e-02,6.019914522767066956e-02,5.971001461148262024e-02,6.024814397096633911e-02,6.025320664048194885e-02,6.000750139355659485e-02,6.072058901190757751e-02,6.061728298664093018e-02,6.081913784146308899e-02,6.109291315078735352e-02,6.091461703181266785e-02
2.131661072436845730e-02,6.776494501536944881e-06,5.936233326792716980e-02,5.864040926098823547e-02,5.927251279354095459e-02,5.898443982005119324e-02,5.916950479149818420e-02,5.998553708195686340e-02,6.028131768107414246e-02,6.027985736727714539e-02,5.968882143497467041e-02,6.016069650650024414e-02,6.045246124267578125e-02,6.008087471127510071e-02,6.068798899650573730e-02,6.055752933025360107e-02,6.015934422612190247e-02
2.148078687023837613e-02,6.767982540623052046e-06,5.906543135643005371e-02,5.908027663826942444e-02,5.882352218031883240e-02,5.934649705886840820e-02,5.928585678339004517e-02,5.961075052618980408e-02,5.932860076427459717e-02,6.003982946276664734e-02,5.988467112183570862e-02,6.021930277347564697e-02,6.070775166153907776e-02,6.004925444722175598e-02,6.075295433402061462e-02,6.070892512798309326e-02,6.001608073711395264e-02
2.164496301610829843e-02,6.732184374413918704e-06,5.865424871444702148e-02,5.820914730429649353e-02,5.902952700853347778e-02,5.908226221799850464e-02,5.909025669097900391e-02,5.967160686850547791e-02,5.962610989809036255e-02,5.911185219883918762e-02,6.014448404312133789e-02,5.959455296397209167e-02,6.012656539678573608e-02,5.990963056683540344e-02,5.992552265524864197e-02,6.026857718825340271e-02,5.994272232055664062e-02
2.180913916197821378e-02,6.749638941982993856e-06,5.949348956346511841e-02,5.894325673580169678e-02,5.894845351576805115e-02,5.887917056679725647e-02,5.900884047150611877e-02,5.986233800649642944e-02,5.940271541476249695e-02,5.960150435566902161e-02,5.989212542772293091e-02,5.961074680089950562e-02,6.052589789032936096e-02,6.034750118851661682e-02,5.997797846794128418e-02,5.983179062604904175e-02,6.041907146573066711e-02
2.197331530784813608e-02,6.739820946677355096e-06,5.853402987122535706e-02,5.875109881162643433e-02,5.902075767517089844e-02,5.943740904331207275e-02,5.972990021109580994e-02,5.947864800691604614e-02,5.915256962180137634e-02,5.942178145051002502e-02,5.965590849518775940e-02,5.973913893103599548e-02,5.982347205281257629e-02,6.015743315219879150e-02,6.013051047921180725e-02,6.007390841841697693e-02,5.970456451177597046e-02
2.213749145371805491e-02,6.736600880685728043e-06,5.839531496167182922e-02,5.863898247480392456e-02,5.963786691427230835e-02,5.898630991578102112e-02,5.944113060832023621e-02,5.946667492389678955e-02,5.958264321088790894e-02,5.947613716125488281e-02,5.936235934495925903e-02,6.000382825732231140e-02,5.945075303316116333e-02,5.936509370803833008e-02,6.011655926704406738e-02,6.037836894392967224e-02,6.074580177664756775e-02
2.230166759958797373e-02,6.678791123704286292e-06,5.856790766119956970e-02,5.774125829339027405e-02,5.864971131086349487e-02,5.880788713693618774e-02,5.880396440625190735e-02,5.888334661722183228e-02,5.873213708400726318e-02,5.901506915688514709e-02,5.944482609629631042e-02,5.917877331376075745e-02,5.911699309945106506e-02,5.869261547923088074e-02,5.980457365512847900e-02,5.966641008853912354e-02,5.981737002730369568e-02
2.246584374545789603e-02,6.677709279756527394e-06,5.827815458178520203e-02,5.825377255678176880e-02,5.871793627738952637e-02,5.863271281123161316e-02,5.873984470963478088e-02,5.905105546116828918e-02,5.855035409331321716e-02,5.838565900921821594e-02,5.888490378856658936e-02,5.938243493437767029e-02,5.883627012372016907e-02,5.963646993041038513e-02,5.935927852988243103e-02,5.968939140439033508e-02,5.996624007821083069e-02
2.263001989132781139e-02,6.686189863103209063e-06,5.842328816652297974e-02,5.825089290738105774e-02,5.852716416120529175e-02,5.862393230199813843e-02,5.872942134737968445e-02,5.878846719861030579e-02,5.909461900591850281e-02,5.876744166016578674e-02,5.907492712140083313e-02,5.931048095226287842e-02,5.962426960468292236e-02,5.973557755351066589e-02,5.980801582336425781e-02,5.922085791826248169e-02,6.005191430449485779e-02
2.279419603719773368e-02,6.672260951745556667e-06,5.807781964540481567e-02,5.820900201797485352e-02,5.869004875421524048e-02,5.853779241442680359e-02,5.883974209427833557e-02,5.827678740024566650e-02,5.864136293530464172e-02,5.932876095175743103e-02,5.861960723996162415e-02,5.910447239875793457e-02,5.896506085991859436e-02,5.999516323208808899e-02,5.941732972860336304e-02,5.952978134155273438e-02,6.008138135075569153e-02
2.295837218306765251e-02,6.663016392849385738e-06,5.834379419684410095e-02,5.769076570868492126e-02,5.861626565456390381e-02,5.869585648179054260e-02,5.856578424572944641e-02,5.847252160310745239e-02,5.849601700901985168e-02,5.911760777235031128e-02,5.909549444913864136e-02,5.909542366862297058e-02,5.931670963764190674e-02,5.888120457530021667e-02,5.947506427764892578e-02,5.965557694435119629e-02,5.966274812817573547e-02
2.312254832893757134e-02,6.662814030278241262e-06,5.855765193700790405e-02,5.833459645509719849e-02,5.825477838516235352e-02,5.943518877029418945e-02,5.917845293879508972e-02,5.866968259215354919e-02,5.871623754501342773e-02,5.906924977898597717e-02,5.855609476566314697e-02,5.851275846362113953e-02,5.850566923618316650e-02,5.932424589991569519e-02,5.883677676320075989e-02,5.970635265111923218e-02,5.939238891005516052e-02
2.328672447480749363e-02,6.641041181865148246e-06,5.846241116523742676e-02,5.786025896668434143e-02,5.856493115425109863e-02,5.811205133795738220e-02,5.849553272128105164e-02,5.836822092533111572e-02,5.900612846016883850e-02,5.831670761108398438e-02,5.858301371335983276e-02,5.819233879446983337e-02,5.865802243351936340e-02,5.900277942419052124e-02,5.949041247367858887e-02,5.987608060240745544e-02,5.894749984145164490e-02
2.345090062067740899e-02,6.620813564950367436e-06,5.791882053017616272e-02,5.728840455412864685e-02,5.754781141877174377e-02,5.836282670497894287e-02,5.851104855537414551e-02,5.818289145827293396e-02,5.860636383295059204e-02,5.875175818800926208e-02,5.845746397972106934e-02,5.838843435049057007e-02,5.877023190259933472e-02,5.902862921357154846e-02,5.901182442903518677e-02,5.938480049371719360e-02,5.893038958311080933e-02
2.361507676654733129e-02,6.608462626900291070e-06,5.840184912085533142e-02,5.812415108084678650e-02,5.797460302710533142e-02,5.776062980294227600e-02,5.749133974313735962e-02,5.855103582143783569e-02,5.833884328603744507e-02,5.849244073033332825e-02,5.857249349355697632e-02,5.814144387841224670e-02,5.862513557076454163e-02,5.853069573640823364e-02,5.854515731334686279e-02,5.871497094631195068e-02,5.878999084234237671e-02
2.377925291241725012e-02,6.613716323045082390e-06,5.776419863104820251e-02,5.817005410790443420e-02,5.809733271598815918e-02,5.823839455842971802e-02,5.826057866215705872e-02,5.870104953646659851e-02,5.806165933609008789e-02,5.845777690410614014e-02,5.818762630224227905e-02,5.862672999501228333e-02,5.851458385586738586e-02,5.894811823964118958e-02,5.936455726623535156e-02,5.865246802568435669e-02,5.857072770595550537e-02
2.394342905828716894e-02,6.608796411455841735e-06,5.755101889371871948e-02,5.768179148435592651e-02,5.766244977712631226e-02,5.831101536750793457e-02,5.836340039968490601e-02,5.772326886653900146e-02,5.803616344928741455e-02,5.796235054731369019e-02,5.832436308264732361e-02,5.892861634492874146e-02,5.871618911623954773e-02,5.842566117644309998e-02,5.875859037041664124e-02,5.953569710254669189e-02,5.903029069304466248e-02
2.410760520415709124e-02,6.585866685782093555e-06,5.771811306476593018e-02,5.713219568133354187e-02,5.824511870741844177e-02,5.789613723754882812e-02,5.811960622668266296e-02,5.788744240999221802e-02,5.802233889698982239e-02,5.792499706149101257e-02,5.808372423052787781e-02,5.825487151741981506e-02,5.874602496623992920e-02,5.860450863838195801e-02,5.824436247348785400e-02,5.825107544660568237e-02,5.915817990899085999e-02
2.427178135002700660e-02,6.566285719600273296e-06,5.711392685770988464e-02,5.730586498975753784e-02,5.738300830125808716e-02,5.720571801066398621e-02,5.813794583082199097e-02,5.745025724172592163e-02,5.824987962841987610e-02,5.772344022989273071e-02,5.850753933191299438e-02,5.801470950245857239e-02,5.815820768475532532e-02,5.853080004453659058e-02,5.880749225616455078e-02,5.889437347650527954e-02,5.847776681184768677e-02
2.443595749589692889e-02,6.577724434464471415e-06,5.819614604115486145e-02,5.797637253999710083e-02,5.746667832136154175e-02,5.752923712134361267e-02,5.784320458769798279e-02,5.813918262720108032e-02,5.773212388157844543e-02,5.827637389302253723e-02,5.828053876757621765e-02,5.850595608353614807e-02,5.753263831138610840e-02,5.831838026642799377e-02,5.844968557357788086e-02,5.819964408874511719e-02,5.927459150552749634e-02
2.460013364176684772e-02,6.551777460117591545e-06,5.737118050456047058e-02,5.736253783106803894e-02,5.711185187101364136e-02,5.711639672517776489e-02,5.726838484406471252e-02,5.760367959737777710e-02,5.770090222358703613e-02,5.786538496613502502e-02,5.812760815024375916e-02,5.817595869302749634e-02,5.826544016599655151e-02,5.815004929900169373e-02,5.855641886591911316e-02,5.901993066072463989e-02,5.863702669739723206e-02
2.476430978763676655e-02,6.563288479810580611e-06,5.754508078098297119e-02,5.691199749708175659e-02,5.728213116526603699e-02,5.767333507537841797e-02,5.757566913962364197e-02,5.773502215743064880e-02,5.738382786512374878e-02,5.837727338075637817e-02,5.811438709497451782e-02,5.795387178659439087e-02,5.822170153260231018e-02,5.830581858754158020e-02,5.880575999617576599e-02,5.838605388998985291e-02,5.869672819972038269e-02
2.492848593350668884e-02,6.549541012645931914e-06,5.762032046914100647e-02,5.762670561671257019e-02,5.669339001178741455e-02,5.786971002817153931e-02,5.745578557252883911e-02,5.761012434959411621e-02,5.715319886803627014e-02,5.769156292080879211e-02,5.822955071926116943e-02,5.770149827003479004e-02,5.777205899357795715e-02,5.836324393749237061e-02,5.858314782381057739e-02,5.889304727315902710e-02,5.809248611330986023e-02
2.509266207937660420e-02,6.533005944220349193e-06,5.718861147761344910e-02,5.730082839727401733e-02,5.764790996909141541e-02,5.712522566318511963e-02,5.696096643805503845e-02,5.724300816655158997e-02,5.703113600611686707e-02,5.794069543480873108e-02,5.819615349173545837e-02,5.807104706764221191e-02,5.838005617260932922e-02,5.787740275263786316e-02,5.851968377828598022e-02,5.834383144974708557e-02,5.812031775712966919e-02
2.525683822524652650e-02,6.518426289403578267e-06,5.670442432165145874e-02,5.656959488987922668e-02,5.698050186038017273e-02,5.698678642511367798e-02,5.714934319257736206e-02,5.728652700781822205e-02,5.776719748973846436e-02,5.710339173674583435e-02,5.789358541369438171e-02,5.740056186914443970e-02,5.794816091656684875e-02,5.853999406099319458e-02,5.824899673461914062e-02,5.834595486521720886e-02,5.803161114454269409e-02
2.542101437111644532e-02,6.540101367136230692e-06,5.706086382269859314e-02,5.718722939491271973e-02,5.700166523456573486e-02,5.768702551722526550e-02,5.759578943252563477e-02,5.761958658695220947e-02,5.775399506092071533e-02,5.788266658782958984e-02,5.847452580928802490e-02,5.761587992310523987e-02,5.778642371296882629e-02,5.773358792066574097e-02,5.826015770435333252e-02,5.857523530721664429e-02,5.823668465018272400e-02
2.558519051698636415e-02,6.525916433020029217e-06,5.735157057642936707e-02,5.683780461549758911e-02,5.688479915261268616e-02,5.720475316047668457e-02,5.752921104431152344e-02,5.743019282817840576e-02,5.729477480053901672e-02,5.796403810381889343e-02,5.791937932372093201e-02,5.790492147207260132e-02,5.762062221765518188e-02,5.805575102567672729e-02,5.808531492948532104e-02,5.812661722302436829e-02,5.846119299530982971e-02
2.574936666285628645e-02,6.500913059426238760e-06,5.661811307072639465e-02,5.731004476547241211e-02,5.704597383737564087e-02,5.724611505866050720e-02,5.710715055465698242e-02,5.688485503196716309e-02,5.719638615846633911e-02,5.808012932538986206e-02,5.765029042959213257e-02,5.756385624408721924e-02,5.742131918668746948e-02,5.737891793251037598e-02,5.821442976593971252e-02,5.782199651002883911e-02,5.777473747730255127e-02
2.591354280872620180e-02,6.478065643023001030e-06,5.591604113578796387e-02,5.655469745397567749e-02,5.727592483162879944e-02,5.741951614618301392e-02,5.651335418224334717e-02,5.700928345322608948e-02,5.717666447162628174e-02,5.774647742509841919e-02,5.737476050853729248e-02,5.753075703978538513e-02,5.766272917389869690e-02,5.772137269377708435e-02,5.756573006510734558e-02,5.756152048707008362e-02,5.764099210500717163e-02
2.607771895459612410e-02,6.493376986327348277e-06,5.678735673427581787e-02,5.667732656002044678e-02,5.673030763864517212e-02,5.746404826641082764e-02,5.692034214735031128e-02,5.692541226744651794e-02,5.792528390884399414e-02,5.730829015374183655e-02,5.724395439028739929e-02,5.773374438285827637e-02,5.760779604315757751e-02,5.750103667378425598e-02,5.805492028594017029e-02,5.790166556835174561e-02,5.771727859973907471e-02
2.624189510046604293e-02,6.504536486318102106e-06,5.681964382529258728e-02,5.719697475433349609e-02,5.674751475453376770e-02,5.661703646183013916e-02,5.754324793815612793e-02,5.743655189871788025e-02,5.733215063810348511e-02,5.723285675048828125e-02,5.737187713384628296e-02,5.752197653055191040e-02,5.767703428864479065e-02,5.744163691997528076e-02,5.807369574904441833e-02,5.820352584123611450e-02,5.861021205782890320e-02
2.640607124633596176e-02,6.482568551291478798e-06,5.607249960303306580e-02,5.716993287205696106e-02,5.676414817571640015e-02,5.726129934191703796e-02,5.675347894430160522e-02,5.715028196573257446e-02,5.696202814579010010e-02,5.698749050498008728e-02,5.717077478766441345e-02,5.732438340783119202e-02,5.753923952579498291e-02,5.775545164942741394e-02,5.727756768465042114e-02,5.815878137946128845e-02,5.825870111584663391e-02
2.657024739220588405e-02,6.476455382653512061e-06,5.664849281311035156e-02,5.644546821713447571e-02,5.661305412650108337e-02,5.658310651779174805e-02,5.701331421732902527e-02,5.686993896961212158e-02,5.729375407099723816e-02,5.725878477096557617e-02,5.724077671766281128e-02,5.762179568409919739e-02,5.740515887737274170e-02,5.729547142982482910e-02,5.776030942797660828e-02,5.785356089472770691e-02,5.796736851334571838e-02
2.673442353807579941e-02,6.466124432336073369e-06,5.633771419525146484e-02,5.644056573510169983e-02,5.681847780942916870e-02,5.664771422743797302e-02,5.683932825922966003e-02,5.730011686682701111e-02,5.735405534505844116e-02,5.705061182379722595e-02,5.688604712486267090e-02,5.707734078168869019e-02,5.725951492786407471e-02,5.752312764525413513e-02,5.733529478311538696e-02,5.743835866451263428e-02,5.831302702426910400e-02
2.689859968394572171e-02,6.438461241486947984e-06,5.599687620997428894e-02,5.626112967729568481e-02,5.673204734921455383e-02,5.628981813788414001e-02,5.645270645618438721e-02,5.671955272555351257e-02,5.701332539319992065e-02,5.699919164180755615e-02,5.692916736006736755e-02,5.724347382783889771e-02,5.737602338194847107e-02,5.685839429497718811e-02,5.772138014435768127e-02,5.722155794501304626e-02,5.740473791956901550e-02
2.706277582981563706e-02,6.445968210755381733e-06,5.595700815320014954e-02,5.648505687713623047e-02,5.649755895137786865e-02,5.635692179203033447e-02,5.700337141752243042e-02,5.661603435873985291e-02,5.745209753513336182e-02,5.723441392183303833e-02,5.702540278434753418e-02,5.742368847131729126e-02,5.689227208495140076e-02,5.718228220939636230e-02,5.745431408286094666e-02,5.708170309662818909e-02,5.776295438408851624e-02
2.722695197568555936e-02,6.440021934395190328e-06,5.611903220415115356e-02,5.645662918686866760e-02,5.668082088232040405e-02,5.629776418209075928e-02,5.671428889036178589e-02,5.625443533062934875e-02,5.631947517395019531e-02,5.735437199473381042e-02,5.660967528820037842e-02,5.737014487385749817e-02,5.715841427445411682e-02,5.722151696681976318e-02,5.745894834399223328e-02,5.726421624422073364e-02,5.758431553840637207e-02
2.739112812155548166e-02,6.426423624361632392e-06,5.595294758677482605e-02,5.591173842549324036e-02,5.645821243524551392e-02,5.699833855032920837e-02,5.615736916661262512e-02,5.609449744224548340e-02,5.687269940972328186e-02,5.643033608794212341e-02,5.667624995112419128e-02,5.725016444921493530e-02,5.718798935413360596e-02,5.727080628275871277e-02,5.737728625535964966e-02,5.712519586086273193e-02,5.732841044664382935e-02
2.755530426742539701e-02,6.440023753384593874e-06,5.650810524821281433e-02,5.665983259677886963e-02,5.612873286008834839e-02,5.688186734914779663e-02,5.629048869013786316e-02,5.666708573698997498e-02,5.668069049715995789e-02,5.685163661837577820e-02,5.730152875185012817e-02,5.685414373874664307e-02,5.698525160551071167e-02,5.714675411581993103e-02,5.777376517653465271e-02,5.744580551981925964e-02,5.744479224085807800e-02
2.771948041329531931e-02,6.419842975446954370e-06,5.607998743653297424e-02,5.652311071753501892e-02,5.595006421208381653e-02,5.664240941405296326e-02,5.680888146162033081e-02,5.653742328286170959e-02,5.669356882572174072e-02,5.663961172103881836e-02,5.687971413135528564e-02,5.682766437530517578e-02,5.646954104304313660e-02,5.658151209354400635e-02,5.719730257987976074e-02,5.756241455674171448e-02,5.690941587090492249e-02
2.788365655916523467e-02,6.397661309165414423e-06,5.595949292182922363e-02,5.642744526267051697e-02,5.607007816433906555e-02,5.602812021970748901e-02,5.595583468675613403e-02,5.721019580960273743e-02,5.639356374740600586e-02,5.646767467260360718e-02,5.695769563317298889e-02,5.621994659304618835e-02,5.651342868804931641e-02,5.645605176687240601e-02,5.669575184583663940e-02,5.706169456243515015e-02,5.767377838492393494e-02
2.804783270503515696e-02,6.402008693839889020e-06,5.592063069343566895e-02,5.565244704484939575e-02,5.611470714211463928e-02,5.624373257160186768e-02,5.626844242215156555e-02,5.691396817564964294e-02,5.646541342139244080e-02,5.632833763957023621e-02,5.636367946863174438e-02,5.684859678149223328e-02,5.650984868407249451e-02,5.675835534930229187e-02,5.737529322504997253e-02,5.679127573966979980e-02,5.708515644073486328e-02
2.821200885090507926e-02,6.401652626664144918e-06,5.625386536121368408e-02,5.567445233464241028e-02,5.625779181718826294e-02,5.605176463723182678e-02,5.612234398722648621e-02,5.668761208653450012e-02,5.642887204885482788e-02,5.689506605267524719e-02,5.613371357321739197e-02,5.662327632308006287e-02,5.744549259543418884e-02,5.673641338944435120e-02,5.666695907711982727e-02,5.673512443900108337e-02,5.735081806778907776e-02
2.837618499677499462e-02,6.385073902492877096e-06,5.592775717377662659e-02,5.599185824394226074e-02,5.562114343047142029e-02,5.598875880241394043e-02,5.601672455668449402e-02,5.632551014423370361e-02,5.657452717423439026e-02,5.605068057775497437e-02,5.674155801534652710e-02,5.653600394725799561e-02,5.659593641757965088e-02,5.670741200447082520e-02,5.692572891712188721e-02,5.712661147117614746e-02,5.682266876101493835e-02
2.854036114264491691e-02,6.369209586409851909e-06,5.587404221296310425e-02,5.542136728763580322e-02,5.586554482579231262e-02,5.601385608315467834e-02,5.646294355392456055e-02,5.588112026453018188e-02,5.597408115863800049e-02,5.608176440000534058e-02,5.661928653717041016e-02,5.691533535718917847e-02,5.672257766127586365e-02,5.599687993526458740e-02,5.689263716340065002e-02,5.682564526796340942e-02,5.667074769735336304e-02
2.870453728851483227e-02,6.366341949615161866e-06,5.491712316870689392e-02,5.551869049668312073e-02,5.591569095849990845e-02,5.610785633325576782e-02,5.571706593036651611e-02,5.661011114716529846e-02,5.689159035682678223e-02,5.596214532852172852e-02,5.644036456942558289e-02,5.662588402628898621e-02,5.671226233243942261e-02,5.632905289530754089e-02,5.680582672357559204e-02,5.636033788323402405e-02,5.666609108448028564e-02
2.886871343438475457e-02,6.358955033647362143e-06,5.534814670681953430e-02,5.631506070494651794e-02,5.557667464017868042e-02,5.563076958060264587e-02,5.591627210378646851e-02,5.548742413520812988e-02,5.658170953392982483e-02,5.643763020634651184e-02,5.607726797461509705e-02,5.603559315204620361e-02,5.635154619812965393e-02,5.657057091593742371e-02,5.676256492733955383e-02,5.731030181050300598e-02,5.661009252071380615e-02
2.903288958025467686e-02,6.341092557704541832e-06,5.589611455798149109e-02,5.560573562979698181e-02,5.566167831420898438e-02,5.590982735157012939e-02,5.570248141884803772e-02,5.556548386812210083e-02,5.587890744209289551e-02,5.618223547935485840e-02,5.611466988921165466e-02,5.648523196578025818e-02,5.641676485538482666e-02,5.602006241679191589e-02,5.632247030735015869e-02,5.605808272957801819e-02,5.645693838596343994e-02
2.919706572612459222e-02,6.357835900416830555e-06,5.548470094799995422e-02,5.550618842244148254e-02,5.559710785746574402e-02,5.577641725540161133e-02,5.580433830618858337e-02,5.565625801682472229e-02,5.611466243863105774e-02,5.659952759742736816e-02,5.644886940717697144e-02,5.634526535868644714e-02,5.671462044119834900e-02,5.675714462995529175e-02,5.627024173736572266e-02,5.678817629814147949e-02,5.673011392354965210e-02
2.936124187199451452e-02,6.324256446532672271e-06,5.508684366941452026e-02,5.532972887158393860e-02,5.528655648231506348e-02,5.586365610361099243e-02,5.550299584865570068e-02,5.548964068293571472e-02,5.571454763412475586e-02,5.580955371260643005e-02,5.582350119948387146e-02,5.663107335567474365e-02,5.635193362832069397e-02,5.644982680678367615e-02,5.626929551362991333e-02,5.600424855947494507e-02,5.666512995958328247e-02
2.952541801786442988e-02,6.326058610284235328e-06,5.557502061128616333e-02,5.525530502200126648e-02,5.562775209546089172e-02,5.573756620287895203e-02,5.551880598068237305e-02,5.595491454005241394e-02,5.564570426940917969e-02,5.593253299593925476e-02,5.651553720235824585e-02,5.555994063615798950e-02,5.580683797597885132e-02,5.622117966413497925e-02,5.587485060095787048e-02,5.626483634114265442e-02,5.617246776819229126e-02
2.968959416373435217e-02,6.311588549579028040e-06,5.490674823522567749e-02,5.490352958440780640e-02,5.510086566209793091e-02,5.566945299506187439e-02,5.588906630873680115e-02,5.564767867326736450e-02,5.599088966846466064e-02,5.555287376046180725e-02,5.590791255235671997e-02,5.597954243421554565e-02,5.582194775342941284e-02,5.629530921578407288e-02,5.586536973714828491e-02,5.655741319060325623e-02,5.637365952134132385e-02
2.985377030960427447e-02,6.315706286841304973e-06,5.483747646212577820e-02,5.531333014369010925e-02,5.526769533753395081e-02,5.502509698271751404e-02,5.513466149568557739e-02,5.585433170199394226e-02,5.582458525896072388e-02,5.607399716973304749e-02,5.583580210804939270e-02,5.618406832218170166e-02,5.583180487155914307e-02,5.637272819876670837e-02,5.673275887966156006e-02,5.617307126522064209e-02,5.655879154801368713e-02
3.001794645547418983e-02,6.288477379712276161e-06,5.459564551711082458e-02,5.513497814536094666e-02,5.505512654781341553e-02,5.535446852445602417e-02,5.578802525997161865e-02,5.528986454010009766e-02,5.573454126715660095e-02,5.565544962882995605e-02,5.530904605984687805e-02,5.587538331747055054e-02,5.553890019655227661e-02,5.615666508674621582e-02,5.555000156164169312e-02,5.580146983265876770e-02,5.612187087535858154e-02
3.018212260134411212e-02,6.300235781964147463e-06,5.525492131710052490e-02,5.573125183582305908e-02,5.553954467177391052e-02,5.493722110986709595e-02,5.534187704324722290e-02,5.562992393970489502e-02,5.575550347566604614e-02,5.529921501874923706e-02,5.555254966020584106e-02,5.587360635399818420e-02,5.594398453831672668e-02,5.555016547441482544e-02,5.627344176173210144e-02,5.630112439393997192e-02,5.620846152305603027e-02
3.034629874721402748e-02,6.289253178692888469e-06,5.517670884728431702e-02,5.516805127263069153e-02,5.516714230179786682e-02,5.542693287134170532e-02,5.485016480088233948e-02,5.525675043463706970e-02,5.567606911063194275e-02,5.529994145035743713e-02,5.545008927583694458e-02,5.561175197362899780e-02,5.578732118010520935e-02,5.586978793144226074e-02,5.654994025826454163e-02,5.591322109103202820e-02,5.610486865043640137e-02
3.051047489308394978e-02,6.267510343604953960e-06,5.519633740186691284e-02,5.499116331338882446e-02,5.472856387495994568e-02,5.478047579526901245e-02,5.509246140718460083e-02,5.518090724945068359e-02,5.534063652157783508e-02,5.524066463112831116e-02,5.556301400065422058e-02,5.557162687182426453e-02,5.581962317228317261e-02,5.587979033589363098e-02,5.582657083868980408e-02,5.581967532634735107e-02,5.562050268054008484e-02
3.067465103895387207e-02,6.261642283789115027e-06,5.434855446219444275e-02,5.507840216159820557e-02,5.463106930255889893e-02,5.508330464363098145e-02,5.480434745550155640e-02,5.528233945369720459e-02,5.509820580482482910e-02,5.538730695843696594e-02,5.584701523184776306e-02,5.556961148977279663e-02,5.574096739292144775e-02,5.591996386647224426e-02,5.583932995796203613e-02,5.550730228424072266e-02,5.610295757651329041e-02
3.083882718482378743e-02,6.266466243687318638e-06,5.488818511366844177e-02,5.489888414740562439e-02,5.445744842290878296e-02,5.521255359053611755e-02,5.469287559390068054e-02,5.523340776562690735e-02,5.507840216159820557e-02,5.556269362568855286e-02,5.599850043654441833e-02,5.540674552321434021e-02,5.521668493747711182e-02,5.571346729993820190e-02,5.594841390848159790e-02,5.591468885540962219e-02,5.614065751433372498e-02
3.100300333069370973e-02,6.258436769712716341e-06,5.447142943739891052e-02,5.479007586836814880e-02,5.538779869675636292e-02,5.485593155026435852e-02,5.512998998165130615e-02,5.528213828802108765e-02,5.516139045357704163e-02,5.507764592766761780e-02,5.542602017521858215e-02,5.539272725582122803e-02,5.550997331738471985e-02,5.557638034224510193e-02,5.538306757807731628e-02,5.596840009093284607e-02,5.573594942688941956e-02
3.116717947656362508e-02,6.235612545424373820e-06,5.448649451136589050e-02,5.455803871154785156e-02,5.480813980102539062e-02,5.508119985461235046e-02,5.489032343029975891e-02,5.509776249527931213e-02,5.503672733902931213e-02,5.482070147991180420e-02,5.507918074727058411e-02,5.502547696232795715e-02,5.488188564777374268e-02,5.522827804088592529e-02,5.598601326346397400e-02,5.549402162432670593e-02,5.574742332100868225e-02
3.133135562243354738e-02,6.247983947105240077e-06,5.456124991178512573e-02,5.498027801513671875e-02,5.456018447875976562e-02,5.498935282230377197e-02,5.566113814711570740e-02,5.513755977153778076e-02,5.519532412290573120e-02,5.577763542532920837e-02,5.479166284203529358e-02,5.566880106925964355e-02,5.530269071459770203e-02,5.551922693848609924e-02,5.540500953793525696e-02,5.493206903338432312e-02,5.561451241374015808e-02
3.149553176830346968e-02,6.237225079530617222e-06,5.482251197099685669e-02,5.452314764261245728e-02,5.474866181612014771e-02,5.476429313421249390e-02,5.455664545297622681e-02,5.487685650587081909e-02,5.514667555689811707e-02,5.501567199826240540e-02,5.526217818260192871e-02,5.552590638399124146e-02,5.549101531505584717e-02,5.548458918929100037e-02,5.482622236013412476e-02,5.528929084539413452e-02,5.545600503683090210e-02
3.165970791417338503e-02,6.229874088603537530e-06,5.439809709787368774e-02,5.454541370272636414e-02,5.484372749924659729e-02,5.534673854708671570e-02,5.485421419143676758e-02,5.505840107798576355e-02,5.480629205703735352e-02,5.518953502178192139e-02,5.497218295931816101e-02,5.528594553470611572e-02,5.532073974609375000e-02,5.530249699950218201e-02,5.512466281652450562e-02,5.549843236804008484e-02,5.540964007377624512e-02
3.182388406004330039e-02,6.213466804183553904e-06,5.467727780342102051e-02,5.449378490447998047e-02,5.434100329875946045e-02,5.427073687314987183e-02,5.457171797752380371e-02,5.486835911870002747e-02,5.497996881604194641e-02,5.525686964392662048e-02,5.528419092297554016e-02,5.507862195372581482e-02,5.461874604225158691e-02,5.489381030201911926e-02,5.484300479292869568e-02,5.496196821331977844e-02,5.565381050109863281e-02
3.198806020591322269e-02,6.207519163581309840e-06,5.428680405020713806e-02,5.468168854713439941e-02,5.425459891557693481e-02,5.448081344366073608e-02,5.462083220481872559e-02,5.457247793674468994e-02,5.451579019427299500e-02,5.456682294607162476e-02,5.511099845170974731e-02,5.517199262976646423e-02,5.464069172739982605e-02,5.511117354035377502e-02,5.518895387649536133e-02,5.555233731865882874e-02,5.591736361384391785e-02
3.215223635178314499e-02,6.208445029187714681e-06,5.376984179019927979e-02,5.410784855484962463e-02,5.446324497461318970e-02,5.489704757928848267e-02,5.472414568066596985e-02,5.495359748601913452e-02,5.463964119553565979e-02,5.495449528098106384e-02,5.501390621066093445e-02,5.497382208704948425e-02,5.492399632930755615e-02,5.520170181989669800e-02,5.535602942109107971e-02,5.514133721590042114e-02,5.539937317371368408e-02
3.231641249765306034e-02,6.200005827849963680e-06,5.454790592193603516e-02,5.458885058760643005e-02,5.462670698761940002e-02,5.502658709883689880e-02,5.451385676860809326e-02,5.456082895398139954e-02,5.447162687778472900e-02,5.459594726562500000e-02,5.432312563061714172e-02,5.515159666538238525e-02,5.473283678293228149e-02,5.510368943214416504e-02,5.513970181345939636e-02,5.486293509602546692e-02,5.480697005987167358e-02
3.248058864352298264e-02,6.180230684549314901e-06,5.372176691889762878e-02,5.432341992855072021e-02,5.442133545875549316e-02,5.445454269647598267e-02,5.397902801632881165e-02,5.435848981142044067e-02,5.482646822929382324e-02,5.461777746677398682e-02,5.456022173166275024e-02,5.492645874619483948e-02,5.511287972331047058e-02,5.447155237197875977e-02,5.476742982864379883e-02,5.474534630775451660e-02,5.506242439150810242e-02
3.264476478939290494e-02,6.168097570480313152e-06,5.384414270520210266e-02,5.406661331653594971e-02,5.427133291959762573e-02,5.465882644057273865e-02,5.459145084023475647e-02,5.450211465358734131e-02,5.490110069513320923e-02,5.470189824700355530e-02,5.458707362413406372e-02,5.459079891443252563e-02,5.459284782409667969e-02,5.416538193821907043e-02,5.483500659465789795e-02,5.479726940393447876e-02,5.449191480875015259e-02
3.280894093526282029e-02,6.171554105094401166e-06,5.427792668342590332e-02,5.460593104362487793e-02,5.410595983266830444e-02,5.409802123904228210e-02,5.402572825551033020e-02,5.440619215369224548e-02,5.460295081138610840e-02,5.465485155582427979e-02,5.443483963608741760e-02,5.484990030527114868e-02,5.503639951348304749e-02,5.498717725276947021e-02,5.442056059837341309e-02,5.436494201421737671e-02,5.448625981807708740e-02
3.297311708113273565e-02,6.170222150103654712e-06,5.408924445509910583e-02,5.398243293166160583e-02,5.449744313955307007e-02,5.443374067544937134e-02,5.457039549946784973e-02,5.412962660193443298e-02,5.452096089720726013e-02,5.428551509976387024e-02,5.420261248946189880e-02,5.475656688213348389e-02,5.464719980955123901e-02,5.441656708717346191e-02,5.467589944601058960e-02,5.473972111940383911e-02,5.526224523782730103e-02
3.313729322700266489e-02,6.143187874840805307e-06,5.384534597396850586e-02,5.369814485311508179e-02,5.357208475470542908e-02,5.445701628923416138e-02,5.401883274316787720e-02,5.418691784143447876e-02,5.413331836462020874e-02,5.443244427442550659e-02,5.435828492045402527e-02,5.461192503571510315e-02,5.426789447665214539e-02,5.454565212130546570e-02,5.402282997965812683e-02,5.512372031807899475e-02,5.504640936851501465e-02
3.330146937287258024e-02,6.153852609713794664e-06,5.409937724471092224e-02,5.415118485689163208e-02,5.412563309073448181e-02,5.400015786290168762e-02,5.420257896184921265e-02,5.376419425010681152e-02,5.446073040366172791e-02,5.462863296270370483e-02,5.447357147932052612e-02,5.424715578556060791e-02,5.456869676709175110e-02,5.449362099170684814e-02,5.486147478222846985e-02,5.506921187043190002e-02,5.426351353526115417e-02
3.346564551874249560e-02,6.148623469925951213e-06,5.365903303027153015e-02,5.395811051130294800e-02,5.364141985774040222e-02,5.415325984358787537e-02,5.440820381045341492e-02,5.444868654012680054e-02,5.467136576771736145e-02,5.420002341270446777e-02,5.393973737955093384e-02,5.481244623661041260e-02,5.463344976305961609e-02,5.481569096446037292e-02,5.433182790875434875e-02,5.463031306862831116e-02,5.453305691480636597e-02
3.362982166461241790e-02,6.124389528849860653e-06,5.369264259934425354e-02,5.401579290628433228e-02,5.391095951199531555e-02,5.409710481762886047e-02,5.407970026135444641e-02,5.379001423716545105e-02,5.383712425827980042e-02,5.393796786665916443e-02,5.403458699584007263e-02,5.469235405325889587e-02,5.350804328918457031e-02,5.403141677379608154e-02,5.463204532861709595e-02,5.449439585208892822e-02,5.483223125338554382e-02
3.379399781048234019e-02,6.124920219008345157e-06,5.375279486179351807e-02,5.365635082125663757e-02,5.345847830176353455e-02,5.338253825902938843e-02,5.440543591976165771e-02,5.411974340677261353e-02,5.423958972096443176e-02,5.380305647850036621e-02,5.417861044406890869e-02,5.457435920834541321e-02,5.431219190359115601e-02,5.432721599936485291e-02,5.410905182361602783e-02,5.419286340475082397e-02,5.500413477420806885e-02
3.395817395635225555e-02,6.121725618868367746e-06,5.378539487719535828e-02,5.366436392068862915e-02,5.406719073653221130e-02,5.365642160177230835e-02,5.396493896842002869e-02,5.376965180039405823e-02,5.403352901339530945e-02,5.388766527175903320e-02,5.386041849851608276e-02,5.424468964338302612e-02,5.431121215224266052e-02,5.364296212792396545e-02,5.490566045045852661e-02,5.426153168082237244e-02,5.485648661851882935e-02
3.412235010222217091e-02,6.112895789556205273e-06,5.365864932537078857e-02,5.342346802353858948e-02,5.381496995687484741e-02,5.378299579024314880e-02,5.392226204276084900e-02,5.438483506441116333e-02,5.365785211324691772e-02,5.424313247203826904e-02,5.433394387364387512e-02,5.384844914078712463e-02,5.364133045077323914e-02,5.414996296167373657e-02,5.394636467099189758e-02,5.462195724248886108e-02,5.474129319190979004e-02
3.428652624809210014e-02,6.098333869886118919e-06,5.342053249478340149e-02,5.375247448682785034e-02,5.369962751865386963e-02,5.412901565432548523e-02,5.371183156967163086e-02,5.369841679930686951e-02,5.349274352192878723e-02,5.359612032771110535e-02,5.385517701506614685e-02,5.386210605502128601e-02,5.368356406688690186e-02,5.398342385888099670e-02,5.415238440036773682e-02,5.394119769334793091e-02,5.476023256778717041e-02
3.445070239396201550e-02,6.091193426982499659e-06,5.349469557404518127e-02,5.364038422703742981e-02,5.378172919154167175e-02,5.337668582797050476e-02,5.374077707529067993e-02,5.331557616591453552e-02,5.374123901128768921e-02,5.374535173177719116e-02,5.415840819478034973e-02,5.373381823301315308e-02,5.375103652477264404e-02,5.413563549518585205e-02,5.395493283867835999e-02,5.432230979204177856e-02,5.426424369215965271e-02
3.461487853983193086e-02,6.082672371121589094e-06,5.349360406398773193e-02,5.309309810400009155e-02,5.317628383636474609e-02,5.389178544282913208e-02,5.387025326490402222e-02,5.375007167458534241e-02,5.315406993031501770e-02,5.387147143483161926e-02,5.389614775776863098e-02,5.405498668551445007e-02,5.406731367111206055e-02,5.379830300807952881e-02,5.374451354146003723e-02,5.403888970613479614e-02,5.389756709337234497e-02
3.477905468570185316e-02,6.068402399250771850e-06,5.323618277907371521e-02,5.374294519424438477e-02,5.351061373949050903e-02,5.331907421350479126e-02,5.299328640103340149e-02,5.370701849460601807e-02,5.295898765325546265e-02,5.353306978940963745e-02,5.341425910592079163e-02,5.381504446268081665e-02,5.420705303549766541e-02,5.398303270339965820e-02,5.387160181999206543e-02,5.419303104281425476e-02,5.379615351557731628e-02
3.494323083157177545e-02,6.069606115488568321e-06,5.346401408314704895e-02,5.320417881011962891e-02,5.338627472519874573e-02,5.364750698208808899e-02,5.336786434054374695e-02,5.350500717759132385e-02,5.376663058996200562e-02,5.336278676986694336e-02,5.335505679249763489e-02,5.357210710644721985e-02,5.401965230703353882e-02,5.404603853821754456e-02,5.403423681855201721e-02,5.391665175557136536e-02,5.395104363560676575e-02
3.510740697744169081e-02,6.057292921468615532e-06,5.378994345664978027e-02,5.375901609659194946e-02,5.307966470718383789e-02,5.293205007910728455e-02,5.359386280179023743e-02,5.315870791673660278e-02,5.370163172483444214e-02,5.358768254518508911e-02,5.340749397873878479e-02,5.326050892472267151e-02,5.325878039002418518e-02,5.401586368680000305e-02,5.353459715843200684e-02,5.360263213515281677e-02,5.415645614266395569e-02
3.527158312331161311e-02,6.047335773473605514e-06,5.343019962310791016e-02,5.295802280306816101e-02,5.309379845857620239e-02,5.336162447929382324e-02,5.319447815418243408e-02,5.332972109317779541e-02,5.312949791550636292e-02,5.331274121999740601e-02,5.337841063737869263e-02,5.372365564107894897e-02,5.401080846786499023e-02,5.355240404605865479e-02,5.361333116888999939e-02,5.363903567194938660e-02,5.369483679533004761e-02
3.543575926918153540e-02,6.046152975613949820e-06,5.272727087140083313e-02,5.305043980479240417e-02,5.310322344303131104e-02,5.332136154174804688e-02,5.356723442673683167e-02,5.357977747917175293e-02,5.349060148000717163e-02,5.286731198430061340e-02,5.322201922535896301e-02,5.317986011505126953e-02,5.369402468204498291e-02,5.408421903848648071e-02,5.361948907375335693e-02,5.394843965768814087e-02,5.378570407629013062e-02
3.559993541505145076e-02,6.031936663930537179e-06,5.248416587710380554e-02,5.285994708538055420e-02,5.300527065992355347e-02,5.344040691852569580e-02,5.315348878502845764e-02,5.391500517725944519e-02,5.306581407785415649e-02,5.329829081892967224e-02,5.304394289851188660e-02,5.299369990825653076e-02,5.384675040841102600e-02,5.362225696444511414e-02,5.370674282312393188e-02,5.357673764228820801e-02,5.360458791255950928e-02
3.576411156092136612e-02,6.031732937117340043e-06,5.293308198451995850e-02,5.311935395002365112e-02,5.286932364106178284e-02,5.312853306531906128e-02,5.339716002345085144e-02,5.315233021974563599e-02,5.362965166568756104e-02,5.342349037528038025e-02,5.313340574502944946e-02,5.336217209696769714e-02,5.318299680948257446e-02,5.376570671796798706e-02,5.361784994602203369e-02,5.329250916838645935e-02,5.337367206811904907e-02
3.592828770679129535e-02,6.041439974069362506e-06,5.293551832437515259e-02,5.288992449641227722e-02,5.290282145142555237e-02,5.306222289800643921e-02,5.357958376407623291e-02,5.346281453967094421e-02,5.362340807914733887e-02,5.335189029574394226e-02,5.337036028504371643e-02,5.305566638708114624e-02,5.374827608466148376e-02,5.334940552711486816e-02,5.358531698584556580e-02,5.374898388981819153e-02,5.384659767150878906e-02
3.609246385266121071e-02,6.008935088175348938e-06,5.249074473977088928e-02,5.288175866007804871e-02,5.301144719123840332e-02,5.269736796617507935e-02,5.286566913127899170e-02,5.315105617046356201e-02,5.313333868980407715e-02,5.305388197302818298e-02,5.318549275398254395e-02,5.316258966922760010e-02,5.325539410114288330e-02,5.339535698294639587e-02,5.334680527448654175e-02,5.328393727540969849e-02,5.346874892711639404e-02
3.625663999853112607e-02,5.998806045681703836e-06,5.251308158040046692e-02,5.277765169739723206e-02,5.259901657700538635e-02,5.275258049368858337e-02,5.253679305315017700e-02,5.297385156154632568e-02,5.313609167933464050e-02,5.275475978851318359e-02,5.265877395868301392e-02,5.263367295265197754e-02,5.347977951169013977e-02,5.367682501673698425e-02,5.325501039624214172e-02,5.369437858462333679e-02,5.365620553493499756e-02
3.642081614440104836e-02,6.002986083331052214e-06,5.293529108166694641e-02,5.266944691538810730e-02,5.276214331388473511e-02,5.274624004960060120e-02,5.320331081748008728e-02,5.250490456819534302e-02,5.335037782788276672e-02,5.272075906395912170e-02,5.268407613039016724e-02,5.279935523867607117e-02,5.323261767625808716e-02,5.335997790098190308e-02,5.358914285898208618e-02,5.325136706233024597e-02,5.365191027522087097e-02
3.658499229027097066e-02,5.992421847622608766e-06,5.280955135822296143e-02,5.236549675464630127e-02,5.279108881950378418e-02,5.325457453727722168e-02,5.234618857502937317e-02,5.282279103994369507e-02,5.287892743945121765e-02,5.345179140567779541e-02,5.263613909482955933e-02,5.299324914813041687e-02,5.282894521951675415e-02,5.317081511020660400e-02,5.318569391965866089e-02,5.311581864953041077e-02,5.348094925284385681e-02
3.674916843614088602e-02,5.980102287139743567e-06,5.235339328646659851e-02,5.235468968749046326e-02,5.302579328417778015e-02,5.287897959351539612e-02,5.294071882963180542e-02,5.278573557734489441e-02,5.282785743474960327e-02,5.285362899303436279e-02,5.260972678661346436e-02,5.310804769396781921e-02,5.288620665669441223e-02,5.292902886867523193e-02,5.280231311917304993e-02,5.295471847057342529e-02,5.322873219847679138e-02
3.691334458201080831e-02,5.980674359307158738e-06,5.250263586640357971e-02,5.251794680953025818e-02,5.236088857054710388e-02,5.282826721668243408e-02,5.210110545158386230e-02,5.253144726157188416e-02,5.235374346375465393e-02,5.332148075103759766e-02,5.307479202747344971e-02,5.274095013737678528e-02,5.265451595187187195e-02,5.280894413590431213e-02,5.315095558762550354e-02,5.353981629014015198e-02,5.317478999495506287e-02
3.707752072788073061e-02,5.962615432508755475e-06,5.240478739142417908e-02,5.237902328372001648e-02,5.267205461859703064e-02,5.224502459168434143e-02,5.252353474497795105e-02,5.230930447578430176e-02,5.255686491727828979e-02,5.286113172769546509e-02,5.247977375984191895e-02,5.271656066179275513e-02,5.276234075427055359e-02,5.261568725109100342e-02,5.314007401466369629e-02,5.295526236295700073e-02,5.324719101190567017e-02
3.724169687375064597e-02,5.953972504357807338e-06,5.254712328314781189e-02,5.215936899185180664e-02,5.258012562990188599e-02,5.225003883242607117e-02,5.251014977693557739e-02,5.235347524285316467e-02,5.287668481469154358e-02,5.270423740148544312e-02,5.255897715687751770e-02,5.271580442786216736e-02,5.255939811468124390e-02,5.268689244985580444e-02,5.292922630906105042e-02,5.289238691329956055e-02,5.281847342848777771e-02
3.740587301962056133e-02,5.947036697762086987e-06,5.202323198318481445e-02,5.223825201392173767e-02,5.224649608135223389e-02,5.240294337272644043e-02,5.245303735136985779e-02,5.297658219933509827e-02,5.230163782835006714e-02,5.277994647622108459e-02,5.254857987165451050e-02,5.267136543989181519e-02,5.246891826391220093e-02,5.287715420126914978e-02,5.309982970356941223e-02,5.224522575736045837e-02,5.271269008517265320e-02
3.757004916549048362e-02,5.930495262873591855e-06,5.242111161351203918e-02,5.229619145393371582e-02,5.177073553204536438e-02,5.202179774641990662e-02,5.217567458748817444e-02,5.256059020757675171e-02,5.262232199311256409e-02,5.243936926126480103e-02,5.246256664395332336e-02,5.248126387596130371e-02,5.234365910291671753e-02,5.266462638974189758e-02,5.259397625923156738e-02,5.237692221999168396e-02,5.259097367525100708e-02
3.773422531136040592e-02,5.938402864558156580e-06,5.240188911557197571e-02,5.259777605533599854e-02,5.230004712939262390e-02,5.228267237544059753e-02,5.247929319739341736e-02,5.246326327323913574e-02,5.249921232461929321e-02,5.244093388319015503e-02,5.245217308402061462e-02,5.254002660512924194e-02,5.232171714305877686e-02,5.235636606812477112e-02,5.209269002079963684e-02,5.307561904191970825e-02,5.250337347388267517e-02
3.789840145723032128e-02,5.933226475463015959e-06,5.206666886806488037e-02,5.200800672173500061e-02,5.196042358875274658e-02,5.241065844893455505e-02,5.231973901391029358e-02,5.199266597628593445e-02,5.225227028131484985e-02,5.261002853512763977e-02,5.260057002305984497e-02,5.262953788042068481e-02,5.256645381450653076e-02,5.261412635445594788e-02,5.285727605223655701e-02,5.293948203325271606e-02,5.244402959942817688e-02
3.806257760310024357e-02,5.943354153714608401e-06,5.263576284050941467e-02,5.222084745764732361e-02,5.178428813815116882e-02,5.202045664191246033e-02,5.320721864700317383e-02,5.268972739577293396e-02,5.251662060618400574e-02,5.235398933291435242e-02,5.263620242476463318e-02,5.260219797492027283e-02,5.288621783256530762e-02,5.242980271577835083e-02,5.282983556389808655e-02,5.243507772684097290e-02,5.268524587154388428e-02
3.822675374897016587e-02,5.944107670075027272e-06,5.234228819608688354e-02,5.219587311148643494e-02,5.222599580883979797e-02,5.236172676086425781e-02,5.190076306462287903e-02,5.247969925403594971e-02,5.246359109878540039e-02,5.253091454505920410e-02,5.238155648112297058e-02,5.281236767768859863e-02,5.265325307846069336e-02,5.296505615115165710e-02,5.289889499545097351e-02,5.283442139625549316e-02,5.283979699015617371e-02
3.839092989484008123e-02,5.898114977753721178e-06,5.159690231084823608e-02,5.205830186605453491e-02,5.132140964269638062e-02,5.219004675745964050e-02,5.189242586493492126e-02,5.254533886909484863e-02,5.197661742568016052e-02,5.244446545839309692e-02,5.229499563574790955e-02,5.222758278250694275e-02,5.232439935207366943e-02,5.198486521840095520e-02,5.202076956629753113e-02,5.227288231253623962e-02,5.241580680012702942e-02
3.855510604070999658e-02,5.904530553380027413e-06,5.199434980750083923e-02,5.232362076640129089e-02,5.153435096144676208e-02,5.207043886184692383e-02,5.199582502245903015e-02,5.172160267829895020e-02,5.219433829188346863e-02,5.268939957022666931e-02,5.209787935018539429e-02,5.225506052374839783e-02,5.254568532109260559e-02,5.214051157236099243e-02,5.226423218846321106e-02,5.236794427037239075e-02,5.234190076589584351e-02
3.871928218657992582e-02,5.874192538612987846e-06,5.154836922883987427e-02,5.154310911893844604e-02,5.192118883132934570e-02,5.159854143857955933e-02,5.166217312216758728e-02,5.175964906811714172e-02,5.190001055598258972e-02,5.223719403147697449e-02,5.208163335919380188e-02,5.185242742300033569e-02,5.191228166222572327e-02,5.163358151912689209e-02,5.219776555895805359e-02,5.237574130296707153e-02,5.228245630860328674e-02
3.888345833244984118e-02,5.859184966539032757e-06,5.166320875287055969e-02,5.176562815904617310e-02,5.158712714910507202e-02,5.131139233708381653e-02,5.177823081612586975e-02,5.170979350805282593e-02,5.170470103621482849e-02,5.176439881324768066e-02,5.215610191226005554e-02,5.190290883183479309e-02,5.137109011411666870e-02,5.201497673988342285e-02,5.182224139571189880e-02,5.197342112660408020e-02,5.181581899523735046e-02
3.904763447831975653e-02,5.868594598723575473e-06,5.125161632895469666e-02,5.189467221498489380e-02,5.169397965073585510e-02,5.179025232791900635e-02,5.234799906611442566e-02,5.164449289441108704e-02,5.214187502861022949e-02,5.206527933478355408e-02,5.211924761533737183e-02,5.179439112544059753e-02,5.165406316518783569e-02,5.222958326339721680e-02,5.190223082900047302e-02,5.171600729227066040e-02,5.183378234505653381e-02
3.921181062418967883e-02,5.843444341735448688e-06,5.200539156794548035e-02,5.115753784775733948e-02,5.113286152482032776e-02,5.151338130235671997e-02,5.148657038807868958e-02,5.180108174681663513e-02,5.129747837781906128e-02,5.179049447178840637e-02,5.145724117755889893e-02,5.191480368375778198e-02,5.171035975217819214e-02,5.199582874774932861e-02,5.192994326353073120e-02,5.162397027015686035e-02,5.220127105712890625e-02
3.937598677005960113e-02,5.844014594913460314e-06,5.142326280474662781e-02,5.133616179227828979e-02,5.144409462809562683e-02,5.183903127908706665e-02,5.141534283757209778e-02,5.176801234483718872e-02,5.154310911893844604e-02,5.164423957467079163e-02,5.168135836720466614e-02,5.176971852779388428e-02,5.180777981877326965e-02,5.176843702793121338e-02,5.184345692396163940e-02,5.167813599109649658e-02,5.147266387939453125e-02
3.954016291592951649e-02,5.823650099046062678e-06,5.133738368749618530e-02,5.120053142309188843e-02,5.142380297183990479e-02,5.116384103894233704e-02,5.162532627582550049e-02,5.201750248670578003e-02,5.177293717861175537e-02,5.138486251235008240e-02,5.142219364643096924e-02,5.141995474696159363e-02,5.132310837507247925e-02,5.117263272404670715e-02,5.144736915826797485e-02,5.155335366725921631e-02,5.150779336690902710e-02
3.970433906179943878e-02,5.818639237986644730e-06,5.076628923416137695e-02,5.165807157754898071e-02,5.121930688619613647e-02,5.145357176661491394e-02,5.076606944203376770e-02,5.140405148267745972e-02,5.175812542438507080e-02,5.098490044474601746e-02,5.151189491152763367e-02,5.174341797828674316e-02,5.160792544484138489e-02,5.143804475665092468e-02,5.135637521743774414e-02,5.141525715589523315e-02,5.197365209460258484e-02
3.986851520766936108e-02,5.811031769553665072e-06,5.107121914625167847e-02,5.120997503399848938e-02,5.116748064756393433e-02,5.123206600546836853e-02,5.105482786893844604e-02,5.155017599463462830e-02,5.110001936554908752e-02,5.142533406615257263e-02,5.197725072503089905e-02,5.162051692605018616e-02,5.136068910360336304e-02,5.142132565379142761e-02,5.140757560729980469e-02,5.144249275326728821e-02,5.108055844902992249e-02
4.003269135353927644e-02,5.785534085589461029e-06,5.045660212635993958e-02,5.119480192661285400e-02,5.100385099649429321e-02,5.079566687345504761e-02,5.160554125905036926e-02,5.073770135641098022e-02,5.128866806626319885e-02,5.069639906287193298e-02,5.122302472591400146e-02,5.127185583114624023e-02,5.120041221380233765e-02,5.135609209537506104e-02,5.135561898350715637e-02,5.107684060931205750e-02,5.168931931257247925e-02
4.019686749940919179e-02,5.756495738751254976e-06,5.038187652826309204e-02,5.017792806029319763e-02,5.060096830129623413e-02,5.094390362501144409e-02,5.090767890214920044e-02,5.115985870361328125e-02,5.088847130537033081e-02,5.108350142836570740e-02,5.069652572274208069e-02,5.125709250569343567e-02,5.096343532204627991e-02,5.127969384193420410e-02,5.097379907965660095e-02,5.098881199955940247e-02,5.096622556447982788e-02
4.036104364527912103e-02,5.748028797825099900e-06,5.062942579388618469e-02,5.098574608564376831e-02,5.071644112467765808e-02,5.072081834077835083e-02,5.106775462627410889e-02,5.064610019326210022e-02,5.052883923053741455e-02,5.033955723047256470e-02,5.104699730873107910e-02,5.080267041921615601e-02,5.066921561956405640e-02,5.045197159051895142e-02,5.082663148641586304e-02,5.113238096237182617e-02,5.107832700014114380e-02
4.052521979114903639e-02,5.750317086494760588e-06,5.067917332053184509e-02,5.008911341428756714e-02,5.077563971281051636e-02,5.031135678291320801e-02,5.102774128317832947e-02,5.103514343500137329e-02,5.093996599316596985e-02,5.085757747292518616e-02,5.099514499306678772e-02,5.098918080329895020e-02,5.079791322350502014e-02,5.127914249897003174e-02,5.070668086409568787e-02,5.109367892146110535e-02,5.066712945699691772e-02
4.068939593701895174e-02,5.741505901823984459e-06,5.042559280991554260e-02,5.077176913619041443e-02,5.085689947009086609e-02,5.058987066149711609e-02,5.041702464222908020e-02,5.057169124484062195e-02,5.061479285359382629e-02,5.084181949496269226e-02,5.042969435453414917e-02,5.057831108570098877e-02,5.092198774218559265e-02,5.066775530576705933e-02,5.073913931846618652e-02,5.124126747250556946e-02,5.117243155837059021e-02
4.085357208288887404e-02,5.730427346861688420e-06,5.045747384428977966e-02,5.035550892353057861e-02,5.043439194560050964e-02,5.058687552809715271e-02,5.042242631316184998e-02,5.087903887033462524e-02,5.031224340200424194e-02,5.038950592279434204e-02,5.048271268606185913e-02,5.078401416540145874e-02,5.070146173238754272e-02,5.079306289553642273e-02,5.088801681995391846e-02,5.092409625649452209e-02,5.102425441145896912e-02
4.101774822875879634e-02,5.716136001865379512e-06,5.035177618265151978e-02,5.033624544739723206e-02,5.020295456051826477e-02,5.023094639182090759e-02,5.029582977294921875e-02,5.073289573192596436e-02,5.048198625445365906e-02,5.079432204365730286e-02,5.045045167207717896e-02,5.048115178942680359e-02,5.086892098188400269e-02,5.071924254298210144e-02,5.041158199310302734e-02,5.060914158821105957e-02,5.085831508040428162e-02
4.118192437462871169e-02,5.701124791812617332e-06,5.029846355319023132e-02,5.031726136803627014e-02,5.048186704516410828e-02,5.039862170815467834e-02,5.024312436580657959e-02,5.004722252488136292e-02,5.068081989884376526e-02,4.999229311943054199e-02,5.024487152695655823e-02,5.078332498669624329e-02,5.039307475090026855e-02,5.078890919685363770e-02,5.070789158344268799e-02,5.003216490149497986e-02,5.050679296255111694e-02
4.134610052049863399e-02,5.693223556590965018e-06,5.016975104808807373e-02,5.051384866237640381e-02,5.002036318182945251e-02,5.051964521408081055e-02,5.030615627765655518e-02,5.069642141461372375e-02,5.026624724268913269e-02,5.034188181161880493e-02,5.020372942090034485e-02,5.008682981133460999e-02,5.087297409772872925e-02,5.061861500144004822e-02,5.003282427787780762e-02,5.036879330873489380e-02,5.062794685363769531e-02
4.151027666636855629e-02,5.709883225790690631e-06,5.068790540099143982e-02,5.003535374999046326e-02,5.063571408390998840e-02,5.083711445331573486e-02,4.970031976699829102e-02,5.047781020402908325e-02,5.017492175102233887e-02,5.035778507590293884e-02,5.066858232021331787e-02,5.087260156869888306e-02,5.052587762475013733e-02,5.020960792899131775e-02,5.034385994076728821e-02,5.023051053285598755e-02,5.087731778621673584e-02
4.167445281223847164e-02,5.681995389750227332e-06,4.983440041542053223e-02,5.088301748037338257e-02,5.015379190444946289e-02,5.042046681046485901e-02,5.015270039439201355e-02,4.976589232683181763e-02,5.046666413545608521e-02,4.980850219726562500e-02,5.009789392352104187e-02,5.057910457253456116e-02,5.009595304727554321e-02,5.043523758649826050e-02,5.010043457150459290e-02,5.030782520771026611e-02,5.017907172441482544e-02
4.183862895810838700e-02,5.654677806887775660e-06,4.996492713689804077e-02,5.018650740385055542e-02,5.025295913219451904e-02,4.964051023125648499e-02,5.010823905467987061e-02,5.043163895606994629e-02,4.959259182214736938e-02,5.005383864045143127e-02,4.974512010812759399e-02,4.986776411533355713e-02,5.031258240342140198e-02,4.993452504277229309e-02,4.977226629853248596e-02,4.988782107830047607e-02,5.013420432806015015e-02
4.200280510397831624e-02,5.672159659297904000e-06,4.988408461213111877e-02,5.049029365181922913e-02,5.018097162246704102e-02,5.010250210762023926e-02,4.996388405561447144e-02,4.982957988977432251e-02,5.069914087653160095e-02,4.979265481233596802e-02,5.040371045470237732e-02,5.001032352447509766e-02,4.956331476569175720e-02,5.035163462162017822e-02,5.006371438503265381e-02,4.998702555894851685e-02,4.992982000112533569e-02
4.216698124984823159e-02,5.664967375196283683e-06,4.993060603737831116e-02,4.990859329700469971e-02,4.980929940938949585e-02,5.001939088106155396e-02,4.973610118031501770e-02,5.029280856251716614e-02,5.012599751353263855e-02,5.027652531862258911e-02,4.972296208143234253e-02,5.024079978466033936e-02,5.040122196078300476e-02,5.004590004682540894e-02,5.031934008002281189e-02,5.024713277816772461e-02,4.997108876705169678e-02
4.233115739571814695e-02,5.674212388839805499e-06,5.009913071990013123e-02,4.976813495159149170e-02,5.013107880949974060e-02,5.020476505160331726e-02,5.021764710545539856e-02,5.021205171942710876e-02,5.004513636231422424e-02,5.009450018405914307e-02,5.032933503389358521e-02,5.030230805277824402e-02,5.037683621048927307e-02,5.048086494207382202e-02,5.017386749386787415e-02,5.006447806954383850e-02,5.005216225981712341e-02
4.249533354158806925e-02,5.637401500280248001e-06,5.011122301220893860e-02,4.986543580889701843e-02,4.961711540818214417e-02,4.937855526804924011e-02,4.945146664977073669e-02,4.972583800554275513e-02,4.951924085617065430e-02,4.980959370732307434e-02,4.951562732458114624e-02,4.982687532901763916e-02,4.975041002035140991e-02,5.043986439704895020e-02,5.020024627447128296e-02,4.968878999352455139e-02,5.051121488213539124e-02
4.265950968745799154e-02,5.616903308691689745e-06,4.935128241777420044e-02,4.987326636910438538e-02,4.949576035141944885e-02,4.976230859756469727e-02,4.933132976293563843e-02,4.984014481306076050e-02,4.969281330704689026e-02,4.972893372178077698e-02,4.989586398005485535e-02,4.959546029567718506e-02,4.959850758314132690e-02,4.954987019300460815e-02,4.968106374144554138e-02,4.923583194613456726e-02,4.955202341079711914e-02
4.282368583332790690e-02,5.607393632089952007e-06,4.951911047101020813e-02,4.940040782094001770e-02,4.945137351751327515e-02,4.952222853899002075e-02,4.968859255313873291e-02,4.952991381287574768e-02,4.973915219306945801e-02,4.970757290720939636e-02,4.953775927424430847e-02,4.962609335780143738e-02,4.956310614943504333e-02,4.970250278711318970e-02,4.964875802397727966e-02,4.964904859662055969e-02,4.947900772094726562e-02
4.298786197919782920e-02,5.615835107164457440e-06,4.940775036811828613e-02,4.982320591807365417e-02,4.948159307241439819e-02,4.964092746376991272e-02,4.965962842106819153e-02,4.960497468709945679e-02,4.936613142490386963e-02,4.974354058504104614e-02,4.993015155196189880e-02,4.947417229413986206e-02,4.999724030494689941e-02,4.982884600758552551e-02,4.943067952990531921e-02,4.947540909051895142e-02,4.966098070144653320e-02
4.315203812506775150e-02,5.601979410130297765e-06,4.947206377983093262e-02,4.922623187303543091e-02,4.911005496978759766e-02,4.988176375627517700e-02,4.949087277054786682e-02,4.943302273750305176e-02,4.949709028005599976e-02,4.965286329388618469e-02,4.935245960950851440e-02,4.943927377462387085e-02,4.947996512055397034e-02,4.948600754141807556e-02,4.910219088196754456e-02,4.978053271770477295e-02,4.956252500414848328e-02
4.331621427093766685e-02,5.595910806732717901e-06,4.990343749523162842e-02,4.948931932449340820e-02,4.958875477313995361e-02,4.891138896346092224e-02,4.943329095840454102e-02,4.946518689393997192e-02,4.955139011144638062e-02,4.939826577901840210e-02,4.926947131752967834e-02,4.960891604423522949e-02,4.946073889732360840e-02,4.944616928696632385e-02,4.949741065502166748e-02,4.956770688295364380e-02,4.944195225834846497e-02
4.348039041680758221e-02,5.580629476753529161e-06,4.947878047823905945e-02,4.946741461753845215e-02,4.932969063520431519e-02,4.885760322213172913e-02,4.923055693507194519e-02,4.979902505874633789e-02,4.961558058857917786e-02,4.931398108601570129e-02,4.902672767639160156e-02,4.914227128028869629e-02,4.951158538460731506e-02,4.925398156046867371e-02,4.918175563216209412e-02,4.914370551705360413e-02,4.973081126809120178e-02
4.364456656267751145e-02,5.579583103099139407e-06,4.933869466185569763e-02,4.933974146842956543e-02,4.953351989388465881e-02,4.944119974970817566e-02,4.942225664854049683e-02,4.915247857570648193e-02,4.947211220860481262e-02,4.915704205632209778e-02,4.897647723555564880e-02,4.928825423121452332e-02,4.955140873789787292e-02,4.921171441674232483e-02,4.939863458275794983e-02,4.923293739557266235e-02,4.943215101957321167e-02
4.380874270854742680e-02,5.555523330258438364e-06,4.868474230170249939e-02,4.908408969640731812e-02,4.897149279713630676e-02,4.915533214807510376e-02,4.914103820919990540e-02,4.950740933418273926e-02,4.951421543955802917e-02,4.920291528105735779e-02,4.911398515105247498e-02,4.912318661808967590e-02,4.904494434595108032e-02,4.853344708681106567e-02,4.900415986776351929e-02,4.890708997845649719e-02,4.914666712284088135e-02
4.397291885441734216e-02,5.552498350880341604e-06,4.881327971816062927e-02,4.851840808987617493e-02,4.904158413410186768e-02,4.959197342395782471e-02,4.889973625540733337e-02,4.882121086120605469e-02,4.875684529542922974e-02,4.960329085588455200e-02,4.888965561985969543e-02,4.952402040362358093e-02,4.887146875262260437e-02,4.924203455448150635e-02,4.881292954087257385e-02,4.947797209024429321e-02,4.903773590922355652e-02
4.413709500028726446e-02,5.561811576626496390e-06,4.870955273509025574e-02,4.927241429686546326e-02,4.924014583230018616e-02,4.887994378805160522e-02,4.922397434711456299e-02,4.935690015554428101e-02,4.959955438971519470e-02,4.931643977761268616e-02,4.908218234777450562e-02,4.937583953142166138e-02,4.915143921971321106e-02,4.896337166428565979e-02,4.935622960329055786e-02,4.894773662090301514e-02,4.910224303603172302e-02
4.430127114615718675e-02,5.547492037294432521e-06,4.898674041032791138e-02,4.886198043823242188e-02,4.915889725089073181e-02,4.878185689449310303e-02,4.909323900938034058e-02,4.908565059304237366e-02,4.932671040296554565e-02,4.922663420438766479e-02,4.898003116250038147e-02,4.885343834757804871e-02,4.890054464340209961e-02,4.889516532421112061e-02,4.914348945021629333e-02,4.909154772758483887e-02,4.927219077944755554e-02
4.446544729202710211e-02,5.531105216505238786e-06,4.932232946157455444e-02,4.913577064871788025e-02,4.910652711987495422e-02,4.873440042138099670e-02,4.909189790487289429e-02,4.868382588028907776e-02,4.907557368278503418e-02,4.981338605284690857e-02,4.835222288966178894e-02,4.861490428447723389e-02,4.835993424057960510e-02,4.942622780799865723e-02,4.861042276024818420e-02,4.905240610241889954e-02,4.840620979666709900e-02
4.462962343789702441e-02,5.529489499167539179e-06,4.908956587314605713e-02,4.871287941932678223e-02,4.892238229513168335e-02,4.853435978293418884e-02,4.859663918614387512e-02,4.907909408211708069e-02,4.836830496788024902e-02,4.881879687309265137e-02,4.892175272107124329e-02,4.887681454420089722e-02,4.930733144283294678e-02,4.878892377018928528e-02,4.875639081001281738e-02,4.858462885022163391e-02,4.913599416613578796e-02
4.479379958376694670e-02,5.518455509445630014e-06,4.917462542653083801e-02,4.828935489058494568e-02,4.927649721503257751e-02,4.849838837981224060e-02,4.889035969972610474e-02,4.878157749772071838e-02,4.910074546933174133e-02,4.854774102568626404e-02,4.881010204553604126e-02,4.889610037207603455e-02,4.892393574118614197e-02,4.916421696543693542e-02,4.872106760740280151e-02,4.795092344284057617e-02,4.881285876035690308e-02
4.495797572963686206e-02,5.508657977770781144e-06,4.874143376946449280e-02,4.891962930560112000e-02,4.906415939331054688e-02,4.839579015970230103e-02,4.833475127816200256e-02,4.853342846035957336e-02,4.827953875064849854e-02,4.902433604001998901e-02,4.905838146805763245e-02,4.881665110588073730e-02,4.901648312807083130e-02,4.830423370003700256e-02,4.808118566870689392e-02,4.846030473709106445e-02,4.865286871790885925e-02
4.512215187550677742e-02,5.484775556396925822e-06,4.877685010433197021e-02,4.845475777983665466e-02,4.848872497677803040e-02,4.861477762460708618e-02,4.876497387886047363e-02,4.783887788653373718e-02,4.823852330446243286e-02,4.818024486303329468e-02,4.856441542506217957e-02,4.861610010266304016e-02,4.869941994547843933e-02,4.836742952466011047e-02,4.840125888586044312e-02,4.833040386438369751e-02,4.842323809862136841e-02
4.528632802137670665e-02,5.470679752761498094e-06,4.819151014089584351e-02,4.860504344105720520e-02,4.852287098765373230e-02,4.783970862627029419e-02,4.809845611453056335e-02,4.857824742794036865e-02,4.869241639971733093e-02,4.828625544905662537e-02,4.818811267614364624e-02,4.871960356831550598e-02,4.842689633369445801e-02,4.835447296500205994e-02,4.863271489739418030e-02,4.821050539612770081e-02,4.799011349678039551e-02
4.545050416724662201e-02,5.469243205880047753e-06,4.845139011740684509e-02,4.861219227313995361e-02,4.855077341198921204e-02,4.835770651698112488e-02,4.869153350591659546e-02,4.820937663316726685e-02,4.772028326988220215e-02,4.806789010763168335e-02,4.866353794932365417e-02,4.831290245056152344e-02,4.815143346786499023e-02,4.833227023482322693e-02,4.856559634208679199e-02,4.861088469624519348e-02,4.833564534783363342e-02
4.561468031311653737e-02,5.455151949718128890e-06,4.827361553907394409e-02,4.834733903408050537e-02,4.864339530467987061e-02,4.852736741304397583e-02,4.791031777858734131e-02,4.808526858687400818e-02,4.851463064551353455e-02,4.822325706481933594e-02,4.780995473265647888e-02,4.797625541687011719e-02,4.844332486391067505e-02,4.808461293578147888e-02,4.754557833075523376e-02,4.868224635720252991e-02,4.816793650388717651e-02
4.577885645898645967e-02,5.444602265924913809e-06,4.843220487236976624e-02,4.768924042582511902e-02,4.881162568926811218e-02,4.836476221680641174e-02,4.830330237746238708e-02,4.816057905554771423e-02,4.851249977946281433e-02,4.779931530356407166e-02,4.783450812101364136e-02,4.800653085112571716e-02,4.835839942097663879e-02,4.752718284726142883e-02,4.850995168089866638e-02,4.752958193421363831e-02,4.844667389988899231e-02
4.594303260485638196e-02,5.434352260635932907e-06,4.777345806360244751e-02,4.841636866331100464e-02,4.829672351479530334e-02,4.822916537523269653e-02,4.804030805826187134e-02,4.795917496085166931e-02,4.770308732986450195e-02,4.756730049848556519e-02,4.839595034718513489e-02,4.826967045664787292e-02,4.789428412914276123e-02,4.783869162201881409e-02,4.743520542979240417e-02,4.808768630027770996e-02,4.817802086472511292e-02
4.610720875072629732e-02,5.441535904537886381e-06,4.845721647143363953e-02,4.800530523061752319e-02,4.874096065759658813e-02,4.781827703118324280e-02,4.799082502722740173e-02,4.785864427685737610e-02,4.815556108951568604e-02,4.809818044304847717e-02,4.775588214397430420e-02,4.811251536011695862e-02,4.825280979275703430e-02,4.812817648053169250e-02,4.786023870110511780e-02,4.838096350431442261e-02,4.789605736732482910e-02
4.627138489659621962e-02,5.413594863057369366e-06,4.762617126107215881e-02,4.835980385541915894e-02,4.798380285501480103e-02,4.753395915031433105e-02,4.812271893024444580e-02,4.802211746573448181e-02,4.755908250808715820e-02,4.714494198560714722e-02,4.808203876018524170e-02,4.785421490669250488e-02,4.758654907345771790e-02,4.809383675456047058e-02,4.799440503120422363e-02,4.741600900888442993e-02,4.786343500018119812e-02
4.643556104246614191e-02,5.388486897572875023e-06,4.798727855086326599e-02,4.776588082313537598e-02,4.781706631183624268e-02,4.773687943816184998e-02,4.739904403686523438e-02,4.708100482821464539e-02,4.755098745226860046e-02,4.727060720324516296e-02,4.769102856516838074e-02,4.778070002794265747e-02,4.748615249991416931e-02,4.734222218394279480e-02,4.742534458637237549e-02,4.830895364284515381e-02,4.789493605494499207e-02
4.659973718833605727e-02,5.392224920797161758e-06,4.792661964893341064e-02,4.754612594842910767e-02,4.773914813995361328e-02,4.762639850378036499e-02,4.803266376256942749e-02,4.745458811521530151e-02,4.746802896261215210e-02,4.802275449037551880e-02,4.775820672512054443e-02,4.761028662323951721e-02,4.746520146727561951e-02,4.786842316389083862e-02,4.753930494189262390e-02,4.748500511050224304e-02,4.717151075601577759e-02
4.676391333420597263e-02,5.395964763010852039e-06,4.795676097273826599e-02,4.790839552879333496e-02,4.729888215661048889e-02,4.747327789664268494e-02,4.797665029764175415e-02,4.676595330238342285e-02,4.769604653120040894e-02,4.750312119722366333e-02,4.815449565649032593e-02,4.790060594677925110e-02,4.769324511289596558e-02,4.784937947988510132e-02,4.760164394974708557e-02,4.780939221382141113e-02,4.777606576681137085e-02
4.692808948007590186e-02,5.390586920839268714e-06,4.772767797112464905e-02,4.777394607663154602e-02,4.766852036118507385e-02,4.806029796600341797e-02,4.731330648064613342e-02,4.758485034108161926e-02,4.792875424027442932e-02,4.796118661761283875e-02,4.757203161716461182e-02,4.761881381273269653e-02,4.739332199096679688e-02,4.801684245467185974e-02,4.750452935695648193e-02,4.742433503270149231e-02,4.732726514339447021e-02
4.709226562594581722e-02,5.359246642910875380e-06,4.753782972693443298e-02,4.771387204527854919e-02,4.740788415074348450e-02,4.772301018238067627e-02,4.718858748674392700e-02,4.768964648246765137e-02,4.727921634912490845e-02,4.732630029320716858e-02,4.745342209935188293e-02,4.706355184316635132e-02,4.729341715574264526e-02,4.713403061032295227e-02,4.729025810956954956e-02,4.703707993030548096e-02,4.733577743172645569e-02
4.725644177181573258e-02,5.353413598641054705e-06,4.723747819662094116e-02,4.740955308079719543e-02,4.733730107545852661e-02,4.712689295411109924e-02,4.740813747048377991e-02,4.726166650652885437e-02,4.727019369602203369e-02,4.729948192834854126e-02,4.743223264813423157e-02,4.759647697210311890e-02,4.769247770309448242e-02,4.685343056917190552e-02,4.700416699051856995e-02,4.704404622316360474e-02,4.753554984927177429e-02
4.742061791768565487e-02,5.344693818187806755e-06,4.693791270256042480e-02,4.684678092598915100e-02,4.747118800878524780e-02,4.729197546839714050e-02,4.725218191742897034e-02,4.772994667291641235e-02,4.772510007023811340e-02,4.685256630182266235e-02,4.711832478642463684e-02,4.769711941480636597e-02,4.708430916070938110e-02,4.678516462445259094e-02,4.728696122765541077e-02,4.693816602230072021e-02,4.702526703476905823e-02
4.758479406355557717e-02,5.347438218450406566e-06,4.717623814940452576e-02,4.777820408344268799e-02,4.745187237858772278e-02,4.807284846901893616e-02,4.710569605231285095e-02,4.731323570013046265e-02,4.762323573231697083e-02,4.697811976075172424e-02,4.681597277522087097e-02,4.693920910358428955e-02,4.676387831568717957e-02,4.745400696992874146e-02,4.709193110466003418e-02,4.710281640291213989e-02,4.679464176297187805e-02
4.774897020942549253e-02,5.323940968082752079e-06,4.738718643784523010e-02,4.697153717279434204e-02,4.706047475337982178e-02,4.727090522646903992e-02,4.771091789007186890e-02,4.680717736482620239e-02,4.694138094782829285e-02,4.736633226275444031e-02,4.680600017309188843e-02,4.732164740562438965e-02,4.652155563235282898e-02,4.685910418629646301e-02,4.671284183859825134e-02,4.732813313603401184e-02,4.679401591420173645e-02
4.791314635529541482e-02,5.315400358085753396e-06,4.738873988389968872e-02,4.695984721183776855e-02,4.693112894892692566e-02,4.670151323080062866e-02,4.722021147608757019e-02,4.703198373317718506e-02,4.716965928673744202e-02,4.700148105621337891e-02,4.708322510123252869e-02,4.708859696984291077e-02,4.667942970991134644e-02,4.676538705825805664e-02,4.692576453089714050e-02,4.706342890858650208e-02,4.645864292979240417e-02
4.807732250116533712e-02,5.302537374518578872e-06,4.669617488980293274e-02,4.724087938666343689e-02,4.654520004987716675e-02,4.689271375536918640e-02,4.709251970052719116e-02,4.708037152886390686e-02,4.703937098383903503e-02,4.691674187779426575e-02,4.705025628209114075e-02,4.668727144598960876e-02,4.686683043837547302e-02,4.666235670447349548e-02,4.651724919676780701e-02,4.699936881661415100e-02,4.647037759423255920e-02
4.824149864703525248e-02,5.308910203893901780e-06,4.685401543974876404e-02,4.709371551871299744e-02,4.704729095101356506e-02,4.700963571667671204e-02,4.663527756929397583e-02,4.716163128614425659e-02,4.689231514930725098e-02,4.694382101297378540e-02,4.713526740670204163e-02,4.704660549759864807e-02,4.657543823122978210e-02,4.724793508648872375e-02,4.703162610530853271e-02,4.669726267457008362e-02,4.660728201270103455e-02
4.840567479290516784e-02,5.300102202454581857e-06,4.700632765889167786e-02,4.687342420220375061e-02,4.724140837788581848e-02,4.710640758275985718e-02,4.671926796436309814e-02,4.682406038045883179e-02,4.689889028668403625e-02,4.659948498010635376e-02,4.706057906150817871e-02,4.656536504626274109e-02,4.690983518958091736e-02,4.681346565485000610e-02,4.721699282526969910e-02,4.647334292531013489e-02,4.679922759532928467e-02
4.856985093877509707e-02,5.271434929454699159e-06,4.666338488459587097e-02,4.705531895160675049e-02,4.646211117506027222e-02,4.718665778636932373e-02,4.661722853779792786e-02,4.643312469124794006e-02,4.635399580001831055e-02,4.681872949004173279e-02,4.655262082815170288e-02,4.677356779575347900e-02,4.620865359902381897e-02,4.659167304635047913e-02,4.666925594210624695e-02,4.631878808140754700e-02,4.636307805776596069e-02
4.873402708464501243e-02,5.267932920105522498e-06,4.653706029057502747e-02,4.698584228754043579e-02,4.675411805510520935e-02,4.699459299445152283e-02,4.623453691601753235e-02,4.620431363582611084e-02,4.608579725027084351e-02,4.663832113146781921e-02,4.666132479906082153e-02,4.694547876715660095e-02,4.623343050479888916e-02,4.629453644156455994e-02,4.658528417348861694e-02,4.672046750783920288e-02,4.636221751570701599e-02
4.889820323051492779e-02,5.247870831226464361e-06,4.643329977989196777e-02,4.722127318382263184e-02,4.612670838832855225e-02,4.659772664308547974e-02,4.673718661069869995e-02,4.693263396620750427e-02,4.638237133622169495e-02,4.600900039076805115e-02,4.631623998284339905e-02,4.651862755417823792e-02,4.667539149522781372e-02,4.589090123772621155e-02,4.609760642051696777e-02,4.625608399510383606e-02,4.583810642361640930e-02
4.906237937638485008e-02,5.245093234407249838e-06,4.669063538312911987e-02,4.652799665927886963e-02,4.638037085533142090e-02,4.707607999444007874e-02,4.625437408685684204e-02,4.650918394327163696e-02,4.606212303042411804e-02,4.634749144315719604e-02,4.616457968950271606e-02,4.620219767093658447e-02,4.648824036121368408e-02,4.612167552113533020e-02,4.595990106463432312e-02,4.638505727052688599e-02,4.602133855223655701e-02
4.922655552225477238e-02,5.228951067692833021e-06,4.677296057343482971e-02,4.631623253226280212e-02,4.612267762422561646e-02,4.631532356142997742e-02,4.620968550443649292e-02,4.592208936810493469e-02,4.667100310325622559e-02,4.645726457238197327e-02,4.642405360937118530e-02,4.574718698859214783e-02,4.616968706250190735e-02,4.577178508043289185e-02,4.623951390385627747e-02,4.605709761381149292e-02,4.616942256689071655e-02
4.939073166812468774e-02,5.227024757914477959e-06,4.646787419915199280e-02,4.657995328307151794e-02,4.613770171999931335e-02,4.609074816107749939e-02,4.610520228743553162e-02,4.594944417476654053e-02,4.625388234853744507e-02,4.603977128863334656e-02,4.605324193835258484e-02,4.621350392699241638e-02,4.646879434585571289e-02,4.616166278719902039e-02,4.612772166728973389e-02,4.628494009375572205e-02,4.579099640250205994e-02
4.955490781399461003e-02,5.220015736995264888e-06,4.692515730857849121e-02,4.603416100144386292e-02,4.628172516822814941e-02,4.600612074136734009e-02,4.635329917073249817e-02,4.627214372158050537e-02,4.559173434972763062e-02,4.603876546025276184e-02,4.604211077094078064e-02,4.623193293809890747e-02,4.588676989078521729e-02,4.615130275487899780e-02,4.598798230290412903e-02,4.643002152442932129e-02,4.570740833878517151e-02
4.971908395986453233e-02,5.226971552474424243e-06,4.629094153642654419e-02,4.664561897516250610e-02,4.613207280635833740e-02,4.623096063733100891e-02,4.646790027618408203e-02,4.618080705404281616e-02,4.627485573291778564e-02,4.609588533639907837e-02,4.630926996469497681e-02,4.632402583956718445e-02,4.611840099096298218e-02,4.615724086761474609e-02,4.563588276505470276e-02,4.570201039314270020e-02,4.598120599985122681e-02
4.988326010573444769e-02,5.203060027270112187e-06,4.608683660626411438e-02,4.647233709692955017e-02,4.601254314184188843e-02,4.607914015650749207e-02,4.625906050205230713e-02,4.545006528496742249e-02,4.573826864361763000e-02,4.581274092197418213e-02,4.598664864897727966e-02,4.589699581265449524e-02,4.599868506193161011e-02,4.611518979072570801e-02,4.583606123924255371e-02,4.587554559111595154e-02,4.627310857176780701e-02
5.004743625160436304e-02,5.199849965720204636e-06,4.593765363097190857e-02,4.584883525967597961e-02,4.612401872873306274e-02,4.614345356822013855e-02,4.601521044969558716e-02,4.601486027240753174e-02,4.576484486460685730e-02,4.572209715843200684e-02,4.569994285702705383e-02,4.617046192288398743e-02,4.587955400347709656e-02,4.670115560293197632e-02,4.588915407657623291e-02,4.593988507986068726e-02,4.559897258877754211e-02
5.021161239747429228e-02,5.184495876164874062e-06,4.562062025070190430e-02,4.590014368295669556e-02,4.598267748951911926e-02,4.610962048172950745e-02,4.642643034458160400e-02,4.584967344999313354e-02,4.589284956455230713e-02,4.613848030567169189e-02,4.566919058561325073e-02,4.567974805831909180e-02,4.579705372452735901e-02,4.589109867811203003e-02,4.567575827240943909e-02,4.555319994688034058e-02,4.525439441204071045e-02
5.037578854334420764e-02,5.166903520148480311e-06,4.578038677573204041e-02,4.555974900722503662e-02,4.591530188918113708e-02,4.568586871027946472e-02,4.607776924967765808e-02,4.553949460387229919e-02,4.615421593189239502e-02,4.553201794624328613e-02,4.543694108724594116e-02,4.558945447206497192e-02,4.543405771255493164e-02,4.599002748727798462e-02,4.518106579780578613e-02,4.579962790012359619e-02,4.497483000159263611e-02
5.053996468921412299e-02,5.157560281077167019e-06,4.623262956738471985e-02,4.577925056219100952e-02,4.600120335817337036e-02,4.566335678100585938e-02,4.498677328228950500e-02,4.510296508669853210e-02,4.579667001962661743e-02,4.559197276830673218e-02,4.525327682495117188e-02,4.597769677639007568e-02,4.594738036394119263e-02,4.522465914487838745e-02,4.529212787747383118e-02,4.547837376594543457e-02,4.537115991115570068e-02
5.070414083508404529e-02,5.160446107765892521e-06,4.557374492287635803e-02,4.590570926666259766e-02,4.564615339040756226e-02,4.572236537933349609e-02,4.543356597423553467e-02,4.598988592624664307e-02,4.584690555930137634e-02,4.550126194953918457e-02,4.558497294783592224e-02,4.554736986756324768e-02,4.532674700021743774e-02,4.539104923605918884e-02,4.535194858908653259e-02,4.548009485006332397e-02,4.579905420541763306e-02
5.086831698095396759e-02,5.138146207173122093e-06,4.523162171244621277e-02,4.547549784183502197e-02,4.566111043095588684e-02,4.631505534052848816e-02,4.536148905754089355e-02,4.571684449911117554e-02,4.519077390432357788e-02,4.548745229840278625e-02,4.559089615941047668e-02,4.531725496053695679e-02,4.559309408068656921e-02,4.522995650768280029e-02,4.484454914927482605e-02,4.502018541097640991e-02,4.505873844027519226e-02
5.103249312682388295e-02,5.128151769895339385e-06,4.576577991247177124e-02,4.547244310379028320e-02,4.562041535973548889e-02,4.510502889752388000e-02,4.528938606381416321e-02,4.531294479966163635e-02,4.549610242247581482e-02,4.535694420337677002e-02,4.497123137116432190e-02,4.521961137652397156e-02,4.506631940603256226e-02,4.490562155842781067e-02,4.558113589882850647e-02,4.546800255775451660e-02,4.503444954752922058e-02
5.119666927269380524e-02,5.125830284669063985e-06,4.604521021246910095e-02,4.583332687616348267e-02,4.509150981903076172e-02,4.546244442462921143e-02,4.549457877874374390e-02,4.506715014576911926e-02,4.522446542978286743e-02,4.573955386877059937e-02,4.504685476422309875e-02,4.533369839191436768e-02,4.530663415789604187e-02,4.488572478294372559e-02,4.498068988323211670e-02,4.518061876296997070e-02,4.495160281658172607e-02
5.136084541856372754e-02,5.119616616866551340e-06,4.580322653055191040e-02,4.561479762196540833e-02,4.528565332293510437e-02,4.530468583106994629e-02,4.524190351366996765e-02,4.558430984616279602e-02,4.544472321867942810e-02,4.494291916489601135e-02,4.524865001440048218e-02,4.547832533717155457e-02,4.527528584003448486e-02,4.476451128721237183e-02,4.515973478555679321e-02,4.486194252967834473e-02,4.491037875413894653e-02
5.152502156443364290e-02,5.113059160066768527e-06,4.523187503218650818e-02,4.597989097237586975e-02,4.498762264847755432e-02,4.580081999301910400e-02,4.519955813884735107e-02,4.536252841353416443e-02,4.536928981542587280e-02,4.535662382841110229e-02,4.496200755238533020e-02,4.523526132106781006e-02,4.507393389940261841e-02,4.504830017685890198e-02,4.443522170186042786e-02,4.484396427869796753e-02,4.538002610206604004e-02
5.168919771030355825e-02,5.094814696349203587e-06,4.532359167933464050e-02,4.550021886825561523e-02,4.526393860578536987e-02,4.512796923518180847e-02,4.509292915463447571e-02,4.550652205944061279e-02,4.519743099808692932e-02,4.454926028847694397e-02,4.497843608260154724e-02,4.460745677351951599e-02,4.505325853824615479e-02,4.498128965497016907e-02,4.471090435981750488e-02,4.501592367887496948e-02,4.451005905866622925e-02
5.185337385617348055e-02,5.082489224150776863e-06,4.527227208018302917e-02,4.537361860275268555e-02,4.520913586020469666e-02,4.531166329979896545e-02,4.493977874517440796e-02,4.472574219107627869e-02,4.500780999660491943e-02,4.483373463153839111e-02,4.474254697561264038e-02,4.522769898176193237e-02,4.484865814447402954e-02,4.495691508054733276e-02,4.482313990592956543e-02,4.472132772207260132e-02,4.452720284461975098e-02
5.201755000204340285e-02,5.073326519777765498e-06,4.495831206440925598e-02,4.502702876925468445e-02,4.485782235860824585e-02,4.503160715103149414e-02,4.486136138439178467e-02,4.490860924124717712e-02,4.464371502399444580e-02,4.484442248940467834e-02,4.518455639481544495e-02,4.439191520214080811e-02,4.513790830969810486e-02,4.459341615438461304e-02,4.503356292843818665e-02,4.441337287425994873e-02,4.458085075020790100e-02
5.218172614791331820e-02,5.068855443823849782e-06,4.513394460082054138e-02,4.489883407950401306e-02,4.521762579679489136e-02,4.506404697895050049e-02,4.495976865291595459e-02,4.440204054117202759e-02,4.530436173081398010e-02,4.465161636471748352e-02,4.473172128200531006e-02,4.473349079489707947e-02,4.422953724861145020e-02,4.460828378796577454e-02,4.468192532658576965e-02,4.491582885384559631e-02,4.470971971750259399e-02
5.234590229378324050e-02,5.061146566731622443e-06,4.506716132164001465e-02,4.484146460890769958e-02,4.488719627261161804e-02,4.539589583873748779e-02,4.495796933770179749e-02,4.464906454086303711e-02,4.470648989081382751e-02,4.472774639725685120e-02,4.439604654908180237e-02,4.486493766307830811e-02,4.411052167415618896e-02,4.519985243678092957e-02,4.468787088990211487e-02,4.459698870778083801e-02,4.417060315608978271e-02
5.251007843965316280e-02,5.030886313761584461e-06,4.467511177062988281e-02,4.430077597498893738e-02,4.528377205133438110e-02,4.428796097636222839e-02,4.499653726816177368e-02,4.421264678239822388e-02,4.467169567942619324e-02,4.456815868616104126e-02,4.446167126297950745e-02,4.423830285668373108e-02,4.417960345745086670e-02,4.463548585772514343e-02,4.409683868288993835e-02,4.402948170900344849e-02,4.404072090983390808e-02
5.267425458552307815e-02,5.031206001149257645e-06,4.494171217083930969e-02,4.476270079612731934e-02,4.473292082548141479e-02,4.442065581679344177e-02,4.450757056474685669e-02,4.453666508197784424e-02,4.448569938540458679e-02,4.485403373837471008e-02,4.410538449883460999e-02,4.465682059526443481e-02,4.431632906198501587e-02,4.419082030653953552e-02,4.415225610136985779e-02,4.428470879793167114e-02,4.432231560349464417e-02
5.283843073139299351e-02,5.024713118473300710e-06,4.422830790281295776e-02,4.460437223315238953e-02,4.442976415157318115e-02,4.465172812342643738e-02,4.470616951584815979e-02,4.464340209960937500e-02,4.427111148834228516e-02,4.452916979789733887e-02,4.447058960795402527e-02,4.419973865151405334e-02,4.442739859223365784e-02,4.467567428946495056e-02,4.416153579950332642e-02,4.396908357739448547e-02,4.470192268490791321e-02
5.300260687726292275e-02,5.016602244722889736e-06,4.447473958134651184e-02,4.444788023829460144e-02,4.418398067355155945e-02,4.458786547183990479e-02,4.453486576676368713e-02,4.486773535609245300e-02,4.449504241347312927e-02,4.447869956493377686e-02,4.432275518774986267e-02,4.433132335543632507e-02,4.398736357688903809e-02,4.395299777388572693e-02,4.421371966600418091e-02,4.432994127273559570e-02,4.406291991472244263e-02
5.316678302313283810e-02,5.006137598684290424e-06,4.431991651654243469e-02,4.472734779119491577e-02,4.435531049966812134e-02,4.450719058513641357e-02,4.431623220443725586e-02,4.464103654026985168e-02,4.465896636247634888e-02,4.415965452790260315e-02,4.444599896669387817e-02,4.443132132291793823e-02,4.425526782870292664e-02,4.367294535040855408e-02,4.388209432363510132e-02,4.387411475181579590e-02,4.381902888417243958e-02
5.333095916900275346e-02,4.981995971320429817e-06,4.433040693402290344e-02,4.414182528853416443e-02,4.413985460996627808e-02,4.419942200183868408e-02,4.423740506172180176e-02,4.428241401910781860e-02,4.463156312704086304e-02,4.418323561549186707e-02,4.372509941458702087e-02,4.372450709342956543e-02,4.388291016221046448e-02,4.396845400333404541e-02,4.361893981695175171e-02,4.394692555069923401e-02,4.378695040941238403e-02
5.349513531487267576e-02,4.985955911251949146e-06,4.488282278180122375e-02,4.454396292567253113e-02,4.444732517004013062e-02,4.399600997567176819e-02,4.434002563357353210e-02,4.422129318118095398e-02,4.431898891925811768e-02,4.356030747294425964e-02,4.387230798602104187e-02,4.420926049351692200e-02,4.358648136258125305e-02,4.391507804393768311e-02,4.417976364493370056e-02,4.377667978405952454e-02,4.362085089087486267e-02
5.365931146074259805e-02,4.966818323737243190e-06,4.389332234859466553e-02,4.458745196461677551e-02,4.439572989940643311e-02,4.447238147258758545e-02,4.354923963546752930e-02,4.372030869126319885e-02,4.441636055707931519e-02,4.361741989850997925e-02,4.417070746421813965e-02,4.417519271373748779e-02,4.373142495751380920e-02,4.367001354694366455e-02,4.368111863732337952e-02,4.369994252920150757e-02,4.346228390932083130e-02
5.382348760661251341e-02,4.955356416758149862e-06,4.436498507857322693e-02,4.414433240890502930e-02,4.418979585170745850e-02,4.403143376111984253e-02,4.393469914793968201e-02,4.417174682021141052e-02,4.378429055213928223e-02,4.382706061005592346e-02,4.414238035678863525e-02,4.367390275001525879e-02,4.329641908407211304e-02,4.383057355880737305e-02,4.360433667898178101e-02,4.343402013182640076e-02,4.309898614883422852e-02
5.398766375248243571e-02,4.953469215251971036e-06,4.418577253818511963e-02,4.433585703372955322e-02,4.398270696401596069e-02,4.396278038620948792e-02,4.472088813781738281e-02,4.388952627778053284e-02,4.355199262499809265e-02,4.345551878213882446e-02,4.329881444573402405e-02,4.374204948544502258e-02,4.351985454559326172e-02,4.336747527122497559e-02,4.376264289021492004e-02,4.301967099308967590e-02,4.358552768826484680e-02
5.415183989835235800e-02,4.946217813994735479e-06,4.372540488839149475e-02,4.405459389090538025e-02,4.388188570737838745e-02,4.380620270967483521e-02,4.420338571071624756e-02,4.357855394482612610e-02,4.389278963208198547e-02,4.395576566457748413e-02,4.382358491420745850e-02,4.377444088459014893e-02,4.355671256780624390e-02,4.382182657718658447e-02,4.315133020281791687e-02,4.347184300422668457e-02,4.344804212450981140e-02
5.431601604422227336e-02,4.929762781102908775e-06,4.434101283550262451e-02,4.425660520792007446e-02,4.370291531085968018e-02,4.398380964994430542e-02,4.348406940698623657e-02,4.365887120366096497e-02,4.344534128904342651e-02,4.363365471363067627e-02,4.412666708230972290e-02,4.313010349869728088e-02,4.347972944378852844e-02,4.337971657514572144e-02,4.319318756461143494e-02,4.313104599714279175e-02,4.290822148323059082e-02
5.448019219009218872e-02,4.916806574328802526e-06,4.379631578922271729e-02,4.395769163966178894e-02,4.379934817552566528e-02,4.420951753854751587e-02,4.331116005778312683e-02,4.364034906029701233e-02,4.355708882212638855e-02,4.363393038511276245e-02,4.300681874155998230e-02,4.291218146681785583e-02,4.313909262418746948e-02,4.344051703810691833e-02,4.304974898695945740e-02,4.322335869073867798e-02,4.292169213294982910e-02
5.464436833596211796e-02,4.906044068775372580e-06,4.430203884840011597e-02,4.392725229263305664e-02,4.343927279114723206e-02,4.323015734553337097e-02,4.340270161628723145e-02,4.323015362024307251e-02,4.388125985860824585e-02,4.351358860731124878e-02,4.354464635252952576e-02,4.308699816465377808e-02,4.291342198848724365e-02,4.322608932852745056e-02,4.319913312792778015e-02,4.300255328416824341e-02,4.309745877981185913e-02
5.480854448183203331e-02,4.903846729575889185e-06,4.337451979517936707e-02,4.370867088437080383e-02,4.408694803714752197e-02,4.312222450971603394e-02,4.372493177652359009e-02,4.339635744690895081e-02,4.350452125072479248e-02,4.329964146018028259e-02,4.336951300501823425e-02,4.353002831339836121e-02,4.327953606843948364e-02,4.268638417124748230e-02,4.299578070640563965e-02,4.337636008858680725e-02,4.295324906706809998e-02
5.497272062770194867e-02,4.879338121099863201e-06,4.383115097880363464e-02,4.347699880599975586e-02,4.348099604249000549e-02,4.353035241365432739e-02,4.336436465382575989e-02,4.290066286921501160e-02,4.291563853621482849e-02,4.298438876867294312e-02,4.276617988944053650e-02,4.307608306407928467e-02,4.291372746229171753e-02,4.342658817768096924e-02,4.275897890329360962e-02,4.276246577501296997e-02,4.270906373858451843e-02
5.513689677357187097e-02,4.885330781689845026e-06,4.348661378026008606e-02,4.362878948450088501e-02,4.357498511672019958e-02,4.323251545429229736e-02,4.357296228408813477e-02,4.280055314302444458e-02,4.334139823913574219e-02,4.318937659263610840e-02,4.321034252643585205e-02,4.351742938160896301e-02,4.322602972388267517e-02,4.273245483636856079e-02,4.268703609704971313e-02,4.276645556092262268e-02,4.257851094007492065e-02
5.530107291944179326e-02,4.860598892264533788e-06,4.324248805642127991e-02,4.314688593149185181e-02,4.335322231054306030e-02,4.366128146648406982e-02,4.283335804939270020e-02,4.331827908754348755e-02,4.293736442923545837e-02,4.308770969510078430e-02,4.272438585758209229e-02,4.312402009963989258e-02,4.294545203447341919e-02,4.219160228967666626e-02,4.247060418128967285e-02,4.297961294651031494e-02,4.230550676584243774e-02
5.546524906531170862e-02,4.862861715082544833e-06,4.337039217352867126e-02,4.325777292251586914e-02,4.327298328280448914e-02,4.361768439412117004e-02,4.315331950783729553e-02,4.301268979907035828e-02,4.286582395434379578e-02,4.325548931956291199e-02,4.280025139451026917e-02,4.273088276386260986e-02,4.266922920942306519e-02,4.239697754383087158e-02,4.287826642394065857e-02,4.266215115785598755e-02,4.265473783016204834e-02
5.562942521118163092e-02,4.841794634558027610e-06,4.301305860280990601e-02,4.301296547055244446e-02,4.282960668206214905e-02,4.294039681553840637e-02,4.310527443885803223e-02,4.246055707335472107e-02,4.292438924312591553e-02,4.310514032840728760e-02,4.293130710721015930e-02,4.325934126973152161e-02,4.265644028782844543e-02,4.252539575099945068e-02,4.257220402359962463e-02,4.294444248080253601e-02,4.222922772169113159e-02
5.579360135705155321e-02,4.830624220630852506e-06,4.321359843015670776e-02,4.316836223006248474e-02,4.278689995408058167e-02,4.316492751240730286e-02,4.267067462205886841e-02,4.294372349977493286e-02,4.238646849989891052e-02,4.237839207053184509e-02,4.293421655893325806e-02,4.249130561947822571e-02,4.318946972489356995e-02,4.255125671625137329e-02,4.235329106450080872e-02,4.210765659809112549e-02,4.250000044703483582e-02
5.595777750292146857e-02,4.824781171919312328e-06,4.349100962281227112e-02,4.266943782567977905e-02,4.286097362637519836e-02,4.241916537284851074e-02,4.256099835038185120e-02,4.299928247928619385e-02,4.299850761890411377e-02,4.294852912425994873e-02,4.277383163571357727e-02,4.229851812124252319e-02,4.288692399859428406e-02,4.203556478023529053e-02,4.291470348834991455e-02,4.188233986496925354e-02,4.222863540053367615e-02
5.612195364879138393e-02,4.818252818949986249e-06,4.330211877822875977e-02,4.307582229375839233e-02,4.301994666457176208e-02,4.259990155696868896e-02,4.254210367798805237e-02,4.271752014756202698e-02,4.283085465431213379e-02,4.230385646224021912e-02,4.288623481988906860e-02,4.249984771013259888e-02,4.262345656752586365e-02,4.208024218678474426e-02,4.236910492181777954e-02,4.259197413921356201e-02,4.203627631068229675e-02
5.628612979466131316e-02,4.819181413040496409e-06,4.329267516732215881e-02,4.339496046304702759e-02,4.295430704951286316e-02,4.298210889101028442e-02,4.237049818038940430e-02,4.288163408637046814e-02,4.247038438916206360e-02,4.262753203511238098e-02,4.259635135531425476e-02,4.260200634598731995e-02,4.215421900153160095e-02,4.219947382807731628e-02,4.216497763991355896e-02,4.217429459095001221e-02,4.225220903754234314e-02
5.645030594053122852e-02,4.782452833751449361e-06,4.283978417515754700e-02,4.260366782546043396e-02,4.244503006339073181e-02,4.259335622191429138e-02,4.206899553537368774e-02,4.248364269733428955e-02,4.251584038138389587e-02,4.185890033841133118e-02,4.235616326332092285e-02,4.221536964178085327e-02,4.249761253595352173e-02,4.232059419155120850e-02,4.168533906340599060e-02,4.194098338484764099e-02,4.159619286656379700e-02
5.661448208640114388e-02,4.777864432981004938e-06,4.287181422114372253e-02,4.261400178074836731e-02,4.247291758656501770e-02,4.243490844964981079e-02,4.212658852338790894e-02,4.187034070491790771e-02,4.210284352302551270e-02,4.256442189216613770e-02,4.229088127613067627e-02,4.213715717196464539e-02,4.214790090918540955e-02,4.203879460692405701e-02,4.211829975247383118e-02,4.165192693471908569e-02,4.202353581786155701e-02
5.677865823227106618e-02,4.768291546497493982e-06,4.254903271794319153e-02,4.203262180089950562e-02,4.236331582069396973e-02,4.247358813881874084e-02,4.268249496817588806e-02,4.186564311385154724e-02,4.202841222286224365e-02,4.228965193033218384e-02,4.262471944093704224e-02,4.177471250295639038e-02,4.187496006488800049e-02,4.185538366436958313e-02,4.187816381454467773e-02,4.231697693467140198e-02,4.158626869320869446e-02
5.694283437814098847e-02,4.746575541503261775e-06,4.239528253674507141e-02,4.258210211992263794e-02,4.233041033148765564e-02,4.198621958494186401e-02,4.204535484313964844e-02,4.257735610008239746e-02,4.182206466794013977e-02,4.176395758986473083e-02,4.190992936491966248e-02,4.158441722393035889e-02,4.154933989048004150e-02,4.113786295056343079e-02,4.199149459600448608e-02,4.189183935523033142e-02,4.161170870065689087e-02
5.710701052401090383e-02,4.753281700686784461e-06,4.250132665038108826e-02,4.272346198558807373e-02,4.262362793087959290e-02,4.213074222207069397e-02,4.210338369011878967e-02,4.169555380940437317e-02,4.153244942426681519e-02,4.227432236075401306e-02,4.181062430143356323e-02,4.169688746333122253e-02,4.186427965760231018e-02,4.227814450860023499e-02,4.190429672598838806e-02,4.181951656937599182e-02,4.172104969620704651e-02
5.727118666988082613e-02,4.738033112516859546e-06,4.305256903171539307e-02,4.204327613115310669e-02,4.233478382229804993e-02,4.203050211071968079e-02,4.206518083810806274e-02,4.213402420282363892e-02,4.219298809766769409e-02,4.151149466633796692e-02,4.206662625074386597e-02,4.153330624103546143e-02,4.156795516610145569e-02,4.162892699241638184e-02,4.147252067923545837e-02,4.144405201077461243e-02,4.144844040274620056e-02
5.743536281575074842e-02,4.726188763015670702e-06,4.286900162696838379e-02,4.180447757244110107e-02,4.205137118697166443e-02,4.223122447729110718e-02,4.191938787698745728e-02,4.182438552379608154e-02,4.184455052018165588e-02,4.155687242746353149e-02,4.194764420390129089e-02,4.149207845330238342e-02,4.159282892942428589e-02,4.129243642091751099e-02,4.177004843950271606e-02,4.131457209587097168e-02,4.130237922072410583e-02
5.759953896162066378e-02,4.719833214039681479e-06,4.215069860219955444e-02,4.212408885359764099e-02,4.206015542149543762e-02,4.178700223565101624e-02,4.217519238591194153e-02,4.171558469533920288e-02,4.198900237679481506e-02,4.180045053362846375e-02,4.143906384706497192e-02,4.152665287256240845e-02,4.200677201151847839e-02,4.152893275022506714e-02,4.056465253233909607e-02,4.174291342496871948e-02,4.102319106459617615e-02
5.776371510749057914e-02,4.698371412814594805e-06,4.193512350320816040e-02,4.215070232748985291e-02,4.224065691232681274e-02,4.132255911827087402e-02,4.170837998390197754e-02,4.181608930230140686e-02,4.180891439318656921e-02,4.119211435317993164e-02,4.147925227880477905e-02,4.143172502517700195e-02,4.140340909361839294e-02,4.163432493805885315e-02,4.142304137349128723e-02,4.106105118989944458e-02,4.089339450001716614e-02
5.792789125336050837e-02,4.693933988164644688e-06,4.225521907210350037e-02,4.130084440112113953e-02,4.197705909609794617e-02,4.185058176517486572e-02,4.181879386305809021e-02,4.182923585176467896e-02,4.129406437277793884e-02,4.152755439281463623e-02,4.125557839870452881e-02,4.160809516906738281e-02,4.176686704158782959e-02,4.082882404327392578e-02,4.095781221985816956e-02,4.125396534800529480e-02,4.068917408585548401e-02
5.809206739923042373e-02,4.684886789618758485e-06,4.188989475369453430e-02,4.181976243853569031e-02,4.197540879249572754e-02,4.190399125218391418e-02,4.166145622730255127e-02,4.159032180905342102e-02,4.167697578668594360e-02,4.148063436150550842e-02,4.111843556165695190e-02,4.145014286041259766e-02,4.110817611217498779e-02,4.090302065014839172e-02,4.097592458128929138e-02,4.128578305244445801e-02,4.078548029065132141e-02
5.825624354510033909e-02,4.661632374336477369e-06,4.146619141101837158e-02,4.200201854109764099e-02,4.174438491463661194e-02,4.151828587055206299e-02,4.105148836970329285e-02,4.118170589208602905e-02,4.148662090301513672e-02,4.105076193809509277e-02,4.137883707880973816e-02,4.083684831857681274e-02,4.112184047698974609e-02,4.047410935163497925e-02,4.078734293580055237e-02,4.094804450869560242e-02,4.103740304708480835e-02
5.842041969097026138e-02,4.663283561967546120e-06,4.167608171701431274e-02,4.129640012979507446e-02,4.167416319251060486e-02,4.165182262659072876e-02,4.098203033208847046e-02,4.155210033059120178e-02,4.130585864186286926e-02,4.097507148981094360e-02,4.142130166292190552e-02,4.080276191234588623e-02,4.130663350224494934e-02,4.100387915968894958e-02,4.096872359514236450e-02,4.101933166384696960e-02,4.102768376469612122e-02
5.858459583684018368e-02,4.650019036489538848e-06,4.193003103137016296e-02,4.104007408022880554e-02,4.172319918870925903e-02,4.124426841735839844e-02,4.100032150745391846e-02,4.137948155403137207e-02,4.104740545153617859e-02,4.122939333319664001e-02,4.111281037330627441e-02,4.085670039057731628e-02,4.059870541095733643e-02,4.154286906123161316e-02,4.067424312233924866e-02,4.076396673917770386e-02,4.055750742554664612e-02
5.874877198271009904e-02,4.628839178622001782e-06,4.111262410879135132e-02,4.119294136762619019e-02,4.130031913518905640e-02,4.127266630530357361e-02,4.096818342804908752e-02,4.096358269453048706e-02,4.114803671836853027e-02,4.130952805280685425e-02,4.106044024229049683e-02,4.092343524098396301e-02,4.060687124729156494e-02,4.049352183938026428e-02,4.091925919055938721e-02,4.028628394007682800e-02,4.068721830844879150e-02
5.891294812858002133e-02,4.622499545803293586e-06,4.153379052877426147e-02,4.127494618296623230e-02,4.157359525561332703e-02,4.133789986371994019e-02,4.101771861314773560e-02,4.129014164209365845e-02,4.106124117970466614e-02,4.088300094008445740e-02,4.100567474961280823e-02,4.043640196323394775e-02,4.049826785922050476e-02,4.076184704899787903e-02,4.030181095004081726e-02,4.035158827900886536e-02,4.041416198015213013e-02
5.907712427444994363e-02,4.622040250978898257e-06,4.180148616433143616e-02,4.128031060099601746e-02,4.134051874279975891e-02,4.087118059396743774e-02,4.144048318266868591e-02,4.136754199862480164e-02,4.105111211538314819e-02,4.084565117955207825e-02,4.058307409286499023e-02,4.085690900683403015e-02,4.074575752019882202e-02,4.058456420898437500e-02,4.039246216416358948e-02,4.038551077246665955e-02,3.994528949260711670e-02
5.924130042031985899e-02,4.607223218044964597e-06,4.132635518908500671e-02,4.120011627674102783e-02,4.119353368878364563e-02,4.094766080379486084e-02,4.052948951721191406e-02,4.043582454323768616e-02,4.077000543475151062e-02,4.089925065636634827e-02,4.077541828155517578e-02,4.061453044414520264e-02,4.066076129674911499e-02,4.081432521343231201e-02,4.054910689592361450e-02,4.045939445495605469e-02,3.993487358093261719e-02
5.940547656618977435e-02,4.593453013512771577e-06,4.110167548060417175e-02,4.083605110645294189e-02,4.096223413944244385e-02,4.056371375918388367e-02,4.071889072656631470e-02,4.068540781736373901e-02,4.069597274065017700e-02,4.056393355131149292e-02,4.071141406893730164e-02,4.051698371767997742e-02,4.054594039916992188e-02,4.015018045902252197e-02,4.025469347834587097e-02,4.041334986686706543e-02,4.031729325652122498e-02
5.956965271205970358e-02,4.589645868691150099e-06,4.106628149747848511e-02,4.123153164982795715e-02,4.110058024525642395e-02,4.099910706281661987e-02,4.063916578888893127e-02,4.072447493672370911e-02,4.037387669086456299e-02,4.063107073307037354e-02,4.070011526346206665e-02,4.064669087529182434e-02,4.013561457395553589e-02,3.980095684528350830e-02,4.065551608800888062e-02,3.996624052524566650e-02,3.975595906376838684e-02
5.973382885792961894e-02,4.571038516587577760e-06,4.063509404659271240e-02,4.105445370078086853e-02,4.115753993391990662e-02,4.057539999485015869e-02,4.064121469855308533e-02,4.042132198810577393e-02,4.056444019079208374e-02,3.989811241626739502e-02,4.073899611830711365e-02,4.015854746103286743e-02,4.009565338492393494e-02,3.984940052032470703e-02,4.017796367406845093e-02,4.007578641176223755e-02,3.993659093976020813e-02
5.989800500379953430e-02,4.554682163870893419e-06,4.074719548225402832e-02,4.045317322015762329e-02,4.075388610363006592e-02,4.056335985660552979e-02,4.042939841747283936e-02,4.060040041804313660e-02,4.001973196864128113e-02,4.047352075576782227e-02,4.030020907521247864e-02,4.008185490965843201e-02,4.015623033046722412e-02,4.003552719950675964e-02,3.962859138846397400e-02,3.982383385300636292e-02,4.008558765053749084e-02
6.006218114966945659e-02,4.545329829852562398e-06,4.085586965084075928e-02,4.020242393016815186e-02,4.022831097245216370e-02,4.095372930169105530e-02,4.062024503946304321e-02,3.977950662374496460e-02,4.000190645456314087e-02,4.042892530560493469e-02,3.983025997877120972e-02,3.998664021492004395e-02,4.017001390457153320e-02,4.025319963693618774e-02,3.968619182705879211e-02,4.010812193155288696e-02,3.987808153033256531e-02
6.022635729553937889e-02,4.520172296906821430e-06,4.031563550233840942e-02,4.053949192166328430e-02,4.032330214977264404e-02,3.999979794025421143e-02,4.040033742785453796e-02,4.036267101764678955e-02,3.975105658173561096e-02,4.006279259920120239e-02,3.982680663466453552e-02,4.005714878439903259e-02,3.972392529249191284e-02,3.961599245667457581e-02,3.929743170738220215e-02,3.962656483054161072e-02,3.947988152503967285e-02
6.039053344140929425e-02,4.530195838015060872e-06,4.033396765589714050e-02,4.096710309386253357e-02,4.013709723949432373e-02,4.038745537400245667e-02,4.015846177935600281e-02,4.020511731505393982e-02,4.027255624532699585e-02,3.991365060210227966e-02,3.994850069284439087e-02,3.979200497269630432e-02,3.991227969527244568e-02,3.959938511252403259e-02,3.958514705300331116e-02,3.977453708648681641e-02,3.938527032732963562e-02
6.055470958727921654e-02,4.518621153692947701e-06,4.036610946059226990e-02,4.035920649766921997e-02,4.047480598092079163e-02,4.038604348897933960e-02,4.015126824378967285e-02,3.982878848910331726e-02,4.031113907694816589e-02,3.954686596989631653e-02,4.022142663598060608e-02,3.959468379616737366e-02,3.961525484919548035e-02,3.958388417959213257e-02,3.927539661526679993e-02,3.954753279685974121e-02,3.963346406817436218e-02
6.071888573314913884e-02,4.483702014113077894e-06,4.028196260333061218e-02,3.985990956425666809e-02,4.011020436882972717e-02,3.970163688063621521e-02,3.957559540867805481e-02,3.994091227650642395e-02,4.013735428452491760e-02,4.015110060572624207e-02,3.957021608948707581e-02,3.904965892434120178e-02,3.958404064178466797e-02,3.959716483950614929e-02,3.929573297500610352e-02,3.904964029788970947e-02,3.876123949885368347e-02
6.088306187901905420e-02,4.498579073697328568e-06,4.031494632363319397e-02,4.027871787548065186e-02,4.008646681904792786e-02,3.997031599283218384e-02,4.010986536741256714e-02,4.007894173264503479e-02,3.982557728886604309e-02,4.006865993142127991e-02,3.934301435947418213e-02,3.980789333581924438e-02,3.932250291109085083e-02,3.938368335366249084e-02,3.899587690830230713e-02,3.946381807327270508e-02,3.919206187129020691e-02
6.104723802488896955e-02,4.491942036111140624e-06,3.985214233398437500e-02,4.034590348601341248e-02,3.963019326329231262e-02,4.016880318522453308e-02,4.010940715670585632e-02,3.999990597367286682e-02,3.982280939817428589e-02,3.985980153083801270e-02,3.941537812352180481e-02,3.973967954516410828e-02,3.958076983690261841e-02,3.952153772115707397e-02,3.940543159842491150e-02,3.904473781585693359e-02,3.933862969279289246e-02
6.121141417075889879e-02,4.471904958336381242e-06,3.972577676177024841e-02,4.009088128805160522e-02,4.016612842679023743e-02,3.971358388662338257e-02,3.986230865120887756e-02,4.005652666091918945e-02,3.964352607727050781e-02,4.000838100910186768e-02,3.948202729225158691e-02,3.917220979928970337e-02,3.929187729954719543e-02,3.894777595996856689e-02,3.886290639638900757e-02,3.904453292489051819e-02,3.921195492148399353e-02
6.137559031662881415e-02,4.456933311303146183e-06,4.025051742792129517e-02,4.029745608568191528e-02,4.041843488812446594e-02,3.984452784061431885e-02,3.925510495901107788e-02,3.912208229303359985e-02,3.950691595673561096e-02,3.949038311839103699e-02,3.947407007217407227e-02,3.934323415160179138e-02,3.954080119729042053e-02,3.878446295857429504e-02,3.891891613602638245e-02,3.875401243567466736e-02,3.838172182440757751e-02
