2.436353949327713705e-03,4.845732473768293858e-04,3.381373643875122070e+00,3.372077465057373047e+00,3.378302574157714844e+00,3.380488872528076172e+00,3.359867334365844727e+00,3.351922512054443359e+00,3.342128276824951172e+00,3.324433088302612305e+00,3.326331615447998047e+00,3.315440654754638672e+00,3.298392295837402344e+00,3.290398359298706055e+00,3.278636693954467773e+00,3.286497354507446289e+00,3.257423400878906250e+00
2.600530095197632965e-03,4.117180360481142998e-04,2.891794681549072266e+00,2.874889850616455078e+00,2.870221376419067383e+00,2.853868007659912109e+00,2.849245786666870117e+00,2.838688135147094727e+00,2.846604108810424805e+00,2.818908452987670898e+00,2.823606252670288086e+00,2.817300796508789062e+00,2.807685375213623047e+00,2.790894746780395508e+00,2.783039569854736328e+00,2.780374288558959961e+00,2.772812604904174805e+00
2.764706241067552660e-03,3.504920750856399536e-04,2.469574928283691406e+00,2.453159332275390625e+00,2.447002649307250977e+00,2.433816909790039062e+00,2.427084922790527344e+00,2.422129154205322266e+00,2.414502143859863281e+00,2.408515930175781250e+00,2.395153284072875977e+00,2.400863170623779297e+00,2.387197494506835938e+00,2.376346349716186523e+00,2.371337890625000000e+00,2.355055093765258789e+00,2.365005016326904297e+00
2.928882386937472354e-03,3.038008289877325296e-04,2.132826328277587891e+00,2.127708673477172852e+00,2.117745876312255859e+00,2.105916261672973633e+00,2.102509737014770508e+00,2.103631496429443359e+00,2.090811729431152344e+00,2.095391273498535156e+00,2.079074382781982422e+00,2.066299438476562500e+00,2.066878795623779297e+00,2.071354866027832031e+00,2.056213140487670898e+00,2.047758579254150391e+00,2.052006721496582031e+00
3.093058532807391615e-03,2.629866939969360828e-04,1.844013214111328125e+00,1.832439303398132324e+00,1.831269621849060059e+00,1.827364206314086914e+00,1.826657772064208984e+00,1.817787647247314453e+00,1.806043148040771484e+00,1.806445956230163574e+00,1.794865965843200684e+00,1.802616953849792480e+00,1.789277791976928711e+00,1.788799762725830078e+00,1.784467339515686035e+00,1.772452712059020996e+00,1.782831788063049316e+00
3.257234678677311309e-03,2.298452891409397125e-04,1.615086078643798828e+00,1.606278181076049805e+00,1.600608944892883301e+00,1.593047142028808594e+00,1.595722556114196777e+00,1.587558150291442871e+00,1.577084898948669434e+00,1.578172802925109863e+00,1.577798485755920410e+00,1.574645042419433594e+00,1.573852181434631348e+00,1.558399796485900879e+00,1.553423047065734863e+00,1.555504560470581055e+00,1.550625562667846680e+00
3.421410824547230570e-03,2.017191582126542926e-04,1.420126795768737793e+00,1.408142805099487305e+00,1.406536817550659180e+00,1.399945139884948730e+00,1.396512269973754883e+00,1.389251470565795898e+00,1.392994046211242676e+00,1.392553329467773438e+00,1.386410355567932129e+00,1.378659248352050781e+00,1.374085545539855957e+00,1.371442437171936035e+00,1.366820335388183594e+00,1.363846778869628906e+00,1.356698393821716309e+00
3.585586970417150264e-03,1.796870492398738861e-04,1.256552696228027344e+00,1.258405089378356934e+00,1.253176569938659668e+00,1.248548150062561035e+00,1.236089706420898438e+00,1.239555716514587402e+00,1.239624142646789551e+00,1.234694838523864746e+00,1.237119674682617188e+00,1.230295062065124512e+00,1.223591208457946777e+00,1.223497867584228516e+00,1.216801285743713379e+00,1.218557715415954590e+00,1.210137248039245605e+00
3.749763116287069525e-03,1.591694453964009881e-04,1.110063314437866211e+00,1.110216975212097168e+00,1.108987092971801758e+00,1.105952739715576172e+00,1.103348255157470703e+00,1.101353764533996582e+00,1.101743459701538086e+00,1.098213672637939453e+00,1.088651895523071289e+00,1.086169123649597168e+00,1.087304115295410156e+00,1.083957314491271973e+00,1.076493382453918457e+00,1.078549623489379883e+00,1.071190595626831055e+00
3.913939262156988785e-03,1.425106602255254984e-04,1.000993967056274414e+00,9.994506835937500000e-01,9.902237653732299805e-01,9.929454326629638672e-01,9.822044968605041504e-01,9.818199872970581055e-01,9.826389551162719727e-01,9.776346087455749512e-01,9.747756719589233398e-01,9.744536280632019043e-01,9.699291586875915527e-01,9.689508080482482910e-01,9.700174927711486816e-01,9.715431332588195801e-01,9.581912755966186523e-01
4.078115408026909347e-03,1.268822961719706655e-04,8.923708796501159668e-01,8.856744170188903809e-01,8.830968737602233887e-01,8.796559572219848633e-01,8.831770420074462891e-01,8.753878474235534668e-01,8.770222663879394531e-01,8.716111779212951660e-01,8.693068623542785645e-01,8.673003911972045898e-01,8.633689284324645996e-01,8.624054789543151855e-01,8.607916831970214844e-01,8.595581650733947754e-01,8.537665605545043945e-01
4.242291553896828174e-03,1.145248970715329051e-04,8.012452125549316406e-01,8.015195727348327637e-01,7.970203757286071777e-01,8.010441064834594727e-01,7.964686155319213867e-01,7.914710044860839844e-01,7.859042882919311523e-01,7.902145385742187500e-01,7.845472097396850586e-01,7.879070043563842773e-01,7.799357771873474121e-01,7.790145277976989746e-01,7.758641839027404785e-01,7.715904712677001953e-01,7.714647054672241211e-01
4.406467699766747001e-03,1.039361304719932377e-04,7.309500575065612793e-01,7.313873171806335449e-01,7.261577844619750977e-01,7.243516445159912109e-01,7.200311422348022461e-01,7.164322733879089355e-01,7.156397700309753418e-01,7.168678045272827148e-01,7.104951739311218262e-01,7.119603753089904785e-01,7.064408063888549805e-01,7.063191533088684082e-01,7.063699960708618164e-01,7.018822431564331055e-01,6.998763084411621094e-01
4.570643845636667563e-03,9.368760220240801573e-05,6.580975651741027832e-01,6.564952135086059570e-01,6.548127532005310059e-01,6.526064276695251465e-01,6.499317288398742676e-01,6.481888294219970703e-01,6.474997401237487793e-01,6.430529952049255371e-01,6.452906131744384766e-01,6.389148831367492676e-01,6.361642479896545410e-01,6.355425119400024414e-01,6.334809064865112305e-01,6.331261396408081055e-01,6.317250728607177734e-01
4.734819991506586390e-03,8.602346497355028987e-05,6.008889675140380859e-01,6.021084785461425781e-01,5.965948104858398438e-01,5.989933609962463379e-01,5.953946113586425781e-01,5.934523344039916992e-01,5.951271653175354004e-01,5.906071066856384277e-01,5.875867605209350586e-01,5.904197096824645996e-01,5.888914465904235840e-01,5.832601785659790039e-01,5.858697295188903809e-01,5.839940905570983887e-01,5.816220641136169434e-01
4.898996137376506084e-03,7.830646791262552142e-05,5.508325695991516113e-01,5.488771200180053711e-01,5.476336479187011719e-01,5.458268523216247559e-01,5.406940579414367676e-01,5.393064022064208984e-01,5.410606265068054199e-01,5.446470975875854492e-01,5.342323780059814453e-01,5.326095223426818848e-01,5.324083566665649414e-01,5.273855328559875488e-01,5.299429893493652344e-01,5.310567021369934082e-01,5.307011604309082031e-01
5.063172283246425778e-03,7.187543815234676003e-05,5.038551092147827148e-01,5.057690143585205078e-01,5.009918808937072754e-01,4.997792541980743408e-01,4.965302944183349609e-01,4.966119229793548584e-01,4.948848485946655273e-01,4.939839541912078857e-01,4.911722540855407715e-01,4.917924404144287109e-01,4.889841675758361816e-01,4.908113479614257812e-01,4.879776835441589355e-01,4.885282814502716064e-01,4.831876754760742188e-01
5.227348429116344605e-03,6.629750714637339115e-05,4.636013209819793701e-01,4.626596868038177490e-01,4.633394479751586914e-01,4.623499810695648193e-01,4.584101736545562744e-01,4.602686464786529541e-01,4.562809765338897705e-01,4.559104442596435547e-01,4.561555385589599609e-01,4.545029103755950928e-01,4.534738659858703613e-01,4.490536749362945557e-01,4.486621320247650146e-01,4.486441016197204590e-01,4.503293037414550781e-01
5.391524574986265167e-03,6.042393943062052131e-05,4.238114356994628906e-01,4.214746057987213135e-01,4.214519262313842773e-01,4.202337265014648438e-01,4.175144135951995850e-01,4.193215370178222656e-01,4.147922694683074951e-01,4.144666790962219238e-01,4.127139747142791748e-01,4.152521193027496338e-01,4.120360016822814941e-01,4.111577868461608887e-01,4.122464954853057861e-01,4.098999798297882080e-01,4.074152112007141113e-01
5.555700720856183994e-03,5.604768375633284450e-05,3.927964568138122559e-01,3.902117013931274414e-01,3.890925943851470947e-01,3.903397321701049805e-01,3.879470527172088623e-01,3.854943215847015381e-01,3.858654499053955078e-01,3.844161927700042725e-01,3.873328268527984619e-01,3.845824003219604492e-01,3.830171227455139160e-01,3.809178173542022705e-01,3.836784064769744873e-01,3.799951672554016113e-01,3.779888451099395752e-01
5.719876866726103688e-03,5.136175241204909980e-05,3.569356501102447510e-01,3.583541810512542725e-01,3.572182357311248779e-01,3.556884229183197021e-01,3.565299510955810547e-01,3.557719588279724121e-01,3.554140925407409668e-01,3.530743420124053955e-01,3.517452776432037354e-01,3.512678444385528564e-01,3.508108556270599365e-01,3.503498435020446777e-01,3.499424159526824951e-01,3.476284146308898926e-01,3.488623201847076416e-01
5.884053012596023383e-03,4.751476808451116085e-05,3.289811313152313232e-01,3.329589068889617920e-01,3.276234567165374756e-01,3.331874608993530273e-01,3.289628326892852783e-01,3.281158208847045898e-01,3.287543058395385742e-01,3.280203342437744141e-01,3.244999051094055176e-01,3.272962570190429688e-01,3.245375752449035645e-01,3.251252174377441406e-01,3.243468999862670898e-01,3.205977678298950195e-01,3.208414614200592041e-01
6.048229158465942210e-03,4.449474363354966044e-05,3.098246455192565918e-01,3.097990751266479492e-01,3.090523183345794678e-01,3.084378838539123535e-01,3.090976476669311523e-01,3.069554269313812256e-01,3.065631389617919922e-01,3.070595860481262207e-01,3.053076267242431641e-01,3.041531145572662354e-01,3.047391474246978760e-01,3.029164969921112061e-01,3.047916591167449951e-01,3.004230856895446777e-01,3.014281094074249268e-01
6.212405304335862771e-03,4.123369944863952696e-05,2.861842811107635498e-01,2.849302291870117188e-01,2.855922877788543701e-01,2.839967608451843262e-01,2.842337191104888916e-01,2.854026257991790771e-01,2.859628796577453613e-01,2.841756939888000488e-01,2.845540940761566162e-01,2.830512225627899170e-01,2.801773250102996826e-01,2.822271585464477539e-01,2.819107770919799805e-01,2.799906730651855469e-01,2.813259363174438477e-01
6.376581450205781598e-03,3.839611963485367596e-05,2.683314085006713867e-01,2.670566737651824951e-01,2.663869559764862061e-01,2.648749053478240967e-01,2.669841647148132324e-01,2.651465237140655518e-01,2.653517723083496094e-01,2.631911039352416992e-01,2.644005417823791504e-01,2.637127041816711426e-01,2.639736533164978027e-01,2.601714730262756348e-01,2.609477043151855469e-01,2.605955302715301514e-01,2.601800858974456787e-01
6.540757596075701293e-03,3.628745980677194893e-05,2.543101012706756592e-01,2.527438402175903320e-01,2.518016397953033447e-01,2.527962923049926758e-01,2.507888972759246826e-01,2.489601522684097290e-01,2.502221465110778809e-01,2.503193616867065430e-01,2.491905689239501953e-01,2.500664889812469482e-01,2.491956800222396851e-01,2.459952533245086670e-01,2.454109340906143188e-01,2.458584010601043701e-01,2.459038496017456055e-01
6.704933741945620987e-03,3.364725125720724463e-05,2.336390614509582520e-01,2.331952154636383057e-01,2.340485602617263794e-01,2.342261075973510742e-01,2.313079833984375000e-01,2.315663099288940430e-01,2.324418127536773682e-01,2.316218912601470947e-01,2.310587763786315918e-01,2.287108749151229858e-01,2.302751541137695312e-01,2.300258129835128784e-01,2.303140908479690552e-01,2.305564731359481812e-01,2.282546162605285645e-01
6.869109887815539814e-03,3.171557909809052944e-05,2.240224927663803101e-01,2.200450599193572998e-01,2.219031453132629395e-01,2.186146080493927002e-01,2.184358984231948853e-01,2.183142006397247314e-01,2.177569270133972168e-01,2.156795263290405273e-01,2.197892963886260986e-01,2.172213345766067505e-01,2.165042161941528320e-01,2.158626317977905273e-01,2.157041132450103760e-01,2.166918665170669556e-01,2.152984440326690674e-01
7.033286033685460376e-03,2.956797652586828917e-05,2.046920955181121826e-01,2.048375010490417480e-01,2.053716629743576050e-01,2.055097967386245728e-01,2.049870938062667847e-01,2.042858302593231201e-01,2.044330388307571411e-01,2.012271136045455933e-01,2.024512290954589844e-01,2.021885514259338379e-01,2.017138451337814331e-01,2.007495462894439697e-01,2.040367126464843750e-01,1.998216360807418823e-01,2.025009691715240479e-01
7.197462179555379203e-03,2.765416684269439429e-05,1.921285539865493774e-01,1.917658001184463501e-01,1.917526721954345703e-01,1.909361183643341064e-01,1.915386468172073364e-01,1.898734271526336670e-01,1.904231905937194824e-01,1.895158737897872925e-01,1.904373466968536377e-01,1.880399882793426514e-01,1.897934675216674805e-01,1.904311776161193848e-01,1.899158656597137451e-01,1.879507750272750854e-01,1.895980536937713623e-01
7.361638325425298029e-03,2.610372575873043388e-05,1.820570230484008789e-01,1.807191073894500732e-01,1.799945980310440063e-01,1.791199296712875366e-01,1.817611157894134521e-01,1.803118288516998291e-01,1.799845695495605469e-01,1.791792511940002441e-01,1.788598746061325073e-01,1.789484322071075439e-01,1.794750988483428955e-01,1.783428788185119629e-01,1.780874282121658325e-01,1.791865676641464233e-01,1.779945790767669678e-01
7.525814471295218591e-03,2.496691740816459060e-05,1.735377460718154907e-01,1.723602563142776489e-01,1.726525723934173584e-01,1.728006750345230103e-01,1.723497956991195679e-01,1.727264672517776489e-01,1.734615415334701538e-01,1.718202978372573853e-01,1.717962175607681274e-01,1.712711155414581299e-01,1.721750050783157349e-01,1.701738834381103516e-01,1.693371385335922241e-01,1.689936220645904541e-01,1.691887229681015015e-01
7.689990617165137418e-03,2.353869422222487628e-05,1.634401977062225342e-01,1.629712283611297607e-01,1.620460599660873413e-01,1.643966436386108398e-01,1.618551909923553467e-01,1.636626720428466797e-01,1.636545807123184204e-01,1.628846228122711182e-01,1.618570238351821899e-01,1.601038426160812378e-01,1.603961437940597534e-01,1.604981869459152222e-01,1.614316254854202271e-01,1.591573804616928101e-01,1.608394831418991089e-01
7.854166763035057980e-03,2.257666346849873662e-05,1.563764065504074097e-01,1.576575785875320435e-01,1.539277434349060059e-01,1.568309962749481201e-01,1.555833369493484497e-01,1.569012403488159180e-01,1.540757715702056885e-01,1.551179289817810059e-01,1.553990095853805542e-01,1.548724472522735596e-01,1.555161476135253906e-01,1.549723595380783081e-01,1.537555903196334839e-01,1.539281755685806274e-01,1.536568403244018555e-01
8.018342908904976807e-03,2.135185059159994125e-05,1.481139063835144043e-01,1.464519500732421875e-01,1.481997370719909668e-01,1.478374451398849487e-01,1.478906720876693726e-01,1.466015726327896118e-01,1.450354605913162231e-01,1.469139605760574341e-01,1.460691839456558228e-01,1.472320109605789185e-01,1.459392309188842773e-01,1.463308185338973999e-01,1.467009782791137695e-01,1.460953056812286377e-01,1.464058607816696167e-01
8.182519054774895634e-03,2.026937909249681979e-05,1.384918689727783203e-01,1.401521116495132446e-01,1.396447569131851196e-01,1.400411874055862427e-01,1.399647891521453857e-01,1.396883875131607056e-01,1.393778920173645020e-01,1.389316320419311523e-01,1.396435946226119995e-01,1.381744444370269775e-01,1.392362266778945923e-01,1.391029357910156250e-01,1.392372399568557739e-01,1.388027518987655640e-01,1.395917087793350220e-01
8.346695200644816195e-03,1.926043660205323249e-05,1.332451999187469482e-01,1.333075463771820068e-01,1.334917843341827393e-01,1.321602612733840942e-01,1.320250481367111206e-01,1.323971599340438843e-01,1.315661966800689697e-01,1.329134553670883179e-01,1.320315003395080566e-01,1.327988952398300171e-01,1.326257586479187012e-01,1.321552842855453491e-01,1.314849257469177246e-01,1.319443136453628540e-01,1.325698792934417725e-01
8.510871346514735022e-03,1.840684853959828615e-05,1.262351572513580322e-01,1.262028515338897705e-01,1.279888004064559937e-01,1.276791989803314209e-01,1.265412867069244385e-01,1.270588636398315430e-01,1.265848278999328613e-01,1.273640841245651245e-01,1.258797645568847656e-01,1.269115060567855835e-01,1.246328279376029968e-01,1.260547190904617310e-01,1.269988864660263062e-01,1.266169697046279907e-01,1.256122142076492310e-01
8.675047492384653849e-03,1.783989864634349942e-05,1.228625625371932983e-01,1.236385479569435120e-01,1.227388978004455566e-01,1.222492605447769165e-01,1.239335387945175171e-01,1.237700805068016052e-01,1.218305677175521851e-01,1.228606104850769043e-01,1.223842427134513855e-01,1.225366443395614624e-01,1.230337917804718018e-01,1.215845867991447449e-01,1.229668930172920227e-01,1.218017563223838806e-01,1.225320547819137573e-01
8.839223638254574411e-03,1.713856181595474482e-05,1.178793460130691528e-01,1.187231242656707764e-01,1.187535226345062256e-01,1.166764646768569946e-01,1.187765970826148987e-01,1.177402958273887634e-01,1.190647110342979431e-01,1.187679544091224670e-01,1.175480708479881287e-01,1.179844141006469727e-01,1.164835020899772644e-01,1.168788969516754150e-01,1.171046197414398193e-01,1.177551299333572388e-01,1.172957420349121094e-01
9.003399784124493238e-03,1.650752165005542338e-05,1.138605251908302307e-01,1.135936975479125977e-01,1.136788502335548401e-01,1.135478541254997253e-01,1.137968003749847412e-01,1.124616935849189758e-01,1.130131185054779053e-01,1.126544177532196045e-01,1.138451844453811646e-01,1.137200891971588135e-01,1.125154718756675720e-01,1.135997399687767029e-01,1.132848262786865234e-01,1.147095710039138794e-01,1.129724308848381042e-01
9.167575929994413800e-03,1.585255631653126329e-05,1.088001802563667297e-01,1.093408763408660889e-01,1.102879792451858521e-01,1.093903258442878723e-01,1.083099320530891418e-01,1.088209822773933411e-01,1.085275858640670776e-01,1.102899983525276184e-01,1.092442125082015991e-01,1.082816347479820251e-01,1.080454662442207336e-01,1.094203591346740723e-01,1.079779341816902161e-01,1.089754402637481689e-01,1.086843982338905334e-01
9.331752075864332627e-03,1.533499016659334302e-05,1.050332784652709961e-01,1.050052121281623840e-01,1.057781279087066650e-01,1.058170273900032043e-01,1.046623140573501587e-01,1.057753488421440125e-01,1.049509644508361816e-01,1.060817465186119080e-01,1.050272583961486816e-01,1.052421852946281433e-01,1.058354228734970093e-01,1.049130335450172424e-01,1.055392771959304810e-01,1.058398112654685974e-01,1.050889417529106140e-01
9.495928221734251454e-03,1.487819281464908272e-05,1.027368083596229553e-01,1.020723208785057068e-01,1.020845696330070496e-01,1.016081720590591431e-01,1.029380783438682556e-01,1.007050126791000366e-01,1.020253002643585205e-01,1.028858572244644165e-01,1.036091893911361694e-01,1.023383364081382751e-01,1.017342880368232727e-01,1.019057109951972961e-01,1.027916073799133301e-01,1.022088453173637390e-01,1.026341691613197327e-01
9.660104367604172015e-03,1.445120869902893901e-05,9.961667656898498535e-02,9.828467667102813721e-02,9.978131204843521118e-02,9.921358525753021240e-02,1.000435128808021545e-01,9.945803880691528320e-02,9.992582350969314575e-02,9.891895204782485962e-02,9.980548173189163208e-02,9.986944496631622314e-02,9.929355978965759277e-02,9.841372817754745483e-02,9.982895106077194214e-02,9.978903830051422119e-02,9.909307956695556641e-02
9.824280513474090842e-03,1.405131115461699665e-05,9.637171030044555664e-02,9.709570556879043579e-02,9.705683588981628418e-02,9.620549529790878296e-02,9.727440029382705688e-02,9.615426510572433472e-02,9.575917571783065796e-02,9.536437690258026123e-02,9.660207480192184448e-02,9.675125032663345337e-02,9.617310762405395508e-02,9.670928865671157837e-02,9.681610018014907837e-02,9.792730957269668579e-02,9.624480456113815308e-02
9.988456659344011404e-03,1.372942278976552188e-05,9.410037845373153687e-02,9.439299255609512329e-02,9.501718729734420776e-02,9.344212710857391357e-02,9.321670234203338623e-02,9.515235573053359985e-02,9.501534700393676758e-02,9.428538382053375244e-02,9.401777386665344238e-02,9.443709254264831543e-02,9.437879174947738647e-02,9.543656557798385620e-02,9.440206736326217651e-02,9.501921385526657104e-02,9.323941916227340698e-02
1.015263280521393023e-02,1.335560591542162001e-05,9.225086867809295654e-02,9.162215143442153931e-02,9.088621288537979126e-02,9.312197566032409668e-02,9.179652482271194458e-02,9.134899824857711792e-02,9.148432314395904541e-02,9.207186847925186157e-02,9.151263535022735596e-02,9.196417778730392456e-02,9.254508465528488159e-02,9.149692952632904053e-02,9.166666865348815918e-02,9.185088425874710083e-02,9.164641052484512329e-02
1.031680895108384906e-02,1.298737061006249860e-05,8.862604200839996338e-02,8.853575587272644043e-02,8.954910188913345337e-02,8.839800208806991577e-02,8.951981365680694580e-02,8.921000361442565918e-02,8.987266570329666138e-02,8.955696225166320801e-02,8.842680603265762329e-02,8.917465060949325562e-02,8.921872079372406006e-02,8.826427161693572998e-02,9.023558348417282104e-02,9.079502522945404053e-02,8.988618850708007812e-02
1.048098509695376962e-02,1.263410376850515604e-05,8.764139562845230103e-02,8.692196011543273926e-02,8.647391945123672485e-02,8.597382903099060059e-02,8.550406247377395630e-02,8.639174699783325195e-02,8.713354170322418213e-02,8.676434308290481567e-02,8.600726723670959473e-02,8.703147619962692261e-02,8.669832348823547363e-02,8.732321113348007202e-02,8.711694180965423584e-02,8.749284595251083374e-02,8.819743990898132324e-02
1.064516124282369018e-02,1.241833706444595009e-05,8.487750589847564697e-02,8.459889888763427734e-02,8.592746406793594360e-02,8.560181409120559692e-02,8.573044091463088989e-02,8.522506803274154663e-02,8.509576320648193359e-02,8.468488603830337524e-02,8.515099436044692993e-02,8.565225452184677124e-02,8.557261526584625244e-02,8.553255349397659302e-02,8.567999303340911865e-02,8.546482026576995850e-02,8.521270751953125000e-02
1.080933738869360901e-02,1.215105021401541308e-05,8.190876245498657227e-02,8.239085227251052856e-02,8.339715003967285156e-02,8.368543535470962524e-02,8.351596444845199585e-02,8.426978439092636108e-02,8.352106809616088867e-02,8.382487297058105469e-02,8.395490050315856934e-02,8.429957926273345947e-02,8.362516760826110840e-02,8.411988615989685059e-02,8.367558568716049194e-02,8.350864797830581665e-02,8.369211107492446899e-02
1.097351353456352784e-02,1.201606664835708216e-05,8.318825066089630127e-02,8.315747976303100586e-02,8.226172626018524170e-02,8.215583115816116333e-02,8.185217529535293579e-02,8.317572623491287231e-02,8.178161829710006714e-02,8.214122056961059570e-02,8.247711509466171265e-02,8.197039365768432617e-02,8.392410725355148315e-02,8.295831829309463501e-02,8.163855224847793579e-02,8.284929394721984863e-02,8.338908106088638306e-02
1.113768968043344666e-02,1.174389490188332275e-05,8.061270415782928467e-02,8.048781752586364746e-02,8.053610473871231079e-02,8.052878081798553467e-02,8.025057613849639893e-02,8.086851984262466431e-02,8.052333444356918335e-02,8.109533041715621948e-02,8.060970902442932129e-02,8.077134191989898682e-02,8.041683584451675415e-02,8.151638507843017578e-02,8.183348178863525391e-02,8.038032799959182739e-02,8.088196069002151489e-02
1.130186582630336549e-02,1.146637350757373497e-05,7.913940399885177612e-02,7.879558205604553223e-02,7.861448824405670166e-02,7.806881517171859741e-02,7.852507382631301880e-02,7.866723090410232544e-02,7.899875938892364502e-02,7.877407968044281006e-02,7.924082130193710327e-02,7.821416854858398438e-02,7.901512086391448975e-02,7.907306402921676636e-02,7.853228598833084106e-02,7.947327941656112671e-02,7.867814600467681885e-02
1.146604197217328605e-02,1.131868521042633802e-05,7.811176031827926636e-02,7.780931144952774048e-02,7.626597583293914795e-02,7.716227322816848755e-02,7.750350981950759888e-02,7.702196389436721802e-02,7.794290781021118164e-02,7.763329893350601196e-02,7.832949608564376831e-02,7.790548354387283325e-02,7.765910774469375610e-02,7.827245444059371948e-02,7.837068289518356323e-02,7.826116681098937988e-02,7.819670438766479492e-02
1.163021811804320661e-02,1.120764591178158298e-05,7.637944817543029785e-02,7.682377845048904419e-02,7.603575289249420166e-02,7.666457444429397583e-02,7.760783284902572632e-02,7.711621373891830444e-02,7.647705823183059692e-02,7.704325765371322632e-02,7.761251926422119141e-02,7.616388052701950073e-02,7.760220766067504883e-02,7.788819074630737305e-02,7.703939080238342285e-02,7.756516337394714355e-02,7.767733931541442871e-02
1.179439426391312544e-02,1.100681856769369915e-05,7.506572455167770386e-02,7.563009858131408691e-02,7.542321085929870605e-02,7.513767480850219727e-02,7.560108602046966553e-02,7.549507915973663330e-02,7.590721547603607178e-02,7.646260410547256470e-02,7.594516873359680176e-02,7.482957094907760620e-02,7.620252668857574463e-02,7.587150484323501587e-02,7.573443651199340820e-02,7.550387829542160034e-02,7.635980844497680664e-02
1.195857040978304427e-02,1.087343480321578681e-05,7.440967857837677002e-02,7.442694902420043945e-02,7.487580925226211548e-02,7.410305738449096680e-02,7.443640381097793579e-02,7.439474761486053467e-02,7.478904724121093750e-02,7.393499463796615601e-02,7.460749894380569458e-02,7.503231614828109741e-02,7.457843422889709473e-02,7.543922960758209229e-02,7.468865811824798584e-02,7.577410340309143066e-02,7.509515434503555298e-02
1.212274655565296309e-02,1.068067103915382177e-05,7.311870902776718140e-02,7.287882268428802490e-02,7.336819916963577271e-02,7.353018969297409058e-02,7.285293936729431152e-02,7.278934121131896973e-02,7.349607348442077637e-02,7.338148355484008789e-02,7.352800667285919189e-02,7.379099726676940918e-02,7.349009066820144653e-02,7.377596199512481689e-02,7.356208562850952148e-02,7.429271191358566284e-02,7.335568219423294067e-02
1.228692270152288366e-02,1.059271562553476542e-05,7.225698977708816528e-02,7.204289734363555908e-02,7.319490611553192139e-02,7.236929237842559814e-02,7.304353266954421997e-02,7.250024378299713135e-02,7.281198352575302124e-02,7.284340262413024902e-02,7.249586284160614014e-02,7.330273091793060303e-02,7.347032427787780762e-02,7.232359051704406738e-02,7.333759218454360962e-02,7.285308092832565308e-02,7.361209392547607422e-02
1.245109884739280422e-02,1.046273246174678206e-05,7.143592089414596558e-02,7.170009613037109375e-02,7.154718041419982910e-02,7.191186398267745972e-02,7.183898985385894775e-02,7.155774533748626709e-02,7.144591957330703735e-02,7.197484374046325684e-02,7.246547937393188477e-02,7.178650051355361938e-02,7.216326147317886353e-02,7.232261449098587036e-02,7.141144573688507080e-02,7.272631675004959106e-02,7.218786329030990601e-02
1.261527499326272304e-02,1.043110933096613735e-05,7.132021337747573853e-02,7.049074769020080566e-02,7.116175442934036255e-02,7.160826772451400757e-02,7.146413624286651611e-02,7.205688208341598511e-02,7.228988409042358398e-02,7.167028635740280151e-02,7.133914530277252197e-02,7.173033058643341064e-02,7.240568846464157104e-02,7.237549126148223877e-02,7.114829123020172119e-02,7.215359061956405640e-02,7.229275256395339966e-02
1.277945113913264187e-02,1.033843818731838837e-05,7.026755064725875854e-02,7.050588726997375488e-02,7.025037705898284912e-02,6.973702460527420044e-02,7.082324475049972534e-02,7.077821344137191772e-02,7.166948169469833374e-02,7.166644185781478882e-02,7.165865600109100342e-02,7.075274735689163208e-02,7.196677476167678833e-02,7.138785719871520996e-02,7.147506624460220337e-02,7.134860754013061523e-02,7.130524516105651855e-02
1.294362728500256070e-02,1.010686173685826361e-05,6.880275905132293701e-02,6.927938014268875122e-02,6.817804276943206787e-02,6.958519667387008667e-02,7.000732421875000000e-02,6.909235566854476929e-02,6.901292502880096436e-02,6.897662580013275146e-02,6.994441151618957520e-02,6.984785944223403931e-02,6.962697207927703857e-02,6.967719644308090210e-02,6.951864063739776611e-02,7.063446938991546631e-02,7.012412697076797485e-02
1.310780343087248126e-02,1.003742909233551472e-05,6.888449937105178833e-02,6.768069416284561157e-02,6.862454116344451904e-02,6.856153905391693115e-02,6.927164644002914429e-02,6.826516985893249512e-02,6.865552067756652832e-02,6.857401132583618164e-02,6.860018521547317505e-02,6.934613734483718872e-02,6.983844935894012451e-02,6.976447999477386475e-02,7.008639723062515259e-02,6.966345012187957764e-02,7.002728432416915894e-02
1.327197957674240182e-02,1.001172677206341177e-05,6.818955391645431519e-02,6.864869594573974609e-02,6.800068914890289307e-02,6.922268122434616089e-02,6.762008368968963623e-02,6.871982663869857788e-02,6.855435669422149658e-02,6.981503218412399292e-02,6.912809610366821289e-02,6.808585673570632935e-02,6.910433620214462280e-02,6.909861415624618530e-02,6.932487338781356812e-02,6.952761858701705933e-02,6.934933364391326904e-02
1.343615572261232065e-02,9.888638487609568983e-06,6.713548302650451660e-02,6.719768792390823364e-02,6.714098900556564331e-02,6.805042177438735962e-02,6.801636517047882080e-02,6.792120635509490967e-02,6.738054752349853516e-02,6.825198978185653687e-02,6.827830523252487183e-02,6.844802200794219971e-02,6.782693415880203247e-02,6.838297098875045776e-02,6.832422316074371338e-02,6.886987388134002686e-02,6.820749491453170776e-02
1.360033186848223948e-02,9.790141120902262628e-06,6.603268533945083618e-02,6.538269668817520142e-02,6.632006168365478516e-02,6.660989671945571899e-02,6.716357171535491943e-02,6.769778579473495483e-02,6.730537861585617065e-02,6.824151426553726196e-02,6.725858896970748901e-02,6.746833026409149170e-02,6.782462447881698608e-02,6.784034520387649536e-02,6.784636527299880981e-02,6.797400116920471191e-02,6.826537102460861206e-02
1.376450801435215830e-02,9.700274858914781362e-06,6.619890779256820679e-02,6.623738259077072144e-02,6.636057794094085693e-02,6.666318327188491821e-02,6.697046756744384766e-02,6.639460474252700806e-02,6.641718745231628418e-02,6.689863651990890503e-02,6.621493399143218994e-02,6.692004203796386719e-02,6.657424569129943848e-02,6.650995463132858276e-02,6.667768955230712891e-02,6.699416041374206543e-02,6.697048246860504150e-02
1.392868416022207886e-02,9.694335858512204140e-06,6.644233316183090210e-02,6.633272767066955566e-02,6.629692763090133667e-02,6.676729768514633179e-02,6.555815041065216064e-02,6.663604825735092163e-02,6.549844145774841309e-02,6.721488386392593384e-02,6.682591885328292847e-02,6.722820550203323364e-02,6.683710962533950806e-02,6.679118424654006958e-02,6.682417541742324829e-02,6.646981090307235718e-02,6.728440523147583008e-02
1.409286030609199943e-02,9.534811397315934300e-06,6.455555558204650879e-02,6.501445174217224121e-02,6.461250782012939453e-02,6.623484194278717041e-02,6.494910269975662231e-02,6.515762954950332642e-02,6.567315757274627686e-02,6.568162143230438232e-02,6.568828970193862915e-02,6.630384922027587891e-02,6.570830196142196655e-02,6.581452488899230957e-02,6.594680249691009521e-02,6.567782908678054810e-02,6.625830382108688354e-02
1.425703645196191825e-02,9.438921551918610930e-06,6.430529803037643433e-02,6.441061198711395264e-02,6.417827308177947998e-02,6.409185379743576050e-02,6.481240689754486084e-02,6.452503800392150879e-02,6.542848050594329834e-02,6.446564942598342896e-02,6.456428766250610352e-02,6.580638140439987183e-02,6.516427546739578247e-02,6.560803949832916260e-02,6.484874337911605835e-02,6.547512114048004150e-02,6.610971689224243164e-02
1.442121259783183708e-02,9.433206287212669849e-06,6.430717557668685913e-02,6.396772712469100952e-02,6.416199356317520142e-02,6.499756127595901489e-02,6.420561671257019043e-02,6.514178961515426636e-02,6.568548828363418579e-02,6.448082625865936279e-02,6.456781178712844849e-02,6.490539014339447021e-02,6.508933752775192261e-02,6.468162685632705688e-02,6.518851965665817261e-02,6.501857936382293701e-02,6.617616117000579834e-02
1.458538874370175591e-02,9.359333489555865526e-06,6.404852122068405151e-02,6.367039680480957031e-02,6.471504271030426025e-02,6.394541263580322266e-02,6.374017894268035889e-02,6.335261464118957520e-02,6.398821622133255005e-02,6.437299400568008423e-02,6.451627612113952637e-02,6.364835798740386963e-02,6.506783515214920044e-02,6.507961452007293701e-02,6.478309631347656250e-02,6.506133079528808594e-02,6.503181159496307373e-02
1.474956488957167647e-02,9.297437827626708895e-06,6.296005100011825562e-02,6.342650204896926880e-02,6.344681233167648315e-02,6.362721323966979980e-02,6.317014992237091064e-02,6.363531202077865601e-02,6.413362175226211548e-02,6.424679607152938843e-02,6.345688551664352417e-02,6.425873935222625732e-02,6.373015791177749634e-02,6.524390727281570435e-02,6.455646455287933350e-02,6.397652626037597656e-02,6.493075191974639893e-02
1.491374103544159703e-02,9.180957022181246430e-06,6.277101486921310425e-02,6.178957968950271606e-02,6.308200210332870483e-02,6.274984776973724365e-02,6.391149759292602539e-02,6.253868341445922852e-02,6.348662823438644409e-02,6.281106919050216675e-02,6.313320249319076538e-02,6.270575523376464844e-02,6.355536729097366333e-02,6.344933807849884033e-02,6.323084235191345215e-02,6.340814381837844849e-02,6.387098133563995361e-02
1.507791718131151586e-02,9.164153198071289808e-06,6.218179315328598022e-02,6.280142068862915039e-02,6.278026103973388672e-02,6.261024624109268188e-02,6.211193650960922241e-02,6.235767155885696411e-02,6.327927112579345703e-02,6.282774358987808228e-02,6.212995946407318115e-02,6.299104541540145874e-02,6.340201199054718018e-02,6.330984085798263550e-02,6.423722952604293823e-02,6.328649818897247314e-02,6.343333423137664795e-02
1.524209332718143468e-02,9.145122930931393057e-06,6.228008866310119629e-02,6.228872388601303101e-02,6.195241212844848633e-02,6.236887350678443909e-02,6.236644461750984192e-02,6.309496611356735229e-02,6.290601193904876709e-02,6.228126958012580872e-02,6.272188574075698853e-02,6.315278261899948120e-02,6.303533166646957397e-02,6.430689245462417603e-02,6.376919895410537720e-02,6.335245072841644287e-02,6.344684213399887085e-02
1.540626947305135351e-02,9.077339200302958488e-06,6.162353977560997009e-02,6.229940801858901978e-02,6.183240562677383423e-02,6.177275627851486206e-02,6.253807991743087769e-02,6.231185421347618103e-02,6.228012591600418091e-02,6.263271719217300415e-02,6.270643323659896851e-02,6.270579248666763306e-02,6.177921593189239502e-02,6.295488774776458740e-02,6.254037469625473022e-02,6.276158243417739868e-02,6.295163929462432861e-02
1.557044561892127407e-02,9.028520253195893019e-06,6.128608062863349915e-02,6.155750527977943420e-02,6.220784038305282593e-02,6.145465746521949768e-02,6.158991530537605286e-02,6.176019087433815002e-02,6.185436621308326721e-02,6.215500459074974060e-02,6.244041770696640015e-02,6.163136661052703857e-02,6.222629547119140625e-02,6.281497329473495483e-02,6.227981299161911011e-02,6.249425560235977173e-02,6.320721656084060669e-02
1.573462176479119290e-02,8.998063094622921199e-06,6.136553362011909485e-02,6.114714220166206360e-02,6.108718365430831909e-02,6.097681075334548950e-02,6.121126934885978699e-02,6.182175129652023315e-02,6.147711351513862610e-02,6.153525784611701965e-02,6.208229809999465942e-02,6.217803806066513062e-02,6.268202513456344604e-02,6.258767843246459961e-02,6.225588917732238770e-02,6.213084235787391663e-02,6.236280500888824463e-02
1.589879791066111520e-02,8.964068001660052687e-06,6.071708351373672485e-02,6.017979234457015991e-02,6.170275807380676270e-02,6.130998581647872925e-02,6.117821857333183289e-02,6.152819842100143433e-02,6.140468642115592957e-02,6.173613667488098145e-02,6.132252514362335205e-02,6.142624840140342712e-02,6.132601574063301086e-02,6.215173378586769104e-02,6.245307996869087219e-02,6.255409121513366699e-02,6.268350780010223389e-02
1.606297405653103055e-02,8.885955139703582972e-06,6.001738086342811584e-02,6.037910655140876770e-02,6.014031544327735901e-02,6.073696538805961609e-02,6.081845983862876892e-02,6.113504618406295776e-02,6.156690791249275208e-02,6.107883155345916748e-02,6.105548515915870667e-02,6.111700832843780518e-02,6.150770932435989380e-02,6.117096543312072754e-02,6.211142987012863159e-02,6.169426068663597107e-02,6.154421344399452209e-02
1.622715020240095285e-02,8.849609912431333214e-06,5.987862870097160339e-02,6.049953028559684753e-02,5.986581370234489441e-02,6.086831167340278625e-02,6.077758595347404480e-02,6.032924354076385498e-02,6.051644682884216309e-02,6.078481301665306091e-02,6.085713580250740051e-02,6.115323305130004883e-02,6.149581074714660645e-02,6.049751117825508118e-02,6.133731827139854431e-02,6.128955259919166565e-02,6.179944425821304321e-02
1.639132634827087168e-02,8.782030818110797554e-06,5.922413617372512817e-02,5.968054011464118958e-02,6.050578504800796509e-02,5.946594849228858948e-02,5.994441732764244080e-02,6.009376421570777893e-02,6.030229106545448303e-02,6.072406470775604248e-02,6.080538406968116760e-02,6.014615669846534729e-02,6.087116524577140808e-02,6.103818491101264954e-02,6.074824556708335876e-02,6.082354858517646790e-02,6.096549704670906067e-02
1.655550249414079050e-02,8.768395673541817814e-06,5.924606323242187500e-02,5.957170203328132629e-02,5.960628017783164978e-02,6.031337380409240723e-02,5.936388671398162842e-02,6.010944023728370667e-02,6.038451194763183594e-02,6.068029254674911499e-02,6.053273379802703857e-02,6.050721555948257446e-02,6.065724045038223267e-02,6.073403358459472656e-02,6.067234650254249573e-02,6.068914011120796204e-02,6.065831705927848816e-02
1.671967864001071280e-02,8.734399671084247530e-06,5.938455089926719666e-02,5.927117913961410522e-02,5.940372869372367859e-02,6.024992093443870544e-02,6.005708128213882446e-02,5.955856293439865112e-02,6.034845113754272461e-02,6.034807860851287842e-02,5.996242165565490723e-02,5.992832407355308533e-02,5.977914109826087952e-02,6.015708670020103455e-02,6.021153181791305542e-02,6.111657992005348206e-02,6.101281195878982544e-02
1.688385478588062816e-02,8.684897693456150591e-06,5.939647182822227478e-02,5.941293016076087952e-02,5.874442681670188904e-02,5.907713994383811951e-02,5.881017446517944336e-02,5.907303467392921448e-02,5.990921705961227417e-02,5.972686409950256348e-02,6.037367135286331177e-02,6.042889133095741272e-02,5.979990214109420776e-02,6.048327311873435974e-02,6.032468006014823914e-02,6.004042178392410278e-02,6.037653237581253052e-02
1.704803093175055045e-02,8.684037311468273401e-06,5.905299261212348938e-02,5.885240063071250916e-02,5.889320001006126404e-02,5.923679471015930176e-02,5.943252146244049072e-02,5.937641486525535583e-02,5.979783460497856140e-02,5.988544970750808716e-02,5.949702113866806030e-02,5.958738550543785095e-02,6.009900569915771484e-02,6.022349372506141663e-02,6.034733355045318604e-02,6.050803139805793762e-02,6.094888597726821899e-02
1.721220707762046928e-02,8.621928827778901905e-06,5.879286304116249084e-02,5.854546278715133667e-02,5.855991691350936890e-02,5.835979059338569641e-02,5.848560109734535217e-02,5.925388634204864502e-02,5.876242369413375854e-02,5.917082354426383972e-02,5.971493571996688843e-02,5.958466604351997375e-02,5.971226841211318970e-02,6.011513620615005493e-02,5.963826552033424377e-02,6.009465828537940979e-02,6.007093563675880432e-02
1.737638322349038811e-02,8.616163540864363313e-06,5.868903920054435730e-02,5.778989568352699280e-02,5.862702056765556335e-02,5.929259955883026123e-02,6.002664566040039062e-02,5.936822667717933655e-02,5.828606709837913513e-02,5.922411382198333740e-02,5.960139632225036621e-02,5.910973623394966125e-02,5.931194126605987549e-02,5.942273512482643127e-02,6.016860157251358032e-02,5.988275259733200073e-02,5.952615663409233093e-02
1.754055936936031040e-02,8.588880518800579011e-06,5.785835161805152893e-02,5.885656177997589111e-02,5.788047984242439270e-02,5.907404422760009766e-02,5.882844701409339905e-02,5.824548006057739258e-02,5.902529135346412659e-02,5.934218689799308777e-02,5.958618968725204468e-02,5.937783792614936829e-02,5.993270128965377808e-02,5.934373661875724792e-02,5.930820107460021973e-02,5.943783745169639587e-02,5.970951169729232788e-02
1.770473551523022576e-02,8.562406037526670843e-06,5.788597464561462402e-02,5.771408230066299438e-02,5.838777497410774231e-02,5.859126150608062744e-02,5.823453888297080994e-02,5.845711752772331238e-02,5.888945609331130981e-02,5.875499173998832703e-02,5.912473797798156738e-02,5.854172259569168091e-02,6.003799661993980408e-02,5.945384874939918518e-02,5.963760241866111755e-02,5.914314463734626770e-02,5.936809256672859192e-02
1.786891166110014806e-02,8.521022209606599063e-06,5.754311382770538330e-02,5.801559984683990479e-02,5.825573951005935669e-02,5.780593678355216980e-02,5.828515067696571350e-02,5.828456953167915344e-02,5.786218121647834778e-02,5.798406898975372314e-02,5.899615958333015442e-02,5.929974466562271118e-02,5.893295258283615112e-02,5.876944959163665771e-02,5.917730554938316345e-02,5.972839519381523132e-02,5.936633050441741943e-02
1.803308780697006689e-02,8.487207196594681591e-06,5.752651020884513855e-02,5.750508978962898254e-02,5.743668600916862488e-02,5.792392790317535400e-02,5.817821994423866272e-02,5.807319283485412598e-02,5.859319120645523071e-02,5.845507979393005371e-02,5.868156626820564270e-02,5.873676761984825134e-02,5.858215689659118652e-02,5.898186936974525452e-02,5.867731198668479919e-02,5.882425233721733093e-02,5.921319872140884399e-02
1.819726395283998571e-02,8.455761417280882597e-06,5.758797749876976013e-02,5.717329308390617371e-02,5.758985131978988647e-02,5.840798839926719666e-02,5.740380287170410156e-02,5.789772048592567444e-02,5.833358317613601685e-02,5.832330510020256042e-02,5.789190530776977539e-02,5.808101221919059753e-02,5.837867781519889832e-02,5.856613069772720337e-02,5.772630870342254639e-02,5.848078802227973938e-02,5.977281183004379272e-02
1.836144009870990801e-02,8.432218237430788577e-06,5.688430741429328918e-02,5.741435661911964417e-02,5.754277110099792480e-02,5.721993371844291687e-02,5.801053717732429504e-02,5.775624513626098633e-02,5.778438597917556763e-02,5.766806751489639282e-02,5.819367989897727966e-02,5.808291584253311157e-02,5.823209881782531738e-02,5.791561305522918701e-02,5.804476886987686157e-02,5.920349434018135071e-02,5.862830206751823425e-02
1.852561624457982337e-02,8.414811418333556503e-06,5.721815675497055054e-02,5.676194280385971069e-02,5.705863982439041138e-02,5.761390179395675659e-02,5.738534778356552124e-02,5.771310254931449890e-02,5.759485810995101929e-02,5.763989686965942383e-02,5.807847529649734497e-02,5.773360282182693481e-02,5.815226212143898010e-02,5.856503918766975403e-02,5.800522118806838989e-02,5.887949466705322266e-02,5.838811025023460388e-02
1.868979239044974566e-02,8.372467164008412510e-06,5.637918785214424133e-02,5.696726962924003601e-02,5.715946480631828308e-02,5.718016251921653748e-02,5.762277171015739441e-02,5.707976222038269043e-02,5.751671642065048218e-02,5.711932852864265442e-02,5.770343914628028870e-02,5.769838765263557434e-02,5.808340013027191162e-02,5.837059393525123596e-02,5.835788697004318237e-02,5.810599401593208313e-02,5.791300535202026367e-02
1.885396853631966796e-02,8.387833986489567906e-06,5.688048154115676880e-02,5.659636110067367554e-02,5.669352784752845764e-02,5.811088159680366516e-02,5.738862976431846619e-02,5.744634941220283508e-02,5.736709386110305786e-02,5.766300112009048462e-02,5.788471549749374390e-02,5.826647952198982239e-02,5.827619135379791260e-02,5.863269791007041931e-02,5.771009996533393860e-02,5.756212398409843445e-02,5.821151286363601685e-02
1.901814468218958332e-02,8.352573786396533251e-06,5.699539184570312500e-02,5.729404464364051819e-02,5.708754062652587891e-02,5.726763233542442322e-02,5.689665302634239197e-02,5.682190135121345520e-02,5.761263519525527954e-02,5.710012838244438171e-02,5.748964846134185791e-02,5.725768581032752991e-02,5.777449533343315125e-02,5.793016031384468079e-02,5.823088064789772034e-02,5.823882296681404114e-02,5.747828632593154907e-02
1.918232082805950561e-02,8.323880138050299138e-06,5.675505101680755615e-02,5.656312778592109680e-02,5.609771609306335449e-02,5.689615756273269653e-02,5.719450861215591431e-02,5.740379169583320618e-02,5.685597658157348633e-02,5.705203115940093994e-02,5.759559571743011475e-02,5.749333277344703674e-02,5.772178247570991516e-02,5.781270191073417664e-02,5.738778039813041687e-02,5.774616077542304993e-02,5.762467160820960999e-02
1.934649697392942097e-02,8.301134585053659976e-06,5.641199648380279541e-02,5.679372325539588928e-02,5.631072819232940674e-02,5.670595169067382812e-02,5.638589337468147278e-02,5.642987787723541260e-02,5.732186138629913330e-02,5.757477134466171265e-02,5.693711340427398682e-02,5.700206756591796875e-02,5.722130089998245239e-02,5.750532820820808411e-02,5.771696567535400391e-02,5.737498030066490173e-02,5.801385641098022461e-02
1.951067311979934327e-02,8.328663170686922967e-06,5.616234987974166870e-02,5.617174133658409119e-02,5.672221258282661438e-02,5.648162215948104858e-02,5.690265074372291565e-02,5.622276291251182556e-02,5.736029893159866333e-02,5.751463398337364197e-02,5.787439271807670593e-02,5.785881355404853821e-02,5.802701413631439209e-02,5.767229571938514709e-02,5.784711614251136780e-02,5.767048895359039307e-02,5.800978094339370728e-02
1.967484926566926556e-02,8.291303856822196394e-06,5.661734938621520996e-02,5.620107799768447876e-02,5.588288605213165283e-02,5.639834329485893250e-02,5.631408467888832092e-02,5.657951533794403076e-02,5.681097134947776794e-02,5.677092820405960083e-02,5.731254070997238159e-02,5.762084573507308960e-02,5.762585997581481934e-02,5.723866075277328491e-02,5.755494907498359680e-02,5.784810706973075867e-02,5.747404694557189941e-02
1.983902541153918092e-02,8.257495210273191333e-06,5.636720359325408936e-02,5.631308257579803467e-02,5.592004954814910889e-02,5.625363811850547791e-02,5.645507946610450745e-02,5.607395619153976440e-02,5.677082389593124390e-02,5.686508491635322571e-02,5.722871422767639160e-02,5.659829080104827881e-02,5.636288225650787354e-02,5.744598805904388428e-02,5.775498971343040466e-02,5.729928612709045410e-02,5.767217651009559631e-02
2.000320155740910322e-02,8.245262506534345448e-06,5.540378764271736145e-02,5.600507184863090515e-02,5.592070519924163818e-02,5.602676421403884888e-02,5.628380179405212402e-02,5.657183751463890076e-02,5.687779560685157776e-02,5.693971365690231323e-02,5.735551193356513977e-02,5.713612213730812073e-02,5.670057982206344604e-02,5.732401832938194275e-02,5.680144205689430237e-02,5.712501332163810730e-02,5.745301768183708191e-02
2.016737770327901857e-02,8.235958375735208392e-06,5.584631487727165222e-02,5.625776574015617371e-02,5.574797093868255615e-02,5.660508573055267334e-02,5.578228458762168884e-02,5.632774531841278076e-02,5.635730549693107605e-02,5.700546503067016602e-02,5.659849941730499268e-02,5.616508051753044128e-02,5.748076736927032471e-02,5.623173341155052185e-02,5.744536966085433960e-02,5.762901902198791504e-02,5.706843733787536621e-02
2.033155384914894087e-02,8.218423317885026336e-06,5.657250806689262390e-02,5.584587529301643372e-02,5.550879612565040588e-02,5.580337718129158020e-02,5.599858611822128296e-02,5.648804828524589539e-02,5.630952119827270508e-02,5.654206499457359314e-02,5.613619834184646606e-02,5.671644583344459534e-02,5.630668625235557556e-02,5.728750675916671753e-02,5.711864680051803589e-02,5.711759626865386963e-02,5.728846788406372070e-02
2.049572999501885970e-02,8.224346856877673417e-06,5.578150227665901184e-02,5.579438060522079468e-02,5.637055262923240662e-02,5.636822059750556946e-02,5.619633570313453674e-02,5.581201612949371338e-02,5.662134662270545959e-02,5.654199793934822083e-02,5.639938265085220337e-02,5.632419139146804810e-02,5.698411911725997925e-02,5.647966265678405762e-02,5.739709362387657166e-02,5.724165588617324829e-02,5.694191157817840576e-02
2.065990614088877853e-02,8.199500371119938791e-06,5.573245137929916382e-02,5.542731657624244690e-02,5.536824837327003479e-02,5.588788539171218872e-02,5.622048303484916687e-02,5.588253960013389587e-02,5.592384934425354004e-02,5.640996620059013367e-02,5.693065375089645386e-02,5.732078850269317627e-02,5.646761879324913025e-02,5.643573775887489319e-02,5.674369633197784424e-02,5.706649273633956909e-02,5.707696452736854553e-02
2.082408228675870082e-02,8.199698640964925289e-06,5.584432184696197510e-02,5.609902739524841309e-02,5.597120895981788635e-02,5.544049292802810669e-02,5.614607408642768860e-02,5.575259774923324585e-02,5.579271167516708374e-02,5.638564005494117737e-02,5.633418262004852295e-02,5.632293596863746643e-02,5.689921230077743530e-02,5.746650323271751404e-02,5.677216500043869019e-02,5.714802071452140808e-02,5.670638382434844971e-02
2.098825843262861618e-02,8.178231837518978864e-06,5.537991598248481750e-02,5.539572611451148987e-02,5.527875572443008423e-02,5.609132349491119385e-02,5.583250150084495544e-02,5.595712363719940186e-02,5.623738840222358704e-02,5.682645738124847412e-02,5.626741424202919006e-02,5.633127316832542419e-02,5.686802417039871216e-02,5.701310932636260986e-02,5.626225844025611877e-02,5.670313164591789246e-02,5.687415599822998047e-02
2.115243457849853848e-02,8.171652552846353501e-06,5.544919520616531372e-02,5.568222701549530029e-02,5.541801452636718750e-02,5.581180378794670105e-02,5.625472217798233032e-02,5.598331615328788757e-02,5.566928908228874207e-02,5.620460957288742065e-02,5.657013878226280212e-02,5.587196722626686096e-02,5.588548257946968079e-02,5.645205453038215637e-02,5.706452205777168274e-02,5.688254535198211670e-02,5.749812722206115723e-02
2.131661072436845730e-02,8.162658559740521014e-06,5.500916764140129089e-02,5.533270165324211121e-02,5.590439960360527039e-02,5.537815392017364502e-02,5.558578670024871826e-02,5.594542622566223145e-02,5.570461601018905640e-02,5.601532757282257080e-02,5.586402863264083862e-02,5.648136138916015625e-02,5.679948627948760986e-02,5.657459795475006104e-02,5.670657008886337280e-02,5.681021511554718018e-02,5.713323503732681274e-02
2.148078687023837613e-02,8.134257768688257784e-06,5.515500903129577637e-02,5.530307441949844360e-02,5.515833571553230286e-02,5.514454469084739685e-02,5.568361282348632812e-02,5.531566217541694641e-02,5.588530004024505615e-02,5.644287168979644775e-02,5.616405606269836426e-02,5.628703162074089050e-02,5.641301348805427551e-02,5.604027211666107178e-02,5.673447996377944946e-02,5.606437847018241882e-02,5.649201571941375732e-02
2.164496301610829843e-02,8.104039807221852243e-06,5.528279021382331848e-02,5.468764156103134155e-02,5.522961914539337158e-02,5.511584505438804626e-02,5.520451068878173828e-02,5.525779724121093750e-02,5.568149313330650330e-02,5.540689080953598022e-02,5.572340264916419983e-02,5.645490437746047974e-02,5.574679002165794373e-02,5.612289160490036011e-02,5.633522570133209229e-02,5.634197220206260681e-02,5.665271356701850891e-02
2.180913916197821378e-02,8.111397619359195232e-06,5.498835444450378418e-02,5.508273467421531677e-02,5.484748631715774536e-02,5.518923327326774597e-02,5.531208217144012451e-02,5.589300394058227539e-02,5.548571795225143433e-02,5.619090050458908081e-02,5.605961009860038757e-02,5.570906028151512146e-02,5.572462081909179688e-02,5.628919973969459534e-02,5.641355738043785095e-02,5.605519935488700867e-02,5.652175098657608032e-02
2.197331530784813608e-02,8.053436431509908289e-06,5.437212809920310974e-02,5.475423112511634827e-02,5.495547503232955933e-02,5.531219765543937683e-02,5.500749871134757996e-02,5.514707416296005249e-02,5.488801747560501099e-02,5.530887842178344727e-02,5.540037527680397034e-02,5.579536035656929016e-02,5.569610372185707092e-02,5.602010712027549744e-02,5.643369257450103760e-02,5.560614168643951416e-02,5.593834444880485535e-02
2.213749145371805491e-02,8.069367140706162900e-06,5.450306087732315063e-02,5.465301498770713806e-02,5.492057651281356812e-02,5.491768941283226013e-02,5.546385422348976135e-02,5.484763532876968384e-02,5.528844147920608521e-02,5.587564781308174133e-02,5.535998940467834473e-02,5.510200187563896179e-02,5.616782605648040771e-02,5.594665929675102234e-02,5.595612898468971252e-02,5.634914711117744446e-02,5.597233027219772339e-02
2.230166759958797373e-02,8.045726644922979176e-06,5.414143577218055725e-02,5.412475764751434326e-02,5.511695519089698792e-02,5.466431006789207458e-02,5.518773943185806274e-02,5.545504763722419739e-02,5.557132884860038757e-02,5.525656044483184814e-02,5.518122389912605286e-02,5.600060895085334778e-02,5.568527430295944214e-02,5.524071305990219116e-02,5.639335140585899353e-02,5.562834814190864563e-02,5.601160973310470581e-02
2.246584374545789603e-02,8.048640665947459638e-06,5.449704080820083618e-02,5.445532500743865967e-02,5.476335808634757996e-02,5.504211783409118652e-02,5.530600249767303467e-02,5.520453676581382751e-02,5.552244186401367188e-02,5.537105351686477661e-02,5.524045228958129883e-02,5.549354478716850281e-02,5.526540055871009827e-02,5.591472238302230835e-02,5.555122345685958862e-02,5.600061267614364624e-02,5.578955635428428650e-02
2.263001989132781139e-02,8.046295988606289029e-06,5.420529469847679138e-02,5.464188754558563232e-02,5.492918938398361206e-02,5.549313500523567200e-02,5.499649047851562500e-02,5.503113940358161926e-02,5.476480349898338318e-02,5.534486100077629089e-02,5.542680621147155762e-02,5.610305815935134888e-02,5.570202320814132690e-02,5.553210154175758362e-02,5.572634935379028320e-02,5.585936456918716431e-02,5.553743615746498108e-02
2.279419603719773368e-02,8.023193913686554879e-06,5.422909930348396301e-02,5.497379228472709656e-02,5.455869808793067932e-02,5.471546575427055359e-02,5.469017103314399719e-02,5.461993440985679626e-02,5.512288957834243774e-02,5.465769767761230469e-02,5.547137930989265442e-02,5.569831654429435730e-02,5.584676563739776611e-02,5.508063361048698425e-02,5.570590123534202576e-02,5.546911060810089111e-02,5.616907030344009399e-02
2.295837218306765251e-02,7.999769877642393112e-06,5.417962744832038879e-02,5.406463518738746643e-02,5.449004843831062317e-02,5.459070950746536255e-02,5.474412441253662109e-02,5.477941036224365234e-02,5.527591705322265625e-02,5.443933233618736267e-02,5.524463206529617310e-02,5.520901083946228027e-02,5.494145676493644714e-02,5.543066561222076416e-02,5.567182973027229309e-02,5.507165566086769104e-02,5.601736158132553101e-02
2.312254832893757134e-02,8.005285053513944149e-06,5.405689775943756104e-02,5.443855747580528259e-02,5.456525832414627075e-02,5.547811836004257202e-02,5.458700284361839294e-02,5.451393127441406250e-02,5.506122112274169922e-02,5.531677231192588806e-02,5.488643050193786621e-02,5.516683310270309448e-02,5.508971214294433594e-02,5.526465550065040588e-02,5.551387742161750793e-02,5.521611124277114868e-02,5.606209486722946167e-02
2.328672447480749363e-02,7.993657163751777261e-06,5.416540428996086121e-02,5.396201834082603455e-02,5.462731048464775085e-02,5.451946333050727844e-02,5.486782640218734741e-02,5.457102879881858826e-02,5.506643652915954590e-02,5.520498007535934448e-02,5.479498207569122314e-02,5.510125309228897095e-02,5.515349656343460083e-02,5.487094447016716003e-02,5.553022399544715881e-02,5.548563599586486816e-02,5.584218353033065796e-02
2.345090062067740899e-02,7.975457265274599195e-06,5.428973212838172913e-02,5.419466644525527954e-02,5.413310974836349487e-02,5.408537015318870544e-02,5.458104982972145081e-02,5.496221408247947693e-02,5.393685400485992432e-02,5.456754937767982483e-02,5.496441200375556946e-02,5.566546693444252014e-02,5.494912713766098022e-02,5.502176657319068909e-02,5.506807565689086914e-02,5.576104298233985901e-02,5.551913753151893616e-02
2.361507676654733129e-02,7.961090886965394020e-06,5.390927195549011230e-02,5.376452580094337463e-02,5.455300584435462952e-02,5.419525131583213806e-02,5.452430993318557739e-02,5.462686344981193542e-02,5.451364442706108093e-02,5.464420467615127563e-02,5.457546561956405640e-02,5.431085452437400818e-02,5.534230917692184448e-02,5.549991503357887268e-02,5.547674000263214111e-02,5.505472421646118164e-02,5.563143640756607056e-02
2.377925291241725012e-02,7.972341336426325142e-06,5.414921045303344727e-02,5.399992689490318298e-02,5.400306358933448792e-02,5.409568548202514648e-02,5.458569899201393127e-02,5.435518175363540649e-02,5.505756288766860962e-02,5.456639081239700317e-02,5.560605227947235107e-02,5.510254949331283569e-02,5.541460961103439331e-02,5.492854118347167969e-02,5.520671606063842773e-02,5.573683977127075195e-02,5.501758679747581482e-02
2.394342905828716894e-02,7.947010999487247318e-06,5.441457778215408325e-02,5.345424264669418335e-02,5.425141006708145142e-02,5.415417999029159546e-02,5.421486869454383850e-02,5.446346476674079895e-02,5.446224287152290344e-02,5.451293289661407471e-02,5.485001578927040100e-02,5.490108951926231384e-02,5.513003841042518616e-02,5.524304136633872986e-02,5.489866062998771667e-02,5.514463037252426147e-02,5.542182549834251404e-02
2.410760520415709124e-02,7.954381544550415128e-06,5.381609871983528137e-02,5.372487753629684448e-02,5.455442145466804504e-02,5.435382574796676636e-02,5.431963130831718445e-02,5.445535480976104736e-02,5.486878752708435059e-02,5.419752001762390137e-02,5.466426536440849304e-02,5.507678538560867310e-02,5.464798584580421448e-02,5.510172992944717407e-02,5.531232431530952454e-02,5.571551993489265442e-02,5.509416013956069946e-02
2.427178135002700660e-02,7.941973308334127069e-06,5.407967045903205872e-02,5.427503213286399841e-02,5.416685342788696289e-02,5.399002134799957275e-02,5.448572337627410889e-02,5.427234992384910583e-02,5.428659543395042419e-02,5.465852469205856323e-02,5.470030754804611206e-02,5.466219782829284668e-02,5.466755852103233337e-02,5.475658923387527466e-02,5.556598305702209473e-02,5.513801425695419312e-02,5.503784865140914917e-02
2.443595749589692889e-02,7.934873792692087591e-06,5.405656993389129639e-02,5.388294905424118042e-02,5.415305495262145996e-02,5.424315482378005981e-02,5.450447648763656616e-02,5.448359996080398560e-02,5.386325344443321228e-02,5.431424081325531006e-02,5.458082258701324463e-02,5.467474088072776794e-02,5.484076216816902161e-02,5.505604296922683716e-02,5.493341386318206787e-02,5.524382367730140686e-02,5.537853762507438660e-02
2.460013364176684772e-02,7.909127816674299538e-06,5.355316027998924255e-02,5.399793758988380432e-02,5.383064225316047668e-02,5.358794331550598145e-02,5.441104248166084290e-02,5.372106656432151794e-02,5.457387119531631470e-02,5.418660864233970642e-02,5.444369092583656311e-02,5.460647493600845337e-02,5.476424098014831543e-02,5.486356839537620544e-02,5.479741841554641724e-02,5.521151423454284668e-02,5.530824884772300720e-02
2.476430978763676655e-02,7.911308784969151020e-06,5.353002622723579407e-02,5.340931937098503113e-02,5.404143407940864563e-02,5.388085544109344482e-02,5.362659320235252380e-02,5.446123331785202026e-02,5.410282686352729797e-02,5.450794473290443420e-02,5.459466949105262756e-02,5.461455509066581726e-02,5.456401035189628601e-02,5.527915433049201965e-02,5.494064465165138245e-02,5.534822866320610046e-02,5.448505282402038574e-02
2.492848593350668884e-02,7.902302058937493712e-06,5.335393175482749939e-02,5.400892347097396851e-02,5.387390777468681335e-02,5.399999767541885376e-02,5.359368398785591125e-02,5.396470800042152405e-02,5.403041094541549683e-02,5.460137873888015747e-02,5.459254980087280273e-02,5.453756824135780334e-02,5.464572459459304810e-02,5.533390492200851440e-02,5.473676323890686035e-02,5.464419722557067871e-02,5.504240095615386963e-02
2.509266207937660420e-02,7.901317076175473630e-06,5.424754694104194641e-02,5.394950509071350098e-02,5.346541106700897217e-02,5.388977378606796265e-02,5.399835109710693359e-02,5.402234569191932678e-02,5.409728363156318665e-02,5.461395159363746643e-02,5.411836877465248108e-02,5.426046624779701233e-02,5.468275398015975952e-02,5.507701635360717773e-02,5.445459857583045959e-02,5.466090515255928040e-02,5.518348887562751770e-02
2.525683822524652650e-02,7.886143976065795869e-06,5.302078276872634888e-02,5.362371727824211121e-02,5.380633845925331116e-02,5.406222864985466003e-02,5.412531271576881409e-02,5.347535386681556702e-02,5.453984811902046204e-02,5.408508703112602234e-02,5.435677990317344666e-02,5.398580059409141541e-02,5.463397875428199768e-02,5.438882112503051758e-02,5.509442463517189026e-02,5.461275205016136169e-02,5.480033159255981445e-02
2.542101437111644532e-02,7.885790182626806200e-06,5.301471054553985596e-02,5.363723263144493103e-02,5.367150157690048218e-02,5.359862744808197021e-02,5.390978604555130005e-02,5.403453484177589417e-02,5.389852821826934814e-02,5.451218038797378540e-02,5.457773432135581970e-02,5.464597791433334351e-02,5.443358048796653748e-02,5.490212887525558472e-02,5.465349555015563965e-02,5.489781498908996582e-02,5.469012260437011719e-02
2.558519051698636415e-02,7.866947271395474672e-06,5.359324812889099121e-02,5.341587215662002563e-02,5.328879132866859436e-02,5.386843532323837280e-02,5.403715372085571289e-02,5.405328422784805298e-02,5.373667180538177490e-02,5.410793796181678772e-02,5.398392304778099060e-02,5.447406321763992310e-02,5.412031337618827820e-02,5.430340766906738281e-02,5.457141995429992676e-02,5.494122952222824097e-02,5.462732911109924316e-02
2.574936666285628645e-02,7.869554792705457658e-06,5.356062203645706177e-02,5.399027094244956970e-02,5.359186604619026184e-02,5.346066132187843323e-02,5.363915860652923584e-02,5.349856242537498474e-02,5.389979481697082520e-02,5.437513068318367004e-02,5.401020869612693787e-02,5.476594716310501099e-02,5.469292774796485901e-02,5.457441136240959167e-02,5.445202812552452087e-02,5.468389391899108887e-02,5.457606166601181030e-02
2.591354280872620180e-02,7.854495379433501512e-06,5.345096066594123840e-02,5.330364033579826355e-02,5.300800502300262451e-02,5.380195006728172302e-02,5.399269238114356995e-02,5.396443232893943787e-02,5.371423810720443726e-02,5.399560928344726562e-02,5.416245386004447937e-02,5.390551313757896423e-02,5.425571650266647339e-02,5.429609492421150208e-02,5.404377356171607971e-02,5.509842559695243835e-02,5.475723743438720703e-02
2.607771895459612410e-02,7.837080374883953482e-06,5.324749276041984558e-02,5.322793871164321899e-02,5.378945544362068176e-02,5.350192636251449585e-02,5.386093631386756897e-02,5.368001386523246765e-02,5.391161888837814331e-02,5.357202887535095215e-02,5.377838015556335449e-02,5.451408401131629944e-02,5.422465875744819641e-02,5.411007627844810486e-02,5.403632298111915588e-02,5.414123460650444031e-02,5.447090789675712585e-02
2.624189510046604293e-02,7.868854481785092503e-06,5.324410647153854370e-02,5.344579741358757019e-02,5.353574827313423157e-02,5.359063297510147095e-02,5.407763272523880005e-02,5.399386584758758545e-02,5.419031158089637756e-02,5.404216051101684570e-02,5.399231240153312683e-02,5.388137698173522949e-02,5.450437217950820923e-02,5.452159047126770020e-02,5.436944961547851562e-02,5.449071153998374939e-02,5.512151122093200684e-02
2.640607124633596176e-02,7.838157216610852629e-06,5.335190892219543457e-02,5.343889817595481873e-02,5.334934219717979431e-02,5.372714251279830933e-02,5.341105163097381592e-02,5.414076894521713257e-02,5.348348990082740784e-02,5.392333492636680603e-02,5.409483611583709717e-02,5.411820113658905029e-02,5.413917452096939087e-02,5.435895919799804688e-02,5.442631617188453674e-02,5.441771447658538818e-02,5.452116951346397400e-02
2.657024739220588405e-02,7.829368769307620823e-06,5.328783392906188965e-02,5.320873111486434937e-02,5.338649451732635498e-02,5.350127443671226501e-02,5.332762375473976135e-02,5.327841639518737793e-02,5.350193753838539124e-02,5.365852639079093933e-02,5.413841828703880310e-02,5.413575097918510437e-02,5.400598049163818359e-02,5.426105111837387085e-02,5.404850840568542480e-02,5.432758852839469910e-02,5.465399846434593201e-02
2.673442353807579941e-02,7.863130122132133693e-06,5.366647988557815552e-02,5.334167554974555969e-02,5.355349183082580566e-02,5.410776287317276001e-02,5.391185730695724487e-02,5.384324863553047180e-02,5.462299287319183350e-02,5.403199791908264160e-02,5.439810082316398621e-02,5.378108471632003784e-02,5.424493178725242615e-02,5.363786965608596802e-02,5.411341413855552673e-02,5.462380126118659973e-02,5.464188754558563232e-02
2.689859968394572171e-02,7.813023330527357757e-06,5.280420556664466858e-02,5.323556065559387207e-02,5.336006358265876770e-02,5.365617945790290833e-02,5.313264578580856323e-02,5.402893200516700745e-02,5.355450883507728577e-02,5.389346927404403687e-02,5.337628722190856934e-02,5.394681170582771301e-02,5.378103256225585938e-02,5.457986146211624146e-02,5.425973981618881226e-02,5.379444733262062073e-02,5.402324348688125610e-02
2.706277582981563706e-02,7.814551281626336277e-06,5.309756472706794739e-02,5.290688574314117432e-02,5.377741530537605286e-02,5.320380628108978271e-02,5.321541428565979004e-02,5.352826416492462158e-02,5.356873571872711182e-02,5.345644801855087280e-02,5.345301702618598938e-02,5.433937162160873413e-02,5.393232032656669617e-02,5.401598662137985229e-02,5.422084033489227295e-02,5.418129265308380127e-02,5.458312854170799255e-02
2.722695197568555936e-02,7.807218935340642929e-06,5.324033275246620178e-02,5.247570574283599854e-02,5.332525074481964111e-02,5.331317707896232605e-02,5.299313738942146301e-02,5.376972630620002747e-02,5.385747551918029785e-02,5.356972664594650269e-02,5.329035967588424683e-02,5.381194502115249634e-02,5.415515601634979248e-02,5.404787138104438782e-02,5.457219853997230530e-02,5.449889972805976868e-02,5.421869456768035889e-02
2.739112812155548166e-02,7.803068001521751285e-06,5.296535789966583252e-02,5.326971411705017090e-02,5.300613492727279663e-02,5.321340262889862061e-02,5.357386544346809387e-02,5.362571775913238525e-02,5.336802825331687927e-02,5.389457941055297852e-02,5.352523922920227051e-02,5.388523265719413757e-02,5.395960062742233276e-02,5.381979420781135559e-02,5.407936125993728638e-02,5.409983918070793152e-02,5.417941138148307800e-02
2.755530426742539701e-02,7.797730177117045969e-06,5.283650383353233337e-02,5.298507586121559143e-02,5.309128016233444214e-02,5.335669219493865967e-02,5.393844097852706909e-02,5.334455519914627075e-02,5.362014472484588623e-02,5.351945757865905762e-02,5.345620959997177124e-02,5.372530594468116760e-02,5.426355451345443726e-02,5.399500206112861633e-02,5.393470823764801025e-02,5.450583249330520630e-02,5.393898114562034607e-02
2.771948041329531931e-02,7.772910066705662757e-06,5.256544426083564758e-02,5.289736762642860413e-02,5.314951017498970032e-02,5.256625264883041382e-02,5.308403074741363525e-02,5.309456959366798401e-02,5.329716578125953674e-02,5.314993858337402344e-02,5.369399115443229675e-02,5.395246297121047974e-02,5.417765676975250244e-02,5.387928336858749390e-02,5.422988161444664001e-02,5.354815348982810974e-02,5.404316261410713196e-02
2.788365655916523467e-02,7.782575266901403666e-06,5.280256643891334534e-02,5.262270942330360413e-02,5.308296158909797668e-02,5.327295511960983276e-02,5.296929553151130676e-02,5.334742367267608643e-02,5.325876548886299133e-02,5.338458344340324402e-02,5.382892116904258728e-02,5.377041921019554138e-02,5.378545075654983521e-02,5.411329492926597595e-02,5.408811569213867188e-02,5.390186980366706848e-02,5.423052608966827393e-02
2.804783270503515696e-02,7.767092029098421335e-06,5.248882621526718140e-02,5.307020619511604309e-02,5.274325981736183167e-02,5.293253809213638306e-02,5.274502560496330261e-02,5.352466553449630737e-02,5.327016115188598633e-02,5.319656804203987122e-02,5.336831137537956238e-02,5.352383106946945190e-02,5.422188714146614075e-02,5.399493873119354248e-02,5.400054901838302612e-02,5.347782000899314880e-02,5.430009216070175171e-02
2.821200885090507926e-02,7.745920811430551112e-06,5.252967402338981628e-02,5.295130237936973572e-02,5.231419950723648071e-02,5.312458425760269165e-02,5.282753333449363708e-02,5.297314375638961792e-02,5.294284597039222717e-02,5.303141102194786072e-02,5.383117124438285828e-02,5.336796492338180542e-02,5.372007191181182861e-02,5.363893881440162659e-02,5.385114625096321106e-02,5.374481156468391418e-02,5.375829711556434631e-02
2.837618499677499462e-02,7.754874786769505590e-06,5.233323201537132263e-02,5.253520980477333069e-02,5.254184454679489136e-02,5.273623764514923096e-02,5.321671441197395325e-02,5.305802449584007263e-02,5.321813374757766724e-02,5.318425223231315613e-02,5.333868786692619324e-02,5.372114107012748718e-02,5.379195883870124817e-02,5.341617763042449951e-02,5.365749076008796692e-02,5.402168259024620056e-02,5.433262884616851807e-02
2.854036114264491691e-02,7.749685210001189262e-06,5.266600102186203003e-02,5.297035351395606995e-02,5.289784446358680725e-02,5.274149030447006226e-02,5.304319038987159729e-02,5.355573073029518127e-02,5.265107378363609314e-02,5.335909128189086914e-02,5.347139760851860046e-02,5.319694057106971741e-02,5.383481457829475403e-02,5.365211144089698792e-02,5.349082499742507935e-02,5.360041186213493347e-02,5.418108776211738586e-02
2.870453728851483227e-02,7.749033102300018072e-06,5.286918953061103821e-02,5.309639871120452881e-02,5.302082002162933350e-02,5.272683501243591309e-02,5.275394022464752197e-02,5.306906625628471375e-02,5.283477529883384705e-02,5.314334481954574585e-02,5.289528518915176392e-02,5.360312387347221375e-02,5.363802611827850342e-02,5.372660607099533081e-02,5.396790057420730591e-02,5.365328863263130188e-02,5.417599156498908997e-02
2.886871343438475457e-02,7.739222382951993495e-06,5.249440670013427734e-02,5.288846045732498169e-02,5.290371552109718323e-02,5.284249410033226013e-02,5.301690101623535156e-02,5.270116031169891357e-02,5.284157022833824158e-02,5.321256071329116821e-02,5.282562971115112305e-02,5.365828052163124084e-02,5.329301953315734863e-02,5.336181074380874634e-02,5.406145378947257996e-02,5.407760664820671082e-02,5.363088101148605347e-02
2.903288958025467686e-02,7.740459295746404678e-06,5.275582894682884216e-02,5.235383287072181702e-02,5.268860980868339539e-02,5.293243750929832458e-02,5.275767296552658081e-02,5.280067026615142822e-02,5.293967574834823608e-02,5.310865491628646851e-02,5.336179211735725403e-02,5.359599366784095764e-02,5.353994667530059814e-02,5.337209999561309814e-02,5.362063273787498474e-02,5.429542437195777893e-02,5.398837476968765259e-02
2.919706572612459222e-02,7.738534804957453161e-06,5.235971137881278992e-02,5.230279266834259033e-02,5.259049683809280396e-02,5.261340364813804626e-02,5.264763534069061279e-02,5.312451347708702087e-02,5.312041938304901123e-02,5.356029048562049866e-02,5.354526638984680176e-02,5.356154963374137878e-02,5.351971834897994995e-02,5.334525927901268005e-02,5.400051921606063843e-02,5.385053902864456177e-02,5.377424508333206177e-02
2.936124187199451452e-02,7.717451808275654912e-06,5.219106748700141907e-02,5.252502113580703735e-02,5.293230712413787842e-02,5.269538983702659607e-02,5.266356840729713440e-02,5.287259444594383240e-02,5.330555513501167297e-02,5.260115489363670349e-02,5.297671258449554443e-02,5.369953811168670654e-02,5.300819128751754761e-02,5.333483591675758362e-02,5.344923585653305054e-02,5.369933322072029114e-02,5.371921509504318237e-02
2.952541801786442988e-02,7.729334356554318219e-06,5.268434807658195496e-02,5.255523324012756348e-02,5.255965515971183777e-02,5.271861702203750610e-02,5.316783115267753601e-02,5.323776230216026306e-02,5.260641500353813171e-02,5.293866619467735291e-02,5.293285846710205078e-02,5.337855219841003418e-02,5.337910354137420654e-02,5.358999595046043396e-02,5.361369624733924866e-02,5.388164147734642029e-02,5.357067659497261047e-02
2.968959416373435217e-02,7.716186701145488769e-06,5.253026634454727173e-02,5.221902951598167419e-02,5.224172398447990417e-02,5.304459109902381897e-02,5.273465439677238464e-02,5.251425877213478088e-02,5.281448736786842346e-02,5.310998857021331787e-02,5.338774994015693665e-02,5.314301699399948120e-02,5.321107432246208191e-02,5.361507087945938110e-02,5.326922610402107239e-02,5.336422845721244812e-02,5.430222675204277039e-02
2.985377030960427447e-02,7.711154466960579157e-06,5.206291005015373230e-02,5.222880467772483826e-02,5.313399061560630798e-02,5.275026708841323853e-02,5.229170247912406921e-02,5.280740559101104736e-02,5.296897888183593750e-02,5.270771309733390808e-02,5.314945802092552185e-02,5.313615128397941589e-02,5.312707647681236267e-02,5.345122888684272766e-02,5.353948101401329041e-02,5.354525521397590637e-02,5.368527770042419434e-02
3.001794645547418983e-02,7.687258403166197240e-06,5.224456638097763062e-02,5.192651972174644470e-02,5.235920473933219910e-02,5.273989215493202209e-02,5.235674232244491577e-02,5.261643230915069580e-02,5.266284942626953125e-02,5.264547094702720642e-02,5.295055732131004333e-02,5.287090316414833069e-02,5.342475697398185730e-02,5.349780991673469543e-02,5.335879698395729065e-02,5.378973484039306641e-02,5.288663506507873535e-02
3.018212260134411212e-02,7.707980330451391637e-06,5.258250609040260315e-02,5.294572934508323669e-02,5.231687426567077637e-02,5.255543068051338196e-02,5.262959375977516174e-02,5.287177860736846924e-02,5.274240300059318542e-02,5.337654799222946167e-02,5.287064239382743835e-02,5.299111455678939819e-02,5.322735011577606201e-02,5.321910977363586426e-02,5.377650633454322815e-02,5.350225046277046204e-02,5.336293578147888184e-02
3.034629874721402748e-02,7.683325748075731099e-06,5.210761353373527527e-02,5.229293182492256165e-02,5.219401791691780090e-02,5.283955484628677368e-02,5.270193144679069519e-02,5.241761729121208191e-02,5.242642015218734741e-02,5.308047309517860413e-02,5.329595506191253662e-02,5.288975685834884644e-02,5.318726226687431335e-02,5.273642018437385559e-02,5.315174162387847900e-02,5.313045904040336609e-02,5.334098637104034424e-02
3.051047489308394978e-02,7.673746949876658618e-06,5.199366807937622070e-02,5.216079205274581909e-02,5.218667909502983093e-02,5.256036296486854553e-02,5.235314741730690002e-02,5.259194597601890564e-02,5.271737650036811829e-02,5.283087864518165588e-02,5.307269841432571411e-02,5.260448157787322998e-02,5.275373160839080811e-02,5.333970114588737488e-02,5.349821224808692932e-02,5.318190902471542358e-02,5.339236930012702942e-02
3.067465103895387207e-02,7.676288987568113953e-06,5.177454277873039246e-02,5.235379934310913086e-02,5.215442553162574768e-02,5.233358219265937805e-02,5.270042270421981812e-02,5.229023098945617676e-02,5.320380628108978271e-02,5.310594663023948669e-02,5.267823114991188049e-02,5.338488519191741943e-02,5.270045250654220581e-02,5.283727124333381653e-02,5.345432087779045105e-02,5.355403572320938110e-02,5.310723930597305298e-02
3.083882718482378743e-02,7.672691026527900249e-06,5.218778923153877258e-02,5.234178528189659119e-02,5.212929099798202515e-02,5.269482359290122986e-02,5.243912339210510254e-02,5.239144712686538696e-02,5.295081436634063721e-02,5.272017419338226318e-02,5.253652483224868774e-02,5.316636711359024048e-02,5.275931209325790405e-02,5.316980928182601929e-02,5.322916060686111450e-02,5.318406224250793457e-02,5.333513393998146057e-02
3.100300333069370973e-02,7.674373591726180166e-06,5.201942101120948792e-02,5.256193503737449646e-02,5.202943831682205200e-02,5.257022380828857422e-02,5.291528254747390747e-02,5.241104960441589355e-02,5.245092511177062988e-02,5.276738852262496948e-02,5.271274596452713013e-02,5.347732827067375183e-02,5.254820734262466431e-02,5.292537435889244080e-02,5.322518199682235718e-02,5.330402776598930359e-02,5.341861024498939514e-02
3.116717947656362508e-02,7.642416676389984787e-06,5.200351402163505554e-02,5.232445523142814636e-02,5.226462706923484802e-02,5.246652662754058838e-02,5.227341130375862122e-02,5.176574736833572388e-02,5.242406204342842102e-02,5.282074958086013794e-02,5.294211953878402710e-02,5.277089402079582214e-02,5.247323215007781982e-02,5.252229049801826477e-02,5.311009287834167480e-02,5.296432599425315857e-02,5.277639627456665039e-02
3.133135562243354738e-02,7.632944289071019739e-06,5.163744837045669556e-02,5.230105295777320862e-02,5.205595120787620544e-02,5.183082446455955505e-02,5.242452025413513184e-02,5.228864774107933044e-02,5.258624628186225891e-02,5.226438865065574646e-02,5.256925895810127258e-02,5.237410962581634521e-02,5.267997086048126221e-02,5.276346579194068909e-02,5.264140293002128601e-02,5.307233333587646484e-02,5.315937846899032593e-02
3.149553176830346968e-02,7.639857358299195766e-06,5.194434523582458496e-02,5.168836936354637146e-02,5.231822654604911804e-02,5.219412222504615784e-02,5.231362208724021912e-02,5.241728201508522034e-02,5.219684168696403503e-02,5.242313444614410400e-02,5.284523218870162964e-02,5.273577943444252014e-02,5.232825875282287598e-02,5.293260887265205383e-02,5.324376001954078674e-02,5.283945426344871521e-02,5.320615321397781372e-02
3.165970791417338503e-02,7.658040885871741921e-06,5.237045884132385254e-02,5.207660794258117676e-02,5.220770090818405151e-02,5.221403762698173523e-02,5.236298218369483948e-02,5.240004882216453552e-02,5.264464393258094788e-02,5.250639468431472778e-02,5.262050405144691467e-02,5.299509316682815552e-02,5.285406857728958130e-02,5.302270874381065369e-02,5.282572656869888306e-02,5.327213928103446960e-02,5.310146138072013855e-02
3.182388406004330039e-02,7.648312021046876907e-06,5.191757902503013611e-02,5.134031176567077637e-02,5.182847008109092712e-02,5.229469388723373413e-02,5.277815088629722595e-02,5.232293158769607544e-02,5.288280546665191650e-02,5.240740627050399780e-02,5.288850143551826477e-02,5.283062905073165894e-02,5.274168401956558228e-02,5.296896398067474365e-02,5.300511419773101807e-02,5.281674489378929138e-02,5.353649333119392395e-02
3.198806020591322269e-02,7.630018444615416229e-06,5.157640203833580017e-02,5.235780403017997742e-02,5.187297984957695007e-02,5.197190493345260620e-02,5.221401527523994446e-02,5.232642218470573425e-02,5.244109779596328735e-02,5.234413221478462219e-02,5.246914550662040710e-02,5.276802182197570801e-02,5.271175503730773926e-02,5.249338597059249878e-02,5.301019921898841858e-02,5.285095050930976868e-02,5.316545069217681885e-02
3.215223635178314499e-02,7.629729225300252438e-06,5.260178819298744202e-02,5.177523940801620483e-02,5.248473584651947021e-02,5.188074335455894470e-02,5.205378308892250061e-02,5.218806862831115723e-02,5.184330791234970093e-02,5.252913758158683777e-02,5.225462839007377625e-02,5.290577560663223267e-02,5.261860042810440063e-02,5.287232995033264160e-02,5.281886830925941467e-02,5.313287675380706787e-02,5.262480303645133972e-02
3.231641249765306034e-02,7.631177140865474939e-06,5.168282240629196167e-02,5.223855003714561462e-02,5.180972814559936523e-02,5.192270129919052124e-02,5.198260769248008728e-02,5.279925838112831116e-02,5.225602164864540100e-02,5.243320763111114502e-02,5.267236009240150452e-02,5.259228497743606567e-02,5.269310623407363892e-02,5.290161818265914917e-02,5.269389227032661438e-02,5.322302505373954773e-02,5.292732641100883484e-02
3.248058864352298264e-02,7.618734798597870395e-06,5.170423164963722229e-02,5.186671763658523560e-02,5.191439390182495117e-02,5.185486003756523132e-02,5.254552885890007019e-02,5.221575126051902771e-02,5.186790972948074341e-02,5.225942656397819519e-02,5.244181677699089050e-02,5.261796340346336365e-02,5.290457978844642639e-02,5.258045345544815063e-02,5.292396992444992065e-02,5.257746949791908264e-02,5.301538109779357910e-02
3.264476478939290494e-02,7.609480235259979963e-06,5.153527110815048218e-02,5.175822600722312927e-02,5.216780304908752441e-02,5.207965523004531860e-02,5.215928331017494202e-02,5.216752737760543823e-02,5.191223695874214172e-02,5.231236293911933899e-02,5.266303196549415588e-02,5.254533141851425171e-02,5.229463800787925720e-02,5.246159806847572327e-02,5.278909578919410706e-02,5.277639999985694885e-02,5.293279886245727539e-02
3.280894093526282029e-02,7.589107553940266371e-06,5.116398632526397705e-02,5.185465514659881592e-02,5.179500952363014221e-02,5.175711214542388916e-02,5.205528438091278076e-02,5.203514173626899719e-02,5.239626765251159668e-02,5.206353217363357544e-02,5.198829248547554016e-02,5.227731913328170776e-02,5.257027968764305115e-02,5.285944417119026184e-02,5.265340581536293030e-02,5.254540592432022095e-02,5.257606133818626404e-02
3.297311708113273565e-02,7.611627552250865847e-06,5.178657546639442444e-02,5.206263437867164612e-02,5.175706744194030762e-02,5.206293240189552307e-02,5.207721143960952759e-02,5.236816406250000000e-02,5.211162939667701721e-02,5.253208056092262268e-02,5.222300440073013306e-02,5.228497087955474854e-02,5.253462493419647217e-02,5.248791724443435669e-02,5.275904014706611633e-02,5.321482941508293152e-02,5.271400883793830872e-02
3.313729322700266489e-02,7.593325790367089212e-06,5.134101212024688721e-02,5.165424197912216187e-02,5.171652883291244507e-02,5.192169919610023499e-02,5.203655734658241272e-02,5.201294273138046265e-02,5.203399434685707092e-02,5.188860744237899780e-02,5.243979021906852722e-02,5.231036618351936340e-02,5.266677215695381165e-02,5.284145474433898926e-02,5.259104818105697632e-02,5.267273262143135071e-02,5.281709507107734680e-02
3.330146937287258024e-02,7.588477728859288618e-06,5.143390968441963196e-02,5.176146328449249268e-02,5.178084596991539001e-02,5.200680345296859741e-02,5.193998664617538452e-02,5.207835510373115540e-02,5.237732082605361938e-02,5.235278606414794922e-02,5.256389454007148743e-02,5.187734961509704590e-02,5.208337306976318359e-02,5.264537408947944641e-02,5.226657539606094360e-02,5.251333490014076233e-02,5.309961363673210144e-02
3.346564551874249560e-02,7.582137186545878649e-06,5.149017646908760071e-02,5.161357671022415161e-02,5.164881423115730286e-02,5.194206535816192627e-02,5.216661095619201660e-02,5.208428576588630676e-02,5.267157405614852905e-02,5.212660506367683411e-02,5.231942236423492432e-02,5.266873165965080261e-02,5.182626098394393921e-02,5.246992409229278564e-02,5.197341367602348328e-02,5.221455916762351990e-02,5.278804525732994080e-02
3.362982166461241790e-02,7.580032161058625206e-06,5.131634697318077087e-02,5.157152563333511353e-02,5.149692296981811523e-02,5.215057358145713806e-02,5.140788108110427856e-02,5.164426192641258240e-02,5.252597481012344360e-02,5.218826606869697571e-02,5.201410874724388123e-02,5.228403955698013306e-02,5.237275362014770508e-02,5.249169096350669861e-02,5.270854011178016663e-02,5.228311941027641296e-02,5.260325223207473755e-02
3.379399781048234019e-02,7.568225555587559938e-06,5.148545280098915100e-02,5.155314132571220398e-02,5.167925730347633362e-02,5.172201618552207947e-02,5.165873840451240540e-02,5.210943892598152161e-02,5.192089080810546875e-02,5.255359783768653870e-02,5.206111073493957520e-02,5.235664173960685730e-02,5.237261578440666199e-02,5.226999521255493164e-02,5.218455567955970764e-02,5.221192538738250732e-02,5.237638205289840698e-02
3.395817395635225555e-02,7.567001830466324463e-06,5.144201219081878662e-02,5.155625939369201660e-02,5.144516378641128540e-02,5.151545628905296326e-02,5.202487111091613770e-02,5.233924090862274170e-02,5.208046361804008484e-02,5.179683491587638855e-02,5.198788642883300781e-02,5.210182443261146545e-02,5.210411921143531799e-02,5.222533643245697021e-02,5.239124223589897156e-02,5.256579443812370300e-02,5.247234553098678589e-02
3.412235010222217091e-02,7.569472472823690623e-06,5.181350558996200562e-02,5.155454576015472412e-02,5.151969566941261292e-02,5.149308219552040100e-02,5.195779725909233093e-02,5.168512091040611267e-02,5.195270478725433350e-02,5.232945084571838379e-02,5.210858955979347229e-02,5.213421210646629333e-02,5.217666178941726685e-02,5.213687196373939514e-02,5.257913842797279358e-02,5.248671397566795349e-02,5.253504216670989990e-02
3.428652624809210014e-02,7.573790753667708486e-06,5.180354416370391846e-02,5.174616724252700806e-02,5.167701840400695801e-02,5.166925117373466492e-02,5.156286060810089111e-02,5.199213698506355286e-02,5.153774097561836243e-02,5.229799076914787292e-02,5.225431174039840698e-02,5.231082811951637268e-02,5.232216417789459229e-02,5.230379104614257812e-02,5.264870822429656982e-02,5.203146860003471375e-02,5.314725637435913086e-02
3.445070239396201550e-02,7.544600521214306355e-06,5.128048360347747803e-02,5.140465497970581055e-02,5.138262361288070679e-02,5.137242376804351807e-02,5.178933218121528625e-02,5.179455131292343140e-02,5.203029885888099670e-02,5.176364630460739136e-02,5.182825401425361633e-02,5.188813433051109314e-02,5.277729779481887817e-02,5.183840543031692505e-02,5.226330086588859558e-02,5.248218774795532227e-02,5.219746008515357971e-02
3.461487853983193086e-02,7.555933734693098813e-06,5.132853239774703979e-02,5.169457569718360901e-02,5.088967829942703247e-02,5.181205272674560547e-02,5.189743265509605408e-02,5.168686062097549438e-02,5.198179557919502258e-02,5.222800746560096741e-02,5.185128748416900635e-02,5.211411416530609131e-02,5.242132022976875305e-02,5.226704478263854980e-02,5.213787406682968140e-02,5.249067023396492004e-02,5.225372686982154846e-02
3.477905468570185316e-02,7.544990239694016054e-06,5.119738727807998657e-02,5.136903747916221619e-02,5.128984525799751282e-02,5.156007036566734314e-02,5.169577524065971375e-02,5.206054076552391052e-02,5.187537893652915955e-02,5.205545201897621155e-02,5.229176208376884460e-02,5.183799564838409424e-02,5.231980606913566589e-02,5.199811235070228577e-02,5.176518484950065613e-02,5.206285789608955383e-02,5.274840071797370911e-02
3.494323083157177545e-02,7.524681223003426567e-06,5.143253505229949951e-02,5.151337385177612305e-02,5.127839744091033936e-02,5.122197419404983521e-02,5.149025097489356995e-02,5.194871872663497925e-02,5.176107585430145264e-02,5.186747759580612183e-02,5.162102356553077698e-02,5.191111937165260315e-02,5.183374881744384766e-02,5.224783346056938171e-02,5.197085440158843994e-02,5.218383669853210449e-02,5.208242312073707581e-02
3.510740697744169081e-02,7.527609795943135396e-06,5.148642510175704956e-02,5.128894001245498657e-02,5.148715898394584656e-02,5.159954726696014404e-02,5.147195607423782349e-02,5.179985612630844116e-02,5.149319022893905640e-02,5.172132700681686401e-02,5.187020078301429749e-02,5.220320820808410645e-02,5.212988704442977905e-02,5.172790214419364929e-02,5.190544202923774719e-02,5.223883688449859619e-02,5.201007798314094543e-02
3.527158312331161311e-02,7.531335995736299083e-06,5.112401396036148071e-02,5.151957273483276367e-02,5.153452232480049133e-02,5.151744186878204346e-02,5.159986764192581177e-02,5.168921127915382385e-02,5.198173969984054565e-02,5.175112932920455933e-02,5.212374031543731689e-02,5.209869146347045898e-02,5.191494151949882507e-02,5.180746316909790039e-02,5.176359042525291443e-02,5.234047770500183105e-02,5.204911902546882629e-02
3.543575926918153540e-02,7.513299351558089256e-06,5.098757892847061157e-02,5.105226114392280579e-02,5.090426281094551086e-02,5.142945423722267151e-02,5.150733888149261475e-02,5.167194455862045288e-02,5.148651450872421265e-02,5.163255706429481506e-02,5.181755125522613525e-02,5.205086618661880493e-02,5.166377872228622437e-02,5.192048475146293640e-02,5.186329782009124756e-02,5.242663994431495667e-02,5.222813785076141357e-02
3.559993541505145076e-02,7.486477898055454716e-06,5.072175338864326477e-02,5.134596675634384155e-02,5.130467191338539124e-02,5.160909518599510193e-02,5.141302943229675293e-02,5.156128853559494019e-02,5.125440284609794617e-02,5.116310715675354004e-02,5.149668827652931213e-02,5.141364783048629761e-02,5.163419246673583984e-02,5.170269310474395752e-02,5.150619149208068848e-02,5.200551450252532959e-02,5.200858786702156067e-02
3.576411156092136612e-02,7.518984148191520944e-06,5.087551102042198181e-02,5.114262178540229797e-02,5.133945122361183167e-02,5.153687298297882080e-02,5.166513845324516296e-02,5.188338086009025574e-02,5.157407000660896301e-02,5.134304612874984741e-02,5.173486843705177307e-02,5.176332592964172363e-02,5.194345116615295410e-02,5.208563432097434998e-02,5.169970542192459106e-02,5.207565054297447205e-02,5.235365405678749084e-02
3.592828770679129535e-02,7.508210273954318836e-06,5.112406611442565918e-02,5.120847746729850769e-02,5.130798742175102234e-02,5.144308879971504211e-02,5.092817917466163635e-02,5.121320486068725586e-02,5.199646949768066406e-02,5.166090652346611023e-02,5.149138718843460083e-02,5.209558084607124329e-02,5.204205214977264404e-02,5.214830487966537476e-02,5.188593268394470215e-02,5.171471834182739258e-02,5.186825990676879883e-02
3.609246385266121071e-02,7.488322808058001101e-06,5.083832889795303345e-02,5.135392770171165466e-02,5.113371461629867554e-02,5.100021138787269592e-02,5.124595761299133301e-02,5.139519646763801575e-02,5.136419087648391724e-02,5.193416401743888855e-02,5.168259516358375549e-02,5.165018886327743530e-02,5.156816914677619934e-02,5.199399590492248535e-02,5.165505781769752502e-02,5.182632058858871460e-02,5.165127664804458618e-02
3.625663999853112607e-02,7.490139978472143412e-06,5.150448903441429138e-02,5.120664462447166443e-02,5.151393637061119080e-02,5.130234733223915100e-02,5.081039667129516602e-02,5.137935653328895569e-02,5.167633667588233948e-02,5.129983276128768921e-02,5.165899172425270081e-02,5.154826119542121887e-02,5.181197077035903931e-02,5.201279371976852417e-02,5.147378146648406982e-02,5.170568823814392090e-02,5.214903503656387329e-02
3.642081614440104836e-02,7.498453214793698862e-06,5.118612572550773621e-02,5.164061486721038818e-02,5.129271000623703003e-02,5.148736014962196350e-02,5.136952549219131470e-02,5.149522051215171814e-02,5.161532387137413025e-02,5.132579058408737183e-02,5.143704637885093689e-02,5.154890194535255432e-02,5.151495337486267090e-02,5.166711285710334778e-02,5.174066871404647827e-02,5.188216641545295715e-02,5.211689695715904236e-02
3.658499229027097066e-02,7.481661668862216175e-06,5.080056935548782349e-02,5.080415308475494385e-02,5.078842863440513611e-02,5.106827616691589355e-02,5.112675204873085022e-02,5.158964544534683228e-02,5.160673707723617554e-02,5.198527127504348755e-02,5.134215578436851501e-02,5.132839456200599670e-02,5.150779709219932556e-02,5.186805501580238342e-02,5.174012854695320129e-02,5.232845246791839600e-02,5.146709084510803223e-02
3.674916843614088602e-02,7.469250249414471909e-06,5.068831890821456909e-02,5.082903802394866943e-02,5.072582513093948364e-02,5.091582238674163818e-02,5.078142508864402771e-02,5.162827670574188232e-02,5.128854885697364807e-02,5.162362381815910339e-02,5.171465873718261719e-02,5.090717971324920654e-02,5.176847428083419800e-02,5.151765048503875732e-02,5.193819850683212280e-02,5.201619118452072144e-02,5.182121321558952332e-02
3.691334458201080831e-02,7.486788035748759285e-06,5.112845078110694885e-02,5.091482773423194885e-02,5.093055963516235352e-02,5.122609809041023254e-02,5.159108713269233704e-02,5.130238831043243408e-02,5.169812589883804321e-02,5.136582255363464355e-02,5.129620432853698730e-02,5.169678851962089539e-02,5.192818865180015564e-02,5.176305398344993591e-02,5.150990188121795654e-02,5.168750882148742676e-02,5.215290188789367676e-02
3.707752072788073061e-02,7.466920123988529667e-06,5.136449635028839111e-02,5.100622400641441345e-02,5.084865167737007141e-02,5.086018890142440796e-02,5.090999975800514221e-02,5.135934054851531982e-02,5.102218687534332275e-02,5.119871720671653748e-02,5.150007084012031555e-02,5.129840224981307983e-02,5.130482092499732971e-02,5.163460224866867065e-02,5.186371505260467529e-02,5.170873552560806274e-02,5.219126492738723755e-02
3.724169687375064597e-02,7.452581940015079454e-06,5.075920000672340393e-02,5.095380544662475586e-02,5.104868486523628235e-02,5.068938061594963074e-02,5.126587674021720886e-02,5.147796496748924255e-02,5.132509768009185791e-02,5.102249234914779663e-02,5.149321258068084717e-02,5.132662877440452576e-02,5.123648792505264282e-02,5.160026624798774719e-02,5.154711008071899414e-02,5.162706226110458374e-02,5.146443471312522888e-02
3.740587301962056133e-02,7.452460522472392768e-06,5.103517696261405945e-02,5.086128041148185730e-02,5.080256238579750061e-02,5.101600289344787598e-02,5.087780952453613281e-02,5.118259415030479431e-02,5.127643048763275146e-02,5.074561759829521179e-02,5.127209424972534180e-02,5.134636536240577698e-02,5.147008225321769714e-02,5.129085481166839600e-02,5.168059095740318298e-02,5.176057666540145874e-02,5.171498283743858337e-02
3.757004916549048362e-02,7.423956503771478310e-06,5.046142637729644775e-02,5.094386637210845947e-02,5.122911557555198669e-02,5.061317235231399536e-02,5.083503574132919312e-02,5.119280144572257996e-02,5.117224901914596558e-02,5.111380666494369507e-02,5.089374631643295288e-02,5.089692771434783936e-02,5.071147531270980835e-02,5.137221887707710266e-02,5.135878548026084900e-02,5.161496624350547791e-02,5.147010460495948792e-02
3.773422531136040592e-02,7.434201961586950347e-06,5.051339045166969299e-02,5.093159526586532593e-02,5.131563916802406311e-02,5.088010802865028381e-02,5.057068914175033569e-02,5.099781975150108337e-02,5.100813135504722595e-02,5.093700438737869263e-02,5.129583179950714111e-02,5.128059163689613342e-02,5.129567161202430725e-02,5.160813033580780029e-02,5.161286145448684692e-02,5.141577124595642090e-02,5.133129283785820007e-02
3.789840145723032128e-02,7.419741450576111674e-06,5.103614181280136108e-02,5.046987161040306091e-02,5.088098719716072083e-02,5.059785395860671997e-02,5.061746388673782349e-02,5.099382251501083374e-02,5.095443129539489746e-02,5.121589824557304382e-02,5.106476694345474243e-02,5.100173875689506531e-02,5.114665254950523376e-02,5.137798562645912170e-02,5.136195197701454163e-02,5.146726965904235840e-02,5.104900524020195007e-02
3.806257760310024357e-02,7.453639227605890483e-06,5.095179006457328796e-02,5.067469179630279541e-02,5.134024843573570251e-02,5.128752440214157104e-02,5.141150951385498047e-02,5.085010826587677002e-02,5.136594921350479126e-02,5.070917308330535889e-02,5.093781650066375732e-02,5.132740736007690430e-02,5.135031417012214661e-02,5.152880400419235229e-02,5.167490988969802856e-02,5.148361995816230774e-02,5.193359777331352234e-02
3.822675374897016587e-02,7.466519036825047806e-06,5.090541020035743713e-02,5.132826045155525208e-02,5.129956454038619995e-02,5.085550248622894287e-02,5.088611692190170288e-02,5.138629674911499023e-02,5.112781375646591187e-02,5.121221765875816345e-02,5.161478370428085327e-02,5.138411745429039001e-02,5.141253769397735596e-02,5.152799934148788452e-02,5.172121524810791016e-02,5.172685906291007996e-02,5.167514085769653320e-02
3.839092989484008123e-02,7.436809028149582446e-06,5.098994821310043335e-02,5.125894770026206970e-02,5.095425248146057129e-02,5.086764693260192871e-02,5.105110257863998413e-02,5.099053308367729187e-02,5.095442384481430054e-02,5.080134794116020203e-02,5.130622163414955139e-02,5.132848024368286133e-02,5.136601254343986511e-02,5.111510306596755981e-02,5.102444812655448914e-02,5.134509876370429993e-02,5.156271904706954956e-02
3.855510604070999658e-02,7.416438620566623285e-06,5.083465948700904846e-02,5.094263702630996704e-02,5.067350715398788452e-02,5.077696964144706726e-02,5.078662931919097900e-02,5.103097483515739441e-02,5.091433227062225342e-02,5.097810551524162292e-02,5.108970031142234802e-02,5.104418471455574036e-02,5.094015970826148987e-02,5.113435164093971252e-02,5.134990438818931580e-02,5.098392814397811890e-02,5.113632604479789734e-02
3.871928218657992582e-02,7.401416951324790716e-06,5.036838725209236145e-02,5.043264478445053101e-02,5.068409070372581482e-02,5.099769309163093567e-02,5.054448172450065613e-02,5.083382502198219299e-02,5.092714726924896240e-02,5.055598914623260498e-02,5.124062672257423401e-02,5.087849497795104980e-02,5.122134834527969360e-02,5.108567699790000916e-02,5.112451687455177307e-02,5.170022323727607727e-02,5.077559873461723328e-02
3.888345833244984118e-02,7.403269592032302171e-06,5.058207362890243530e-02,5.089141055941581726e-02,5.111412331461906433e-02,5.043976753950119019e-02,5.058474466204643250e-02,5.052432417869567871e-02,5.104092881083488464e-02,5.084520950913429260e-02,5.102508515119552612e-02,5.144608393311500549e-02,5.088433250784873962e-02,5.116616934537887573e-02,5.094923079013824463e-02,5.122041702270507812e-02,5.098729953169822693e-02
3.904763447831975653e-02,7.387939604086568579e-06,5.050609260797500610e-02,5.052590742707252502e-02,5.085758492350578308e-02,5.069078877568244934e-02,5.061403661966323853e-02,5.070134252309799194e-02,5.079244822263717651e-02,5.030530691146850586e-02,5.074881017208099365e-02,5.091789737343788147e-02,5.125391483306884766e-02,5.069468170404434204e-02,5.130916088819503784e-02,5.122365802526473999e-02,5.086944997310638428e-02
3.921181062418967883e-02,7.357902632065815851e-06,5.007227510213851929e-02,5.014691129326820374e-02,5.062078312039375305e-02,5.026043206453323364e-02,5.054010450839996338e-02,5.030349642038345337e-02,5.088647827506065369e-02,5.075491964817047119e-02,5.023686960339546204e-02,5.092411860823631287e-02,5.059414356946945190e-02,5.070517212152481079e-02,5.108154565095901489e-02,5.087547376751899719e-02,5.091169476509094238e-02
3.937598677005960113e-02,7.368671049334807321e-06,5.057891458272933960e-02,5.043486878275871277e-02,5.046584457159042358e-02,5.023839324712753296e-02,5.031220614910125732e-02,5.050097778439521790e-02,5.065379291772842407e-02,5.074253305792808533e-02,5.083740130066871643e-02,5.038975179195404053e-02,5.107560753822326660e-02,5.090654641389846802e-02,5.102194473147392273e-02,5.130088329315185547e-02,5.098867043852806091e-02
3.954016291592951649e-02,7.334394013014389202e-06,4.999192804098129272e-02,5.031980946660041809e-02,5.034985393285751343e-02,5.036950111389160156e-02,5.013515427708625793e-02,5.027309060096740723e-02,5.044830963015556335e-02,5.044992268085479736e-02,5.009252950549125671e-02,5.079148709774017334e-02,5.037204921245574951e-02,5.073267593979835510e-02,5.055531859397888184e-02,5.065810680389404297e-02,5.115889385342597961e-02
3.970433906179943878e-02,7.315563379961531609e-06,5.014529079198837280e-02,4.998824372887611389e-02,5.041946098208427429e-02,5.028983950614929199e-02,4.996242746710777283e-02,5.020321905612945557e-02,5.034936964511871338e-02,5.040780454874038696e-02,4.984093084931373596e-02,5.046230182051658630e-02,5.039277300238609314e-02,5.075801163911819458e-02,5.030135437846183777e-02,5.069340392947196960e-02,5.034020543098449707e-02
3.986851520766936108e-02,7.307709893211722374e-06,4.996691644191741943e-02,5.008427798748016357e-02,4.998563230037689209e-02,5.003638193011283875e-02,5.033000186085700989e-02,5.042409151792526245e-02,5.010960623621940613e-02,5.012378841638565063e-02,5.003099143505096436e-02,5.028090998530387878e-02,5.049302056431770325e-02,5.028495937585830688e-02,5.060427635908126831e-02,5.043870210647583008e-02,5.068766698241233826e-02
4.003269135353927644e-02,7.302999620151240379e-06,4.990428686141967773e-02,4.950742051005363464e-02,4.959013685584068298e-02,5.019291117787361145e-02,5.035689473152160645e-02,5.027821660041809082e-02,5.055775865912437439e-02,5.020106211304664612e-02,5.017604306340217590e-02,4.987569898366928101e-02,5.028834939002990723e-02,5.026579648256301880e-02,5.045305564999580383e-02,5.065102502703666687e-02,5.099640786647796631e-02
4.019686749940919179e-02,7.295967407117132097e-06,4.938896745443344116e-02,4.936750605702400208e-02,5.012009292840957642e-02,5.009301751852035522e-02,5.016757175326347351e-02,5.023902654647827148e-02,4.988462477922439575e-02,5.004029348492622375e-02,5.071734264492988586e-02,5.009792745113372803e-02,5.065884441137313843e-02,5.034682527184486389e-02,5.058025941252708435e-02,5.037892237305641174e-02,5.062697827816009521e-02
4.036104364527912103e-02,7.267695764312520623e-06,4.985155910253524780e-02,4.973633214831352234e-02,4.969068244099617004e-02,4.969455301761627197e-02,5.000449344515800476e-02,4.980633035302162170e-02,4.979576915502548218e-02,5.003029853105545044e-02,5.002067238092422485e-02,5.002621561288833618e-02,5.008528381586074829e-02,5.029458180069923401e-02,5.052114650607109070e-02,5.042946711182594299e-02,4.979760944843292236e-02
4.052521979114903639e-02,7.246817403938621283e-06,4.930889979004859924e-02,4.983849450945854187e-02,4.994745180010795593e-02,4.968430846929550171e-02,4.944142699241638184e-02,4.962277784943580627e-02,4.952717944979667664e-02,4.974296689033508301e-02,5.015318095684051514e-02,5.004263296723365784e-02,4.977463930845260620e-02,4.983542487025260925e-02,5.011421814560890198e-02,5.017543584108352661e-02,5.007955059409141541e-02
4.068939593701895174e-02,7.266205557243665680e-06,4.950331151485443115e-02,4.957823082804679871e-02,4.955617710947990417e-02,5.018316209316253662e-02,4.979109391570091248e-02,5.023222044110298157e-02,4.945798963308334351e-02,5.043493583798408508e-02,5.011445283889770508e-02,5.034099519252777100e-02,5.020153895020484924e-02,5.030229315161705017e-02,4.998463019728660583e-02,4.998969659209251404e-02,5.018137022852897644e-02
4.085357208288887404e-02,7.247199846460716799e-06,4.912495240569114685e-02,4.973985254764556885e-02,4.973611980676651001e-02,4.951209574937820435e-02,4.982094466686248779e-02,4.937033727765083313e-02,5.009388551115989685e-02,4.969386011362075806e-02,4.995883628726005554e-02,4.990703985095024109e-02,5.016489699482917786e-02,5.033960938453674316e-02,4.998467862606048584e-02,4.954624921083450317e-02,5.035358667373657227e-02
4.101774822875879634e-02,7.234191343741258606e-06,4.933994635939598083e-02,4.965602234005928040e-02,4.957966879010200500e-02,4.969915747642517090e-02,4.965491592884063721e-02,4.968523234128952026e-02,4.915806651115417480e-02,4.979743808507919312e-02,4.973403364419937134e-02,4.997866600751876831e-02,5.018750205636024475e-02,5.025075748562812805e-02,5.024724826216697693e-02,5.000735819339752197e-02,4.977070167660713196e-02
4.118192437462871169e-02,7.234581062220968306e-06,4.934102669358253479e-02,4.994412139058113098e-02,4.985301569104194641e-02,4.966321587562561035e-02,4.960384964942932129e-02,4.967520385980606079e-02,4.963277280330657959e-02,5.010243877768516541e-02,4.960347712039947510e-02,4.973523318767547607e-02,4.989423602819442749e-02,4.979866370558738708e-02,5.001753196120262146e-02,4.968957975506782532e-02,4.990784078836441040e-02
4.134610052049863399e-02,7.239353180921170861e-06,4.949405789375305176e-02,4.925797879695892334e-02,4.987069964408874512e-02,4.946606978774070740e-02,4.991554468870162964e-02,4.957581683993339539e-02,4.949038475751876831e-02,4.999756440520286560e-02,4.952748492360115051e-02,5.023756623268127441e-02,4.995421320199966431e-02,5.000167340040206909e-02,4.999893903732299805e-02,5.025205016136169434e-02,4.996103793382644653e-02
4.151027666636855629e-02,7.239679234771756455e-06,4.939130321145057678e-02,4.986521974205970764e-02,4.971214756369590759e-02,4.959061741828918457e-02,4.992026463150978088e-02,4.962395131587982178e-02,4.944093897938728333e-02,4.964238032698631287e-02,4.990311712026596069e-02,4.989195615053176880e-02,5.002146214246749878e-02,4.976727813482284546e-02,4.976899176836013794e-02,5.020628124475479126e-02,5.020418763160705566e-02
4.167445281223847164e-02,7.218922291940543801e-06,4.941731691360473633e-02,4.979539662599563599e-02,4.938451573252677917e-02,4.925376921892166138e-02,4.956075176596641541e-02,4.983826726675033569e-02,4.940165206789970398e-02,4.956329241394996643e-02,4.986415058374404907e-02,4.986844956874847412e-02,4.983872175216674805e-02,4.983422160148620605e-02,4.974466189742088318e-02,4.957537725567817688e-02,4.990103095769882202e-02
4.183862895810838700e-02,7.221839041449129581e-06,4.958356916904449463e-02,4.916369169950485229e-02,4.942279681563377380e-02,4.981380328536033630e-02,4.922238364815711975e-02,4.947387054562568665e-02,4.963021725416183472e-02,4.936493560671806335e-02,4.981786757707595825e-02,4.971512407064437866e-02,5.018562451004981995e-02,5.018448829650878906e-02,5.000558122992515564e-02,4.972233250737190247e-02,4.975182563066482544e-02
4.200280510397831624e-02,7.224348337331321090e-06,4.959085211157798767e-02,4.954824969172477722e-02,4.949501901865005493e-02,4.942655563354492188e-02,4.934700950980186462e-02,5.006785690784454346e-02,4.967724904417991638e-02,4.938356205821037292e-02,4.945067688822746277e-02,4.949758574366569519e-02,4.960628226399421692e-02,4.996865242719650269e-02,5.029303580522537231e-02,4.994770139455795288e-02,5.015015974640846252e-02
4.216698124984823159e-02,7.209192517620977014e-06,4.947274550795555115e-02,4.972867295145988464e-02,4.945969581604003906e-02,4.926082119345664978e-02,4.962630569934844971e-02,4.937999323010444641e-02,4.964667931199073792e-02,4.968730360269546509e-02,4.937614127993583679e-02,4.982820525765419006e-02,4.931635782122612000e-02,4.960077255964279175e-02,4.946925863623619080e-02,4.976807162165641785e-02,4.980827122926712036e-02
4.233115739571814695e-02,7.212698619696311653e-06,4.955042153596878052e-02,4.904355108737945557e-02,4.943187162280082703e-02,4.964146763086318970e-02,4.995871335268020630e-02,4.921722039580345154e-02,4.948529228568077087e-02,5.001590773463249207e-02,4.986067488789558411e-02,4.919587820768356323e-02,4.957623407244682312e-02,4.967579990625381470e-02,4.986949637532234192e-02,5.000057816505432129e-02,4.959861561655998230e-02
4.249533354158806925e-02,7.201680091384332627e-06,4.938555136322975159e-02,4.962234571576118469e-02,4.902944713830947876e-02,4.951698333024978638e-02,4.938415437936782837e-02,4.967161267995834351e-02,4.972321540117263794e-02,4.938647523522377014e-02,4.971966892480850220e-02,4.935882613062858582e-02,4.985827952623367310e-02,4.960925504565238953e-02,4.979843646287918091e-02,4.972934722900390625e-02,4.959503188729286194e-02
4.265950968745799154e-02,7.196611477411352098e-06,4.918112605810165405e-02,4.893051832914352417e-02,4.953779280185699463e-02,4.895192384719848633e-02,4.951408877968788147e-02,4.958276078104972839e-02,4.940047860145568848e-02,4.965298622846603394e-02,4.959430918097496033e-02,4.954041168093681335e-02,4.964181408286094666e-02,4.970369860529899597e-02,4.973073676228523254e-02,4.993751272559165955e-02,4.986307770013809204e-02
4.282368583332790690e-02,7.174018719524610788e-06,4.835153371095657349e-02,4.938536509871482849e-02,4.912314191460609436e-02,4.924374818801879883e-02,4.918157309293746948e-02,4.919169843196868896e-02,4.945591464638710022e-02,4.904577508568763733e-02,4.907580837607383728e-02,4.972640424966812134e-02,4.954722523689270020e-02,4.967834055423736572e-02,4.957374185323715210e-02,4.958698526024818420e-02,4.953560605645179749e-02
4.298786197919782920e-02,7.186418770288582891e-06,4.932544380426406860e-02,4.914458468556404114e-02,4.940953478217124939e-02,4.937248304486274719e-02,4.957926273345947266e-02,4.912188649177551270e-02,4.968623816967010498e-02,4.924376308917999268e-02,4.961968213319778442e-02,4.948539659380912781e-02,4.935358092188835144e-02,4.988961666822433472e-02,4.973972588777542114e-02,4.943411052227020264e-02,4.923709854483604431e-02
4.315203812506775150e-02,7.179924978117924184e-06,4.957728832960128784e-02,4.953660070896148682e-02,4.899191111326217651e-02,4.933058843016624451e-02,4.878984391689300537e-02,4.910275712609291077e-02,4.940899834036827087e-02,4.953838512301445007e-02,4.962687939405441284e-02,4.929088056087493896e-02,4.956428334116935730e-02,4.937446862459182739e-02,4.945840314030647278e-02,4.948679357767105103e-02,4.970078170299530029e-02
4.331621427093766685e-02,7.162734618759714067e-06,4.871850088238716125e-02,4.923947900533676147e-02,4.910222068428993225e-02,4.876969754695892334e-02,4.945637658238410950e-02,4.894438758492469788e-02,4.947558417916297913e-02,4.946493729948997498e-02,4.908983036875724792e-02,4.920051246881484985e-02,4.984049126505851746e-02,4.949714615941047668e-02,4.950875416398048401e-02,4.927529767155647278e-02,4.953170567750930786e-02
4.348039041680758221e-02,7.132361588446656242e-06,4.895747080445289612e-02,4.895031824707984924e-02,4.881609603762626648e-02,4.896803572773933411e-02,4.862709715962409973e-02,4.926802963018417358e-02,4.933562502264976501e-02,4.898223653435707092e-02,4.934903234243392944e-02,4.922905936837196350e-02,4.917972534894943237e-02,4.909212514758110046e-02,4.905197024345397949e-02,4.907692968845367432e-02,4.926876723766326904e-02
4.364456656267751145e-02,7.139258741517551243e-06,4.897516220808029175e-02,4.925611242651939392e-02,4.868556559085845947e-02,4.921189323067665100e-02,4.922757670283317566e-02,4.894508421421051025e-02,4.926876723766326904e-02,4.908744245767593384e-02,4.877352714538574219e-02,4.882789775729179382e-02,4.924763366580009460e-02,4.935124143958091736e-02,4.924353957176208496e-02,4.899448528885841370e-02,4.954175651073455811e-02
4.380874270854742680e-02,7.122007900761673227e-06,4.875172674655914307e-02,4.883962124586105347e-02,4.866032302379608154e-02,4.881992191076278687e-02,4.892693087458610535e-02,4.936420544981956482e-02,4.898288846015930176e-02,4.901251569390296936e-02,4.885594919323921204e-02,4.909058660268783569e-02,4.890505224466323853e-02,4.897937551140785217e-02,4.918705299496650696e-02,4.893852397799491882e-02,4.949392005801200867e-02
4.397291885441734216e-02,7.129556706786388531e-06,4.904339835047721863e-02,4.885293170809745789e-02,4.895003512501716614e-02,4.898170381784439087e-02,4.923127964138984680e-02,4.891188442707061768e-02,4.854619875550270081e-02,4.842953011393547058e-02,4.923065006732940674e-02,4.930500686168670654e-02,4.903863742947578430e-02,4.920247569680213928e-02,4.940409213304519653e-02,4.920731857419013977e-02,4.922981932759284973e-02
4.413709500028726446e-02,7.136935437301872298e-06,4.871522635221481323e-02,4.858923330903053284e-02,4.914595559239387512e-02,4.899281263351440430e-02,4.934464767575263977e-02,4.887560382485389709e-02,4.904864355921745300e-02,4.916415363550186157e-02,4.931174218654632568e-02,4.894186183810234070e-02,4.917531833052635193e-02,4.937769100069999695e-02,4.911570996046066284e-02,4.953471571207046509e-02,4.931170120835304260e-02
4.430127114615718675e-02,7.122712759155547246e-06,4.875190928578376770e-02,4.911428689956665039e-02,4.897100105881690979e-02,4.882645234465599060e-02,4.897527024149894714e-02,4.906050488352775574e-02,4.888996854424476624e-02,4.956229403614997864e-02,4.863364249467849731e-02,4.896862804889678955e-02,4.903406649827957153e-02,4.922101274132728577e-02,4.900301247835159302e-02,4.884440824389457703e-02,4.941683262586593628e-02
4.446544729202710211e-02,7.105368240445386618e-06,4.860560595989227295e-02,4.900020733475685120e-02,4.878998920321464539e-02,4.873442277312278748e-02,4.903374984860420227e-02,4.887543618679046631e-02,4.846480861306190491e-02,4.899595305323600769e-02,4.882190003991127014e-02,4.894158244132995605e-02,4.903431981801986694e-02,4.908846691250801086e-02,4.903510585427284241e-02,4.905235767364501953e-02,4.902740567922592163e-02
4.462962343789702441e-02,7.094612101354869083e-06,4.903793334960937500e-02,4.851140826940536499e-02,4.852596297860145569e-02,4.893729090690612793e-02,4.887205362319946289e-02,4.862962663173675537e-02,4.887570440769195557e-02,4.873065277934074402e-02,4.898093268275260925e-02,4.902406036853790283e-02,4.890319705009460449e-02,4.909176379442214966e-02,4.881541058421134949e-02,4.878283292055130005e-02,4.895976558327674866e-02
4.479379958376694670e-02,7.084986009431304410e-06,4.895915091037750244e-02,4.865483939647674561e-02,4.851083084940910339e-02,4.858320206403732300e-02,4.823122918605804443e-02,4.899770021438598633e-02,4.896363615989685059e-02,4.904631152749061584e-02,4.884777218103408813e-02,4.881138354539871216e-02,4.879718273878097534e-02,4.844281822443008423e-02,4.895224794745445251e-02,4.853903502225875854e-02,4.896088317036628723e-02
4.495797572963686206e-02,7.090501640050206333e-06,4.841432347893714905e-02,4.867564514279365540e-02,4.886160045862197876e-02,4.859999194741249084e-02,4.864059388637542725e-02,4.872869700193405151e-02,4.888080060482025146e-02,4.892498627305030823e-02,4.844542592763900757e-02,4.889990761876106262e-02,4.865942150354385376e-02,4.890613630414009094e-02,4.897980764508247375e-02,4.884188994765281677e-02,4.914326965808868408e-02
4.512215187550677742e-02,7.083395757945254445e-06,4.873243719339370728e-02,4.875861108303070068e-02,4.855531081557273865e-02,4.825395718216896057e-02,4.863686114549636841e-02,4.876668006181716919e-02,4.907833039760589600e-02,4.877360910177230835e-02,4.874054715037345886e-02,4.884782060980796814e-02,4.893774166703224182e-02,4.858368635177612305e-02,4.876571893692016602e-02,4.876227676868438721e-02,4.888162389397621155e-02
4.528632802137670665e-02,7.068505055940477178e-06,4.836135357618331909e-02,4.819311946630477905e-02,4.873575270175933838e-02,4.858143627643585205e-02,4.845535755157470703e-02,4.875855147838592529e-02,4.856470972299575806e-02,4.872995987534523010e-02,4.847861081361770630e-02,4.873193055391311646e-02,4.850657284259796143e-02,4.883329942822456360e-02,4.915864393115043640e-02,4.896588623523712158e-02,4.878359287977218628e-02
4.545050416724662201e-02,7.059861218294827268e-06,4.833460599184036255e-02,4.870538413524627686e-02,4.886856302618980408e-02,4.818069562315940857e-02,4.847691953182220459e-02,4.846323654055595398e-02,4.886222630739212036e-02,4.843202233314514160e-02,4.852711781859397888e-02,4.854174330830574036e-02,4.881736263632774353e-02,4.825712740421295166e-02,4.858148470520973206e-02,4.898215830326080322e-02,4.866298288106918335e-02
4.561468031311653737e-02,7.043372079351684079e-06,4.825477674603462219e-02,4.796800389885902405e-02,4.831555858254432678e-02,4.824684932827949524e-02,4.842738062143325806e-02,4.854905605316162109e-02,4.866209253668785095e-02,4.852394759654998779e-02,4.867522045969963074e-02,4.864998161792755127e-02,4.854837805032730103e-02,4.807034879922866821e-02,4.867488145828247070e-02,4.906620457768440247e-02,4.854944348335266113e-02
4.577885645898645967e-02,7.048786301311338320e-06,4.852671921253204346e-02,4.848451539874076843e-02,4.838615283370018005e-02,4.831784218549728394e-02,4.843701049685478210e-02,4.868860915303230286e-02,4.834600538015365601e-02,4.828396067023277283e-02,4.855306446552276611e-02,4.830337315797805786e-02,4.818117618560791016e-02,4.892904683947563171e-02,4.886451363563537598e-02,4.820295050740242004e-02,4.899404942989349365e-02
4.594303260485638196e-02,7.031118911982048303e-06,4.866353422403335571e-02,4.813907667994499207e-02,4.834761470556259155e-02,4.806042090058326721e-02,4.814153909683227539e-02,4.828896000981330872e-02,4.840643703937530518e-02,4.875426366925239563e-02,4.850480705499649048e-02,4.841943830251693726e-02,4.848566651344299316e-02,4.816060513257980347e-02,4.803253337740898132e-02,4.844440892338752747e-02,4.848917573690414429e-02
4.610720875072629732e-02,7.024172646197257563e-06,4.805240407586097717e-02,4.800330474972724915e-02,4.834460467100143433e-02,4.830776900053024292e-02,4.827103018760681152e-02,4.843539372086524963e-02,4.797793179750442505e-02,4.839250445365905762e-02,4.915694147348403931e-02,4.816857352852821350e-02,4.826673492789268494e-02,4.884622618556022644e-02,4.762208089232444763e-02,4.882480204105377197e-02,4.844139143824577332e-02
4.627138489659621962e-02,7.017334610281977803e-06,4.791050404310226440e-02,4.822926968336105347e-02,4.831605404615402222e-02,4.810300841927528381e-02,4.828071966767311096e-02,4.821728169918060303e-02,4.838065803050994873e-02,4.824180901050567627e-02,4.843564704060554504e-02,4.823301360011100769e-02,4.854525625705718994e-02,4.855081066489219666e-02,4.850417003035545349e-02,4.824831336736679077e-02,4.810132086277008057e-02
4.643556104246614191e-02,6.995800049480749294e-06,4.845047742128372192e-02,4.811280593276023865e-02,4.779604449868202209e-02,4.818038642406463623e-02,4.812673106789588928e-02,4.825916513800621033e-02,4.809810966253280640e-02,4.839704558253288269e-02,4.777426645159721375e-02,4.826647788286209106e-02,4.819791764020919800e-02,4.843499511480331421e-02,4.817060753703117371e-02,4.829909279942512512e-02,4.800566658377647400e-02
4.659973718833605727e-02,6.998468961683101952e-06,4.817554354667663574e-02,4.788257554173469543e-02,4.823204129934310913e-02,4.820592701435089111e-02,4.820938408374786377e-02,4.811311513185501099e-02,4.768710583448410034e-02,4.834890365600585938e-02,4.834177345037460327e-02,4.838232696056365967e-02,4.831517487764358521e-02,4.789350926876068115e-02,4.797782748937606812e-02,4.817212000489234924e-02,4.821882024407386780e-02
4.676391333420597263e-02,6.988469067437108606e-06,4.812980443239212036e-02,4.756442829966545105e-02,4.775250330567359924e-02,4.780154675245285034e-02,4.822152853012084961e-02,4.803930595517158508e-02,4.795916751027107239e-02,4.837270453572273254e-02,4.844907298684120178e-02,4.828190803527832031e-02,4.804484918713569641e-02,4.832982644438743591e-02,4.782400280237197876e-02,4.830659553408622742e-02,4.823220521211624146e-02
4.692808948007590186e-02,6.986989774304674938e-06,4.793442785739898682e-02,4.819714277982711792e-02,4.807276651263237000e-02,4.801474884152412415e-02,4.789330437779426575e-02,4.804112762212753296e-02,4.807712882757186890e-02,4.739479720592498779e-02,4.866084828972816467e-02,4.805805906653404236e-02,4.827528074383735657e-02,4.808676987886428833e-02,4.810757935047149658e-02,4.809116199612617493e-02,4.854616895318031311e-02
4.709226562594581722e-02,6.960520749998977408e-06,4.797198250889778137e-02,4.819444194436073303e-02,4.778441786766052246e-02,4.809246212244033813e-02,4.779496416449546814e-02,4.812632873654365540e-02,4.791325703263282776e-02,4.797380417585372925e-02,4.739238694310188293e-02,4.777419194579124451e-02,4.763417690992355347e-02,4.777204245328903198e-02,4.826860502362251282e-02,4.752028733491897583e-02,4.784009233117103577e-02
4.725644177181573258e-02,6.964674412301974371e-06,4.788714274764060974e-02,4.787171632051467896e-02,4.772586002945899963e-02,4.819992184638977051e-02,4.829788953065872192e-02,4.768806323409080505e-02,4.781037196516990662e-02,4.804272204637527466e-02,4.791533946990966797e-02,4.778866097331047058e-02,4.794979840517044067e-02,4.802732914686203003e-02,4.776887968182563782e-02,4.786269739270210266e-02,4.824259132146835327e-02
4.742061791768565487e-02,6.964031854295171797e-06,4.806618392467498779e-02,4.815741628408432007e-02,4.802968725562095642e-02,4.793701693415641785e-02,4.765475168824195862e-02,4.809577390551567078e-02,4.773187264800071716e-02,4.774953052401542664e-02,4.766872897744178772e-02,4.787593334913253784e-02,4.816178977489471436e-02,4.788155481219291687e-02,4.790073633193969727e-02,4.802584648132324219e-02,4.801321402192115784e-02
4.758479406355557717e-02,6.939258128113579005e-06,4.762627184391021729e-02,4.801368340849876404e-02,4.806607216596603394e-02,4.774061962962150574e-02,4.813931509852409363e-02,4.769393056631088257e-02,4.753574728965759277e-02,4.772211983799934387e-02,4.789435490965843201e-02,4.786329716444015503e-02,4.745534434914588928e-02,4.784920066595077515e-02,4.739338904619216919e-02,4.765337333083152771e-02,4.774028807878494263e-02
4.774897020942549253e-02,6.940871116967173293e-06,4.770414531230926514e-02,4.774751141667366028e-02,4.783727228641510010e-02,4.802404716610908508e-02,4.780932888388633728e-02,4.775746539235115051e-02,4.767085239291191101e-02,4.749559238553047180e-02,4.794245585799217224e-02,4.792495071887969971e-02,4.707476496696472168e-02,4.789635539054870605e-02,4.772998765110969543e-02,4.808916151523590088e-02,4.795003682374954224e-02
4.791314635529541482e-02,6.940649200259940699e-06,4.786211252212524414e-02,4.808937013149261475e-02,4.843437671661376953e-02,4.769084975123405457e-02,4.765998944640159607e-02,4.756944254040718079e-02,4.775942489504814148e-02,4.804172366857528687e-02,4.776519536972045898e-02,4.786476865410804749e-02,4.717794805765151978e-02,4.751269891858100891e-02,4.770646244287490845e-02,4.772558808326721191e-02,4.755558818578720093e-02
4.807732250116533712e-02,6.919625320733757690e-06,4.749663919210433960e-02,4.721891507506370544e-02,4.760304093360900879e-02,4.803538322448730469e-02,4.760111868381500244e-02,4.738120734691619873e-02,4.772442579269409180e-02,4.748416692018508911e-02,4.771142452955245972e-02,4.765791073441505432e-02,4.749853909015655518e-02,4.786423593759536743e-02,4.741546511650085449e-02,4.759395495057106018e-02,4.780799150466918945e-02
4.824149864703525248e-02,6.933273652975913137e-06,4.786132648587226868e-02,4.770381376147270203e-02,4.769622161984443665e-02,4.807421565055847168e-02,4.786494001746177673e-02,4.760046675801277161e-02,4.752134159207344055e-02,4.772524535655975342e-02,4.748760908842086792e-02,4.768295586109161377e-02,4.792623594403266907e-02,4.772513359785079956e-02,4.757335036993026733e-02,4.773663729429244995e-02,4.759802669286727905e-02
4.840567479290516784e-02,6.920741725480183959e-06,4.730445519089698792e-02,4.769103974103927612e-02,4.784715548157691956e-02,4.766268283128738403e-02,4.772743955254554749e-02,4.769474267959594727e-02,4.737121239304542542e-02,4.711486026644706726e-02,4.779896885156631470e-02,4.768481850624084473e-02,4.790758714079856873e-02,4.786259308457374573e-02,4.738678783178329468e-02,4.783307760953903198e-02,4.732279106974601746e-02
4.856985093877509707e-02,6.898508672747993842e-06,4.754114523530006409e-02,4.737133905291557312e-02,4.695316776633262634e-02,4.748907685279846191e-02,4.756484180688858032e-02,4.782285168766975403e-02,4.770433902740478516e-02,4.714795202016830444e-02,4.711496457457542419e-02,4.765054956078529358e-02,4.734861850738525391e-02,4.734146222472190857e-02,4.748414084315299988e-02,4.792725667357444763e-02,4.749634489417076111e-02
4.873402708464501243e-02,6.898053470649756491e-06,4.785891622304916382e-02,4.707658290863037109e-02,4.779629036784172058e-02,4.775485023856163025e-02,4.729043319821357727e-02,4.780340939760208130e-02,4.747559130191802979e-02,4.752050340175628662e-02,4.739034175872802734e-02,4.704146459698677063e-02,4.733093827962875366e-02,4.735670983791351318e-02,4.740823060274124146e-02,4.758131876587867737e-02,4.750392585992813110e-02
4.889820323051492779e-02,6.896279955981299281e-06,4.761913791298866272e-02,4.751577600836753845e-02,4.764860123395919800e-02,4.754045233130455017e-02,4.759950935840606689e-02,4.738168045878410339e-02,4.763130098581314087e-02,4.770760238170623779e-02,4.717716574668884277e-02,4.750356823205947876e-02,4.718353226780891418e-02,4.707035422325134277e-02,4.728500545024871826e-02,4.794060438871383667e-02,4.730312153697013855e-02
4.906237937638485008e-02,6.878732619952643290e-06,4.729131609201431274e-02,4.722723364830017090e-02,4.734698310494422913e-02,4.734008759260177612e-02,4.729865118861198425e-02,4.734251648187637329e-02,4.734277725219726562e-02,4.724951460957527161e-02,4.767846688628196716e-02,4.729017987847328186e-02,4.742044955492019653e-02,4.713061824440956116e-02,4.741699621081352234e-02,4.729349911212921143e-02,4.719483479857444763e-02
4.922655552225477238e-02,6.877382929815212265e-06,4.746506363153457642e-02,4.765079170465469360e-02,4.736743122339248657e-02,4.756768047809600830e-02,4.740124195814132690e-02,4.692783206701278687e-02,4.771404713392257690e-02,4.745478928089141846e-02,4.738121852278709412e-02,4.697814956307411194e-02,4.706018790602684021e-02,4.690888524055480957e-02,4.743558168411254883e-02,4.737370833754539490e-02,4.693743214011192322e-02
4.939073166812468774e-02,6.843781193310860544e-06,4.690772667527198792e-02,4.714146256446838379e-02,4.725591093301773071e-02,4.714064300060272217e-02,4.704408720135688782e-02,4.736064001917839050e-02,4.701034352183341980e-02,4.671628028154373169e-02,4.755593836307525635e-02,4.707936197519302368e-02,4.701161757111549377e-02,4.717204347252845764e-02,4.688886553049087524e-02,4.707079008221626282e-02,4.717199131846427917e-02
4.955490781399461003e-02,6.855827905383193865e-06,4.742841795086860657e-02,4.722760617733001709e-02,4.691473022103309631e-02,4.736859723925590515e-02,4.697040468454360962e-02,4.743744060397148132e-02,4.712633416056632996e-02,4.747470840811729431e-02,4.740175977349281311e-02,4.711877182126045227e-02,4.711175709962844849e-02,4.713610559701919556e-02,4.723376780748367310e-02,4.710739850997924805e-02,4.677071422338485718e-02
4.971908395986453233e-02,6.840051810286240652e-06,4.713918268680572510e-02,4.753186553716659546e-02,4.700564965605735779e-02,4.739598929882049561e-02,4.642336443066596985e-02,4.687289893627166748e-02,4.707865417003631592e-02,4.692916199564933777e-02,4.671419411897659302e-02,4.733607545495033264e-02,4.715974628925323486e-02,4.740051552653312683e-02,4.722792282700538635e-02,4.706420749425888062e-02,4.681438580155372620e-02
4.988326010573444769e-02,6.821046554250642657e-06,4.703714326024055481e-02,4.687981680035591125e-02,4.735352843999862671e-02,4.718300700187683105e-02,4.715708270668983459e-02,4.700245335698127747e-02,4.723197221755981445e-02,4.717762768268585205e-02,4.695037752389907837e-02,4.673824086785316467e-02,4.679361730813980103e-02,4.681756347417831421e-02,4.660598933696746826e-02,4.702152311801910400e-02,4.641940817236900330e-02
5.004743625160436304e-02,6.832427970948629081e-06,4.742483422160148621e-02,4.726354405283927917e-02,4.707637429237365723e-02,4.753697291016578674e-02,4.733217135071754456e-02,4.675592109560966492e-02,4.685470089316368103e-02,4.682515561580657959e-02,4.684393480420112610e-02,4.690732434391975403e-02,4.707800969481468201e-02,4.685955122113227844e-02,4.664733260869979858e-02,4.694453999400138855e-02,4.702676460146903992e-02
5.021161239747429228e-02,6.801309154980117455e-06,4.690371081233024597e-02,4.712265357375144958e-02,4.688598215579986572e-02,4.698293656110763550e-02,4.672764614224433899e-02,4.651832953095436096e-02,4.672155156731605530e-02,4.674214124679565430e-02,4.684292897582054138e-02,4.700820520520210266e-02,4.689000546932220459e-02,4.691030830144882202e-02,4.645057022571563721e-02,4.642502963542938232e-02,4.647452756762504578e-02
5.037578854334420764e-02,6.792849944758927450e-06,4.726495221257209778e-02,4.721664264798164368e-02,4.660122096538543701e-02,4.663259908556938171e-02,4.664908722043037415e-02,4.662853851914405823e-02,4.674973338842391968e-02,4.630810767412185669e-02,4.653499275445938110e-02,4.667649790644645691e-02,4.664168506860733032e-02,4.714602231979370117e-02,4.664510488510131836e-02,4.660790413618087769e-02,4.706935212016105652e-02
5.053996468921412299e-02,6.793221928091952577e-06,4.694653302431106567e-02,4.678984731435775757e-02,4.699924960732460022e-02,4.700366780161857605e-02,4.695899784564971924e-02,4.727512598037719727e-02,4.672050848603248596e-02,4.691470414400100708e-02,4.654802381992340088e-02,4.619529843330383301e-02,4.661519452929496765e-02,4.641503468155860901e-02,4.719501733779907227e-02,4.648539423942565918e-02,4.615601152181625366e-02
5.070414083508404529e-02,6.793150987505214289e-06,4.690093547105789185e-02,4.670929536223411560e-02,4.701118171215057373e-02,4.688449203968048096e-02,4.737994074821472168e-02,4.693941771984100342e-02,4.656689241528511047e-02,4.666418582201004028e-02,4.667755588889122009e-02,4.660534486174583435e-02,4.681522026658058167e-02,4.628149420022964478e-02,4.632148519158363342e-02,4.682900384068489075e-02,4.671000316739082336e-02
5.086831698095396759e-02,6.782361651858082041e-06,4.690368101000785828e-02,4.687618091702461243e-02,4.672087356448173523e-02,4.689610004425048828e-02,4.676820337772369385e-02,4.673800617456436157e-02,4.686876386404037476e-02,4.710418358445167542e-02,4.652762785553932190e-02,4.629838094115257263e-02,4.629596695303916931e-02,4.646862298250198364e-02,4.675139859318733215e-02,4.639438912272453308e-02,4.675863683223724365e-02
5.103249312682388295e-02,6.770462277927435935e-06,4.660847038030624390e-02,4.684420675039291382e-02,4.684905335307121277e-02,4.730938002467155457e-02,4.695577546954154968e-02,4.653283581137657166e-02,4.640934988856315613e-02,4.679845646023750305e-02,4.684681817889213562e-02,4.633147642016410828e-02,4.595218971371650696e-02,4.614813253283500671e-02,4.618666321039199829e-02,4.663285240530967712e-02,4.658461362123489380e-02
5.119666927269380524e-02,6.769521405658451840e-06,4.675557464361190796e-02,4.677778109908103943e-02,4.670149460434913635e-02,4.661383852362632751e-02,4.697626456618309021e-02,4.647861048579216003e-02,4.666694253683090210e-02,4.688216745853424072e-02,4.643572494387626648e-02,4.654850810766220093e-02,4.647113010287284851e-02,4.645331203937530518e-02,4.643395915627479553e-02,4.627316817641258240e-02,4.623359441757202148e-02
5.136084541856372754e-02,6.771115295123308897e-06,4.704245179891586304e-02,4.677184671163558960e-02,4.691521450877189636e-02,4.628836363554000854e-02,4.677321016788482666e-02,4.656116664409637451e-02,4.662179574370384216e-02,4.644675180315971375e-02,4.662768542766571045e-02,4.636621475219726562e-02,4.650495201349258423e-02,4.665455967187881470e-02,4.656030237674713135e-02,4.628087580204010010e-02,4.659599065780639648e-02
5.152502156443364290e-02,6.735468559782020748e-06,4.652365297079086304e-02,4.690509662032127380e-02,4.622950032353401184e-02,4.628110677003860474e-02,4.644397273659706116e-02,4.596851021051406860e-02,4.656265303492546082e-02,4.642312228679656982e-02,4.673245921730995178e-02,4.642825201153755188e-02,4.642320424318313599e-02,4.630658775568008423e-02,4.599324613809585571e-02,4.622824117541313171e-02,4.611396789550781250e-02
5.168919771030355825e-02,6.742800906067714095e-06,4.636069759726524353e-02,4.675232619047164917e-02,4.643297195434570312e-02,4.669669270515441895e-02,4.653554409742355347e-02,4.674762859940528870e-02,4.644490778446197510e-02,4.646886140108108521e-02,4.614337533712387085e-02,4.604563489556312561e-02,4.632755741477012634e-02,4.643143340945243835e-02,4.597428441047668457e-02,4.659156873822212219e-02,4.625472053885459900e-02
5.185337385617348055e-02,6.729223514412296936e-06,4.636802151799201965e-02,4.654422774910926819e-02,4.680097475647926331e-02,4.632866382598876953e-02,4.685828089714050293e-02,4.630761593580245972e-02,4.649674519896507263e-02,4.651387035846710205e-02,4.636958613991737366e-02,4.610082879662513733e-02,4.610399901866912842e-02,4.620324820280075073e-02,4.585525766015052795e-02,4.617926105856895447e-02,4.605993255972862244e-02
5.201755000204340285e-02,6.733203917974606156e-06,4.645058512687683105e-02,4.599086567759513855e-02,4.680556058883666992e-02,4.660111293196678162e-02,4.619572311639785767e-02,4.681234806776046753e-02,4.650883004069328308e-02,4.641976580023765564e-02,4.638915136456489563e-02,4.617586731910705566e-02,4.641154780983924866e-02,4.608482867479324341e-02,4.626693204045295715e-02,4.590339586138725281e-02,4.583185538649559021e-02
5.218172614791331820e-02,6.721563750033965334e-06,4.673263058066368103e-02,4.638322815299034119e-02,4.664912819862365723e-02,4.596057161688804626e-02,4.605778679251670837e-02,4.663416370749473572e-02,4.622196406126022339e-02,4.648877307772636414e-02,4.650063440203666687e-02,4.628629237413406372e-02,4.627187177538871765e-02,4.576443880796432495e-02,4.562636837363243103e-02,4.608962684869766235e-02,4.643647372722625732e-02
5.234590229378324050e-02,6.697143362544011325e-06,4.627450928092002869e-02,4.643291607499122620e-02,4.656917601823806763e-02,4.615848138928413391e-02,4.604126140475273132e-02,4.663860425353050232e-02,4.636880010366439819e-02,4.585197940468788147e-02,4.586082324385643005e-02,4.595360904932022095e-02,4.572878777980804443e-02,4.606239125132560730e-02,4.591871425509452820e-02,4.613274708390235901e-02,4.562215507030487061e-02
5.251007843965316280e-02,6.691618182230740786e-06,4.623211547732353210e-02,4.603605717420578003e-02,4.647136479616165161e-02,4.630389437079429626e-02,4.632164910435676575e-02,4.602737724781036377e-02,4.591943696141242981e-02,4.588625207543373108e-02,4.592693597078323364e-02,4.583308473229408264e-02,4.577957838773727417e-02,4.611907154321670532e-02,4.608644545078277588e-02,4.556603357195854187e-02,4.598286002874374390e-02
5.267425458552307815e-02,6.683312221866799518e-06,4.656221717596054077e-02,4.615736380219459534e-02,4.631827026605606079e-02,4.613194987177848816e-02,4.648528620600700378e-02,4.628077521920204163e-02,4.612491652369499207e-02,4.605806618928909302e-02,4.578058421611785889e-02,4.580089822411537170e-02,4.583419114351272583e-02,4.539723321795463562e-02,4.562714695930480957e-02,4.583512991666793823e-02,4.557284340262413025e-02
5.283843073139299351e-02,6.678780664515215904e-06,4.625129327178001404e-02,4.653842002153396606e-02,4.593146219849586487e-02,4.663408175110816956e-02,4.598872363567352295e-02,4.613159969449043274e-02,4.608732461929321289e-02,4.571763426065444946e-02,4.592176899313926697e-02,4.575512185692787170e-02,4.589079692959785461e-02,4.587082564830780029e-02,4.571060836315155029e-02,4.572449252009391785e-02,4.551384225487709045e-02
5.300260687726292275e-02,6.642844255111413077e-06,4.595816135406494141e-02,4.571116715669631958e-02,4.563545808196067810e-02,4.583256319165229797e-02,4.569527506828308105e-02,4.621552303433418274e-02,4.574577137827873230e-02,4.520744085311889648e-02,4.573648795485496521e-02,4.589013010263442993e-02,4.587619751691818237e-02,4.586967080831527710e-02,4.562175273895263672e-02,4.522325098514556885e-02,4.553985223174095154e-02
5.316678302313283810e-02,6.645926077908370644e-06,4.629382491111755371e-02,4.608363285660743713e-02,4.648524895310401917e-02,4.575436934828758240e-02,4.611001163721084595e-02,4.561661183834075928e-02,4.566359892487525940e-02,4.569596424698829651e-02,4.574156552553176880e-02,4.571522399783134460e-02,4.532501846551895142e-02,4.546945542097091675e-02,4.570148885250091553e-02,4.560242965817451477e-02,4.492774233222007751e-02
5.333095916900275346e-02,6.626614776905626059e-06,4.614850133657455444e-02,4.537818953394889832e-02,4.573452100157737732e-02,4.606922715902328491e-02,4.578202217817306519e-02,4.575369879603385925e-02,4.584275931119918823e-02,4.541512578725814819e-02,4.569137841463088989e-02,4.504593089222908020e-02,4.570259898900985718e-02,4.534930735826492310e-02,4.562018811702728271e-02,4.499056562781333923e-02,4.554703831672668457e-02
5.349513531487267576e-02,6.641209438384976238e-06,4.588458687067031860e-02,4.579469561576843262e-02,4.619477316737174988e-02,4.595899954438209534e-02,4.577413946390151978e-02,4.552122205495834351e-02,4.597967863082885742e-02,4.579669982194900513e-02,4.548405855894088745e-02,4.584965109825134277e-02,4.578346014022827148e-02,4.558510705828666687e-02,4.593854025006294250e-02,4.522572457790374756e-02,4.527656361460685730e-02
5.365931146074259805e-02,6.605160706385504454e-06,4.592486470937728882e-02,4.530678316950798035e-02,4.585948958992958069e-02,4.534792900085449219e-02,4.564018920063972473e-02,4.588663950562477112e-02,4.581908881664276123e-02,4.565341770648956299e-02,4.515951499342918396e-02,4.528563469648361206e-02,4.525647684931755066e-02,4.517412185668945312e-02,4.576861485838890076e-02,4.507673904299736023e-02,4.514891654253005981e-02
5.382348760661251341e-02,6.610326181544223800e-06,4.593914002180099487e-02,4.574048519134521484e-02,4.579808562994003296e-02,4.589734598994255066e-02,4.529750347137451172e-02,4.540135711431503296e-02,4.558183252811431885e-02,4.552084952592849731e-02,4.539714008569717407e-02,4.509286954998970032e-02,4.516793042421340942e-02,4.531161859631538391e-02,4.585272818803787231e-02,4.508287087082862854e-02,4.545956850051879883e-02
5.398766375248243571e-02,6.596199455088935792e-06,4.581385478377342224e-02,4.577007517218589783e-02,4.578842967748641968e-02,4.561362415552139282e-02,4.562734812498092651e-02,4.541290923953056335e-02,4.509916901588439941e-02,4.526405036449432373e-02,4.523757472634315491e-02,4.514954239130020142e-02,4.544124752283096313e-02,4.515600204467773438e-02,4.517004638910293579e-02,4.522443935275077820e-02,4.542180895805358887e-02
5.415183989835235800e-02,6.597908850380918011e-06,4.614726826548576355e-02,4.589658230543136597e-02,4.558859393000602722e-02,4.537596926093101501e-02,4.571180045604705811e-02,4.530870169401168823e-02,4.564971104264259338e-02,4.549278318881988525e-02,4.517696797847747803e-02,4.523934051394462585e-02,4.537609219551086426e-02,4.512089490890502930e-02,4.516391456127166748e-02,4.522186145186424255e-02,4.476545378565788269e-02
5.431601604422227336e-02,6.572422989847837016e-06,4.566089436411857605e-02,4.573648795485496521e-02,4.540843516588211060e-02,4.534301534295082092e-02,4.559452831745147705e-02,4.512462019920349121e-02,4.517317190766334534e-02,4.552549868822097778e-02,4.528468847274780273e-02,4.517855495214462280e-02,4.489686712622642517e-02,4.505071043968200684e-02,4.504156112670898438e-02,4.466381296515464783e-02,4.482847079634666443e-02
5.448019219009218872e-02,6.550918442371767014e-06,4.542302340269088745e-02,4.561381414532661438e-02,4.537229239940643311e-02,4.555967450141906738e-02,4.536304995417594910e-02,4.540611431002616882e-02,4.509783908724784851e-02,4.466368257999420166e-02,4.508920013904571533e-02,4.480986297130584717e-02,4.469646140933036804e-02,4.494470730423927307e-02,4.513753205537796021e-02,4.459646716713905334e-02,4.494727402925491333e-02
5.464436833596211796e-02,6.550275884364964440e-06,4.533661901950836182e-02,4.564793035387992859e-02,4.549925774335861206e-02,4.475336149334907532e-02,4.524641111493110657e-02,4.516589641571044922e-02,4.528646543622016907e-02,4.527476429939270020e-02,4.482916742563247681e-02,4.525024443864822388e-02,4.453150928020477295e-02,4.495496675372123718e-02,4.497455433011054993e-02,4.475610330700874329e-02,4.486936703324317932e-02
5.480854448183203331e-02,6.546167696797056124e-06,4.556306824088096619e-02,4.546755552291870117e-02,4.520833864808082581e-02,4.518923163414001465e-02,4.558577761054039001e-02,4.526547715067863464e-02,4.472311586141586304e-02,4.507848992943763733e-02,4.515028744935989380e-02,4.506672546267509460e-02,4.491706937551498413e-02,4.514676332473754883e-02,4.449090361595153809e-02,4.445743933320045471e-02,4.436806961894035339e-02
5.497272062770194867e-02,6.537082754221046343e-06,4.490114748477935791e-02,4.535423219203948975e-02,4.542474076151847839e-02,4.563044384121894836e-02,4.496810957789421082e-02,4.529107734560966492e-02,4.463709890842437744e-02,4.493384435772895813e-02,4.517962411046028137e-02,4.494930431246757507e-02,4.497490450739860535e-02,4.428498446941375732e-02,4.509896785020828247e-02,4.434270039200782776e-02,4.501392692327499390e-02
5.513689677357187097e-02,6.534608928632223979e-06,4.556022211909294128e-02,4.534016549587249756e-02,4.501288384199142456e-02,4.476882889866828918e-02,4.522369429469108582e-02,4.535092785954475403e-02,4.515425115823745728e-02,4.488831013441085815e-02,4.499286785721778870e-02,4.511451721191406250e-02,4.465627670288085938e-02,4.496834054589271545e-02,4.462816938757896423e-02,4.464387893676757812e-02,4.490757361054420471e-02
5.530107291944179326e-02,6.512107574963010848e-06,4.498006775975227356e-02,4.537817090749740601e-02,4.474252089858055115e-02,4.495244100689888000e-02,4.533561691641807556e-02,4.507777094841003418e-02,4.455503076314926147e-02,4.470187425613403320e-02,4.469084739685058594e-02,4.460179805755615234e-02,4.447229951620101929e-02,4.505453258752822876e-02,4.494892805814743042e-02,4.461572691798210144e-02,4.453720524907112122e-02
5.546524906531170862e-02,6.498582479252945632e-06,4.491994902491569519e-02,4.495517536997795105e-02,4.477366432547569275e-02,4.488288611173629761e-02,4.496779665350914001e-02,4.518841579556465149e-02,4.527302086353302002e-02,4.465518146753311157e-02,4.486667364835739136e-02,4.466433450579643250e-02,4.438932612538337708e-02,4.396996274590492249e-02,4.454416036605834961e-02,4.430573806166648865e-02,4.459979012608528137e-02
5.562942521118163092e-02,6.491148269560653716e-06,4.483897984027862549e-02,4.540473222732543945e-02,4.512502625584602356e-02,4.493185132741928101e-02,4.505023732781410217e-02,4.483550414443016052e-02,4.471447691321372986e-02,4.468478262424468994e-02,4.444385692477226257e-02,4.477633908390998840e-02,4.492537304759025574e-02,4.443773627281188965e-02,4.435839504003524780e-02,4.415106773376464844e-02,4.373975470662117004e-02
5.579360135705155321e-02,6.478255272668320686e-06,4.510153084993362427e-02,4.495259001851081848e-02,4.499696195125579834e-02,4.440179467201232910e-02,4.495147243142127991e-02,4.470791667699813843e-02,4.445098713040351868e-02,4.449348896741867065e-02,4.455852136015892029e-02,4.482996091246604919e-02,4.420249164104461670e-02,4.454050213098526001e-02,4.437253251671791077e-02,4.435463994741439819e-02,4.397548735141754150e-02
5.595777750292146857e-02,6.478575414803344756e-06,4.496142640709877014e-02,4.478190839290618896e-02,4.453901201486587524e-02,4.479774832725524902e-02,4.474828019738197327e-02,4.482522979378700256e-02,4.454571008682250977e-02,4.454137384891510010e-02,4.447915032505989075e-02,4.481070116162300110e-02,4.446952417492866516e-02,4.445033147931098938e-02,4.436784982681274414e-02,4.450357332825660706e-02,4.402238875627517700e-02
5.612195364879138393e-02,6.451483386626932770e-06,4.511269181966781616e-02,4.455695301294326782e-02,4.469352588057518005e-02,4.477284476161003113e-02,4.449962824583053589e-02,4.505698010325431824e-02,4.506437107920646667e-02,4.400995001196861267e-02,4.406104609370231628e-02,4.418249428272247314e-02,4.436520487070083618e-02,4.420530423521995544e-02,4.369940608739852905e-02,4.386552795767784119e-02,4.379098117351531982e-02
5.628612979466131316e-02,6.446826319006504491e-06,4.474018886685371399e-02,4.458385705947875977e-02,4.505702108144760132e-02,4.478219896554946899e-02,4.448167979717254639e-02,4.447145760059356689e-02,4.411748424172401428e-02,4.418252035975456238e-02,4.441799223423004150e-02,4.434620961546897888e-02,4.437930136919021606e-02,4.437352344393730164e-02,4.387687519192695618e-02,4.394637048244476318e-02,4.392812401056289673e-02
5.645030594053122852e-02,6.425021183531498536e-06,4.501846805214881897e-02,4.441739991307258606e-02,4.445520043373107910e-02,4.417077824473381042e-02,4.444670304656028748e-02,4.470021277666091919e-02,4.421310871839523315e-02,4.413783177733421326e-02,4.458589851856231689e-02,4.408555105328559875e-02,4.399011284112930298e-02,4.410728067159652710e-02,4.412532970309257507e-02,4.395400732755661011e-02,4.362370073795318604e-02
5.661448208640114388e-02,6.426798336178762838e-06,4.438120126724243164e-02,4.446386173367500305e-02,4.472997039556503296e-02,4.456637427210807800e-02,4.451268166303634644e-02,4.451298713684082031e-02,4.441916197538375854e-02,4.435163363814353943e-02,4.374273493885993958e-02,4.391709715127944946e-02,4.428230598568916321e-02,4.386444389820098877e-02,4.392634332180023193e-02,4.437166452407836914e-02,4.386528581380844116e-02
5.677865823227106618e-02,6.408591616491321474e-06,4.448615014553070068e-02,4.430940374732017517e-02,4.445562139153480530e-02,4.472963511943817139e-02,4.438588768243789673e-02,4.456686228513717651e-02,4.419700801372528076e-02,4.421907290816307068e-02,4.415577650070190430e-02,4.364240914583206177e-02,4.405990988016128540e-02,4.375869035720825195e-02,4.407344385981559753e-02,4.378867894411087036e-02,4.333094507455825806e-02
5.694283437814098847e-02,6.404965915862703696e-06,4.481622576713562012e-02,4.465806856751441956e-02,4.394258186221122742e-02,4.443064704537391663e-02,4.442301392555236816e-02,4.423814639449119568e-02,4.438104480504989624e-02,4.412543028593063354e-02,4.390231147408485413e-02,4.366215318441390991e-02,4.370387643575668335e-02,4.386075213551521301e-02,4.380331933498382568e-02,4.389967769384384155e-02,4.367587342858314514e-02
5.710701052401090383e-02,6.392145223799161613e-06,4.402742907404899597e-02,4.456860199570655823e-02,4.441583529114723206e-02,4.443851858377456665e-02,4.389932379126548767e-02,4.405988380312919617e-02,4.403776302933692932e-02,4.448923841118812561e-02,4.382812604308128357e-02,4.365070909261703491e-02,4.387130215764045715e-02,4.371036961674690247e-02,4.390313103795051575e-02,4.373321309685707092e-02,4.354781657457351685e-02
5.727118666988082613e-02,6.385133929143194109e-06,4.418959096074104309e-02,4.441362991929054260e-02,4.435839131474494934e-02,4.435126855969429016e-02,4.380642250180244446e-02,4.422114416956901550e-02,4.363260045647621155e-02,4.420254006981849670e-02,4.349434375762939453e-02,4.395548999309539795e-02,4.401583969593048096e-02,4.382640123367309570e-02,4.293772205710411072e-02,4.389592632651329041e-02,4.351599141955375671e-02
5.743536281575074842e-02,6.354483048198744655e-06,4.434860497713088989e-02,4.432132467627525330e-02,4.402786120772361755e-02,4.326179996132850647e-02,4.382842406630516052e-02,4.422374442219734192e-02,4.418297111988067627e-02,4.384701699018478394e-02,4.395968094468116760e-02,4.294845461845397949e-02,4.364990442991256714e-02,4.356804490089416504e-02,4.325495287775993347e-02,4.320256412029266357e-02,4.339283332228660583e-02
5.759953896162066378e-02,6.365361969074001536e-06,4.404988139867782593e-02,4.424637556076049805e-02,4.416787251830101013e-02,4.405331984162330627e-02,4.437327757477760315e-02,4.372229799628257751e-02,4.400284588336944580e-02,4.373276606202125549e-02,4.362717643380165100e-02,4.362343996763229370e-02,4.334211349487304688e-02,4.359216615557670593e-02,4.336991533637046814e-02,4.362494498491287231e-02,4.359686747193336487e-02
5.776371510749057914e-02,6.344642315525561571e-06,4.378829896450042725e-02,4.412179440259933472e-02,4.400491341948509216e-02,4.402294382452964783e-02,4.398643597960472107e-02,4.379858076572418213e-02,4.376449435949325562e-02,4.368947818875312805e-02,4.342725127935409546e-02,4.308564215898513794e-02,4.356322064995765686e-02,4.376174509525299072e-02,4.335425794124603271e-02,4.313403740525245667e-02,4.330714792013168335e-02
5.792789125336050837e-02,6.337659215205349028e-06,4.427133500576019287e-02,4.415883123874664307e-02,4.398927837610244751e-02,4.370233416557312012e-02,4.383993893861770630e-02,4.352166131138801575e-02,4.348924756050109863e-02,4.362696036696434021e-02,4.378147050738334656e-02,4.329667985439300537e-02,4.340632259845733643e-02,4.319969937205314636e-02,4.349682852625846863e-02,4.332032799720764160e-02,4.326729848980903625e-02
5.809206739923042373e-02,6.323992238321807235e-06,4.375723749399185181e-02,4.409348592162132263e-02,4.407608136534690857e-02,4.367867112159729004e-02,4.384744539856910706e-02,4.388721659779548645e-02,4.341748356819152832e-02,4.364743828773498535e-02,4.351585730910301208e-02,4.349917173385620117e-02,4.309877380728721619e-02,4.310035705566406250e-02,4.308047890663146973e-02,4.301477223634719849e-02,4.333902522921562195e-02
5.825624354510033909e-02,6.304560884018428624e-06,4.402558505535125732e-02,4.360762611031532288e-02,4.376330226659774780e-02,4.374898970127105713e-02,4.374907538294792175e-02,4.364356398582458496e-02,4.358098283410072327e-02,4.342035576701164246e-02,4.327485337853431702e-02,4.361940547823905945e-02,4.295198619365692139e-02,4.321544989943504333e-02,4.286682233214378357e-02,4.280842840671539307e-02,4.300445690751075745e-02
5.842041969097026138e-02,6.303470399871002883e-06,4.404281079769134521e-02,4.391035437583923340e-02,4.368316754698753357e-02,4.343966022133827209e-02,4.326125234365463257e-02,4.360873997211456299e-02,4.300308227539062500e-02,4.330785945057868958e-02,4.376948997378349304e-02,4.337345063686370850e-02,4.314993321895599365e-02,4.292532056570053101e-02,4.330351576209068298e-02,4.308322817087173462e-02,4.276063293218612671e-02
5.858459583684018368e-02,6.280446996242972091e-06,4.354605451226234436e-02,4.365537688136100769e-02,4.374861344695091248e-02,4.319088533520698547e-02,4.361889511346817017e-02,4.376994818449020386e-02,4.313238710165023804e-02,4.323075711727142334e-02,4.325908422470092773e-02,4.321875795722007751e-02,4.345043748617172241e-02,4.288192465901374817e-02,4.281327128410339355e-02,4.283024370670318604e-02,4.271608591079711914e-02
5.874877198271009904e-02,6.256721007957821712e-06,4.385093227028846741e-02,4.330714792013168335e-02,4.377628490328788757e-02,4.374448955059051514e-02,4.334290325641632080e-02,4.328482970595359802e-02,4.271676763892173767e-02,4.303254559636116028e-02,4.299795627593994141e-02,4.274817928671836853e-02,4.309446737170219421e-02,4.244949668645858765e-02,4.259188100695610046e-02,4.256099089980125427e-02,4.230123013257980347e-02
5.891294812858002133e-02,6.261400812945794314e-06,4.375698789954185486e-02,4.371209442615509033e-02,4.350018873810768127e-02,4.355122521519660950e-02,4.353031516075134277e-02,4.280316829681396484e-02,4.356525465846061707e-02,4.269971698522567749e-02,4.266789183020591736e-02,4.300613328814506531e-02,4.279861971735954285e-02,4.264227673411369324e-02,4.305401816964149475e-02,4.274152591824531555e-02,4.260141775012016296e-02
5.907712427444994363e-02,6.239261892915237695e-06,4.375882074236869812e-02,4.346114024519920349e-02,4.356820136308670044e-02,4.313034191727638245e-02,4.330768063664436340e-02,4.309726506471633911e-02,4.287201911211013794e-02,4.315291717648506165e-02,4.296244680881500244e-02,4.275919497013092041e-02,4.272476583719253540e-02,4.270403087139129639e-02,4.249278083443641663e-02,4.201747477054595947e-02,4.236898571252822876e-02
5.924130042031985899e-02,6.228690835996530950e-06,4.320244491100311279e-02,4.343317821621894836e-02,4.321337118744850159e-02,4.324899241328239441e-02,4.328063502907752991e-02,4.301109910011291504e-02,4.299362376332283020e-02,4.283213615417480469e-02,4.289367049932479858e-02,4.240420833230018616e-02,4.293840378522872925e-02,4.262083023786544800e-02,4.230449348688125610e-02,4.226882010698318481e-02,4.221391305327415466e-02
5.940547656618977435e-02,6.223952368600293994e-06,4.319486767053604126e-02,4.358490556478500366e-02,4.311059415340423584e-02,4.362550377845764160e-02,4.311400279402732849e-02,4.322854429483413696e-02,4.303069412708282471e-02,4.274373501539230347e-02,4.268595576286315918e-02,4.263735190033912659e-02,4.275727644562721252e-02,4.246997833251953125e-02,4.252928495407104492e-02,4.232556745409965515e-02,4.204451292753219604e-02
5.956965271205970358e-02,6.196141839609481394e-06,4.322562739253044128e-02,4.343970119953155518e-02,4.272222146391868591e-02,4.307758808135986328e-02,4.299734532833099365e-02,4.248797148466110229e-02,4.287821054458618164e-02,4.234214872121810913e-02,4.241539537906646729e-02,4.252871498465538025e-02,4.278623685240745544e-02,4.238261282444000244e-02,4.237988218665122986e-02,4.215567931532859802e-02,4.195419698953628540e-02
5.973382885792961894e-02,6.193951776367612183e-06,4.307139664888381958e-02,4.295187070965766907e-02,4.318131506443023682e-02,4.264865070581436157e-02,4.316867142915725708e-02,4.307315126061439514e-02,4.260296374559402466e-02,4.230477660894393921e-02,4.257419705390930176e-02,4.261318966746330261e-02,4.255982488393783569e-02,4.239354655146598816e-02,4.235971719026565552e-02,4.223171621561050415e-02,4.201927408576011658e-02
5.989800500379953430e-02,6.183403002069098875e-06,4.313755035400390625e-02,4.318855330348014832e-02,4.310667142271995544e-02,4.276984184980392456e-02,4.287222772836685181e-02,4.223591461777687073e-02,4.285358637571334839e-02,4.273989424109458923e-02,4.299645125865936279e-02,4.233521595597267151e-02,4.233320057392120361e-02,4.244133830070495605e-02,4.227866604924201965e-02,4.171778261661529541e-02,4.160080477595329285e-02
6.006218114966945659e-02,6.139208835520548746e-06,4.270658269524574280e-02,4.281121492385864258e-02,4.297427088022232056e-02,4.227634891867637634e-02,4.270689561963081360e-02,4.269639775156974792e-02,4.226415976881980896e-02,4.229579493403434753e-02,4.239689931273460388e-02,4.202517494559288025e-02,4.228797182440757751e-02,4.165337607264518738e-02,4.186265915632247925e-02,4.166191443800926208e-02,4.193058609962463379e-02
6.022635729553937889e-02,6.129805569798918441e-06,4.285391047596931458e-02,4.267780482769012451e-02,4.255279526114463806e-02,4.216416552662849426e-02,4.271356761455535889e-02,4.218695685267448425e-02,4.169626906514167786e-02,4.257510229945182800e-02,4.222847521305084229e-02,4.229088500142097473e-02,4.202349483966827393e-02,4.197891056537628174e-02,4.192433133721351624e-02,4.191194847226142883e-02,4.155611619353294373e-02
6.039053344140929425e-02,6.144349299574969336e-06,4.329280182719230652e-02,4.240109771490097046e-02,4.284787550568580627e-02,4.288052767515182495e-02,4.279164224863052368e-02,4.240178316831588745e-02,4.249220341444015503e-02,4.236028715968132019e-02,4.228648170828819275e-02,4.198220744729042053e-02,4.212324693799018860e-02,4.191848635673522949e-02,4.137863963842391968e-02,4.148000478744506836e-02,4.187942296266555786e-02
6.055470958727921654e-02,6.133255283202743158e-06,4.264512658119201660e-02,4.254190996289253235e-02,4.308245703577995300e-02,4.259300976991653442e-02,4.268657043576240540e-02,4.219053313136100769e-02,4.229148849844932556e-02,4.214429482817649841e-02,4.200231656432151794e-02,4.178649932146072388e-02,4.192408919334411621e-02,4.190285503864288330e-02,4.222477227449417114e-02,4.173902049660682678e-02,4.169507324695587158e-02
6.071888573314913884e-02,6.106874479883117601e-06,4.337479546666145325e-02,4.269354045391082764e-02,4.255200922489166260e-02,4.182395339012145996e-02,4.195763915777206421e-02,4.196399077773094177e-02,4.220629483461380005e-02,4.212515801191329956e-02,4.222526773810386658e-02,4.192710667848587036e-02,4.168622195720672607e-02,4.205650836229324341e-02,4.164946451783180237e-02,4.134496301412582397e-02,4.140247032046318054e-02
6.088306187901905420e-02,6.105165084591135383e-06,4.247461259365081787e-02,4.255099967122077942e-02,4.234408587217330933e-02,4.178668186068534851e-02,4.230230301618576050e-02,4.191758856177330017e-02,4.242766648530960083e-02,4.216936603188514709e-02,4.212754219770431519e-02,4.193794727325439453e-02,4.206576943397521973e-02,4.159478843212127686e-02,4.117242991924285889e-02,4.166068509221076965e-02,4.185320809483528137e-02
6.104723802488896955e-02,6.080366802052594721e-06,4.238786548376083374e-02,4.267543554306030273e-02,4.224835708737373352e-02,4.251290857791900635e-02,4.219258204102516174e-02,4.221265390515327454e-02,4.196301102638244629e-02,4.202888533473014832e-02,4.123084247112274170e-02,4.180661216378211975e-02,4.171460866928100586e-02,4.120880365371704102e-02,4.173764958977699280e-02,4.103712365031242371e-02,4.138305038213729858e-02
6.121141417075889879e-02,6.086062512622447684e-06,4.251561313867568970e-02,4.248006269335746765e-02,4.221170395612716675e-02,4.196246340870857239e-02,4.214441776275634766e-02,4.199268296360969543e-02,4.209616780281066895e-02,4.206739738583564758e-02,4.193219915032386780e-02,4.185358434915542603e-02,4.188574105501174927e-02,4.151564463973045349e-02,4.139060899615287781e-02,4.122185707092285156e-02,4.121124371886253357e-02
6.137559031662881415e-02,6.047805072739720345e-06,4.288309812545776367e-02,4.241175577044487000e-02,4.205987975001335144e-02,4.187264293432235718e-02,4.161141812801361084e-02,4.222659766674041748e-02,4.164610058069229126e-02,4.183201491832733154e-02,4.172068089246749878e-02,4.158226028084754944e-02,4.128830507397651672e-02,4.129726067185401917e-02,4.077183455228805542e-02,4.087685421109199524e-02,4.106817394495010376e-02
