2.436353949327713705e-03,9.631710709072649479e-04,4.890363693237304688e+00,4.847898960113525391e+00,4.872107982635498047e+00,4.779683113098144531e+00,4.822618484497070312e+00,4.860995769500732422e+00,4.855723381042480469e+00,4.779881477355957031e+00,4.751285552978515625e+00,4.759739875793457031e+00,4.714209556579589844e+00,4.706146717071533203e+00,4.637240886688232422e+00,4.609516620635986328e+00,4.652112960815429688e+00
2.600530095197632965e-03,8.071128977462649345e-04,4.073650360107421875e+00,4.038160324096679688e+00,4.057302474975585938e+00,4.050077915191650391e+00,4.037631988525390625e+00,4.050799846649169922e+00,3.999731540679931641e+00,3.992386341094970703e+00,3.994148731231689453e+00,3.969974756240844727e+00,3.977602005004882812e+00,3.966032505035400391e+00,3.932734012603759766e+00,3.897937297821044922e+00,3.899362802505493164e+00
2.764706241067552660e-03,6.673398311249911785e-04,3.385221481323242188e+00,3.315072059631347656e+00,3.346859931945800781e+00,3.329841613769531250e+00,3.339660406112670898e+00,3.339983224868774414e+00,3.309530019760131836e+00,3.307906627655029297e+00,3.286340475082397461e+00,3.292495489120483398e+00,3.248565435409545898e+00,3.306276798248291016e+00,3.243296623229980469e+00,3.258608341217041016e+00,3.230624675750732422e+00
2.928882386937472354e-03,5.650516832247376442e-04,2.867897510528564453e+00,2.853914737701416016e+00,2.833068132400512695e+00,2.831876039505004883e+00,2.803524255752563477e+00,2.800162076950073242e+00,2.779602050781250000e+00,2.839920282363891602e+00,2.795628309249877930e+00,2.749915599822998047e+00,2.762130260467529297e+00,2.759909391403198242e+00,2.740159749984741211e+00,2.773115634918212891e+00,2.744207620620727539e+00
3.093058532807391615e-03,4.753574612550437450e-04,2.421264410018920898e+00,2.399955749511718750e+00,2.368875265121459961e+00,2.391629695892333984e+00,2.375719547271728516e+00,2.317605018615722656e+00,2.408559560775756836e+00,2.320705890655517578e+00,2.365489959716796875e+00,2.324313163757324219e+00,2.346899986267089844e+00,2.318330287933349609e+00,2.288477659225463867e+00,2.317900896072387695e+00,2.289689064025878906e+00
3.257234678677311309e-03,4.094202595297247171e-04,2.083552598953247070e+00,2.067763328552246094e+00,2.032536268234252930e+00,2.035626411437988281e+00,2.081013917922973633e+00,2.038732767105102539e+00,2.014532804489135742e+00,2.028374910354614258e+00,2.033810377120971680e+00,1.982201576232910156e+00,2.001157760620117188e+00,2.024836063385009766e+00,2.002351760864257812e+00,2.002841711044311523e+00,1.983991861343383789e+00
3.421410824547230570e-03,3.499171289149671793e-04,1.779483795166015625e+00,1.756525874137878418e+00,1.739191532135009766e+00,1.737484693527221680e+00,1.757359623908996582e+00,1.744784235954284668e+00,1.729475736618041992e+00,1.727434754371643066e+00,1.747680783271789551e+00,1.706911325454711914e+00,1.737713932991027832e+00,1.699556112289428711e+00,1.725922346115112305e+00,1.707763791084289551e+00,1.697338342666625977e+00
3.585586970417150264e-03,3.051075327675789595e-04,1.536239624023437500e+00,1.558437347412109375e+00,1.539655447006225586e+00,1.530687212944030762e+00,1.525698900222778320e+00,1.534193634986877441e+00,1.481722712516784668e+00,1.522166252136230469e+00,1.488665223121643066e+00,1.500216603279113770e+00,1.491873264312744141e+00,1.502049565315246582e+00,1.493044495582580566e+00,1.485043048858642578e+00,1.471864581108093262e+00
3.749763116287069525e-03,2.651910472195595503e-04,1.333226799964904785e+00,1.336949586868286133e+00,1.352219462394714355e+00,1.344106674194335938e+00,1.322752952575683594e+00,1.331510901451110840e+00,1.322504162788391113e+00,1.309948205947875977e+00,1.305734753608703613e+00,1.308590888977050781e+00,1.318188667297363281e+00,1.292837381362915039e+00,1.294634938240051270e+00,1.295229554176330566e+00,1.266963124275207520e+00
3.913939262156988785e-03,2.343103114981204271e-04,1.172683835029602051e+00,1.178747415542602539e+00,1.176406860351562500e+00,1.184121131896972656e+00,1.168513894081115723e+00,1.166203141212463379e+00,1.156603217124938965e+00,1.186235547065734863e+00,1.147826552391052246e+00,1.148294925689697266e+00,1.164122819900512695e+00,1.161228179931640625e+00,1.140593051910400391e+00,1.146042943000793457e+00,1.128208994865417480e+00
4.078115408026909347e-03,2.081838465528562665e-04,1.056134819984436035e+00,1.046701669692993164e+00,1.056253075599670410e+00,1.047874569892883301e+00,1.051378965377807617e+00,1.022997021675109863e+00,1.048134207725524902e+00,1.030654191970825195e+00,1.020966172218322754e+00,1.016545176506042480e+00,1.030489802360534668e+00,1.011320233345031738e+00,9.930801987648010254e-01,1.021396636962890625e+00,1.012901186943054199e+00
4.242291553896828174e-03,1.855592126958072186e-04,9.363269805908203125e-01,9.378005266189575195e-01,9.490175843238830566e-01,9.184709191322326660e-01,9.281304478645324707e-01,9.193215370178222656e-01,9.153451323509216309e-01,9.149725437164306641e-01,9.160103201866149902e-01,9.272190332412719727e-01,9.143825173377990723e-01,9.115223884582519531e-01,9.038400053977966309e-01,8.950517773628234863e-01,9.024884700775146484e-01
4.406467699766747001e-03,1.656788372201845050e-04,8.326525688171386719e-01,8.387458324432373047e-01,8.318524956703186035e-01,8.471987247467041016e-01,8.229223489761352539e-01,8.317735791206359863e-01,8.298795819282531738e-01,8.103567957878112793e-01,8.098750710487365723e-01,8.251959681510925293e-01,8.076559901237487793e-01,8.006260991096496582e-01,8.184167146682739258e-01,7.981970906257629395e-01,8.093100786209106445e-01
4.570643845636667563e-03,1.499414502177387476e-04,7.633286118507385254e-01,7.801731824874877930e-01,7.481817603111267090e-01,7.524122595787048340e-01,7.348185181617736816e-01,7.618793845176696777e-01,7.508370876312255859e-01,7.375143766403198242e-01,7.423038482666015625e-01,7.366504669189453125e-01,7.428216338157653809e-01,7.358379364013671875e-01,7.110506892204284668e-01,7.272153496742248535e-01,7.343069911003112793e-01
4.734819991506586390e-03,1.358943554805591702e-04,6.910076141357421875e-01,7.053449153900146484e-01,6.788183450698852539e-01,6.847492456436157227e-01,6.855002641677856445e-01,6.831822991371154785e-01,6.587511897087097168e-01,6.694173216819763184e-01,6.630940437316894531e-01,6.688370108604431152e-01,6.648521423339843750e-01,6.730957627296447754e-01,6.690745949745178223e-01,6.449559330940246582e-01,6.576368808746337891e-01
4.898996137376506084e-03,1.222530554514378309e-04,6.142727136611938477e-01,6.228144764900207520e-01,6.288186311721801758e-01,6.098402738571166992e-01,6.052811145782470703e-01,5.999397635459899902e-01,6.100743412971496582e-01,6.062476038932800293e-01,5.976892113685607910e-01,6.158389449119567871e-01,6.024171113967895508e-01,6.048100590705871582e-01,5.927377939224243164e-01,6.036922335624694824e-01,5.864189863204956055e-01
5.063172283246425778e-03,1.128371732193045318e-04,5.868872404098510742e-01,5.549573898315429688e-01,5.654462575912475586e-01,5.725705623626708984e-01,5.586280226707458496e-01,5.769125223159790039e-01,5.486187934875488281e-01,5.596572160720825195e-01,5.554468035697937012e-01,5.469456911087036133e-01,5.562645792961120605e-01,5.460943579673767090e-01,5.529592037200927734e-01,5.583769083023071289e-01,5.498526096343994141e-01
5.227348429116344605e-03,1.026985919452272356e-04,5.191723704338073730e-01,5.246801972389221191e-01,5.128318071365356445e-01,5.171764492988586426e-01,4.973452687263488770e-01,5.316932797431945801e-01,5.027135014533996582e-01,5.177807807922363281e-01,5.022816061973571777e-01,4.991560578346252441e-01,5.080913305282592773e-01,5.134775042533874512e-01,4.957155287265777588e-01,5.065217018127441406e-01,4.856370091438293457e-01
5.391524574986265167e-03,9.377210517413914204e-05,4.799099564552307129e-01,4.747939109802246094e-01,4.743874669075012207e-01,4.760699868202209473e-01,4.616024792194366455e-01,4.620595872402191162e-01,4.676558673381805420e-01,4.607283771038055420e-01,4.705169796943664551e-01,4.651868939399719238e-01,4.605175256729125977e-01,4.517094492912292480e-01,4.508704245090484619e-01,4.624341428279876709e-01,4.577705264091491699e-01
5.555700720856183994e-03,8.690827235113829374e-05,4.527990221977233887e-01,4.333823919296264648e-01,4.352338314056396484e-01,4.342472553253173828e-01,4.301234483718872070e-01,4.367537200450897217e-01,4.274870753288269043e-01,4.359794259071350098e-01,4.322976469993591309e-01,4.278369545936584473e-01,4.193717837333679199e-01,4.318724274635314941e-01,4.239537715911865234e-01,4.148283600807189941e-01,4.233155250549316406e-01
5.719876866726103688e-03,7.952268788358196616e-05,4.040139615535736084e-01,4.071138799190521240e-01,3.967882096767425537e-01,3.964240252971649170e-01,4.085629880428314209e-01,3.930754661560058594e-01,3.977164328098297119e-01,3.968516588211059570e-01,3.883653581142425537e-01,3.870602250099182129e-01,3.961432278156280518e-01,3.846070766448974609e-01,3.812196254730224609e-01,3.781671524047851562e-01,3.901711404323577881e-01
5.884053012596023383e-03,7.370982348220422864e-05,3.655298352241516113e-01,3.777696788311004639e-01,3.647376894950866699e-01,3.705213069915771484e-01,3.637977838516235352e-01,3.740479648113250732e-01,3.698612749576568604e-01,3.650695681571960449e-01,3.562349677085876465e-01,3.629665672779083252e-01,3.657276630401611328e-01,3.664420247077941895e-01,3.587278425693511963e-01,3.615558445453643799e-01,3.574936687946319580e-01
6.048229158465942210e-03,6.695525371469557285e-05,3.396869301795959473e-01,3.339065313339233398e-01,3.379395306110382080e-01,3.353065550327301025e-01,3.381771445274353027e-01,3.357925117015838623e-01,3.354132175445556641e-01,3.248361647129058838e-01,3.219071030616760254e-01,3.355638980865478516e-01,3.328489363193511963e-01,3.228069245815277100e-01,3.287412524223327637e-01,3.303413093090057373e-01,3.264527022838592529e-01
6.212405304335862771e-03,6.213039159774780273e-05,3.157579004764556885e-01,3.179571628570556641e-01,3.180766701698303223e-01,3.051516413688659668e-01,3.037773668766021729e-01,3.111476302146911621e-01,3.119089603424072266e-01,3.053227663040161133e-01,3.117024004459381104e-01,3.027094006538391113e-01,3.096531033515930176e-01,3.039255142211914062e-01,3.103939890861511230e-01,2.953331768512725830e-01,2.989694774150848389e-01
6.376581450205781598e-03,5.787189365946687758e-05,2.902862429618835449e-01,2.976312637329101562e-01,2.902516722679138184e-01,2.860219478607177734e-01,2.876352369785308838e-01,2.848529815673828125e-01,2.937888801097869873e-01,2.813439667224884033e-01,2.871299088001251221e-01,2.745649814605712891e-01,2.905190289020538330e-01,2.880319058895111084e-01,2.869602739810943604e-01,2.821761667728424072e-01,2.831013500690460205e-01
6.540757596075701293e-03,5.394922845880500972e-05,2.713301181793212891e-01,2.734819650650024414e-01,2.673928439617156982e-01,2.762259244918823242e-01,2.699652314186096191e-01,2.656428515911102295e-01,2.624875307083129883e-01,2.757683694362640381e-01,2.732283473014831543e-01,2.625623047351837158e-01,2.583037912845611572e-01,2.644810974597930908e-01,2.640082538127899170e-01,2.673304378986358643e-01,2.606014311313629150e-01
6.704933741945620987e-03,4.981512392987497151e-05,2.538459002971649170e-01,2.430498003959655762e-01,2.483447939157485962e-01,2.547264695167541504e-01,2.496695965528488159e-01,2.445165961980819702e-01,2.393997609615325928e-01,2.467940747737884521e-01,2.497719526290893555e-01,2.425870150327682495e-01,2.418240159749984741e-01,2.504485249519348145e-01,2.402029484510421753e-01,2.392612844705581665e-01,2.512647509574890137e-01
6.869109887815539814e-03,4.659068872570060194e-05,2.347895652055740356e-01,2.314936667680740356e-01,2.364012449979782104e-01,2.302633374929428101e-01,2.352575957775115967e-01,2.380250692367553711e-01,2.395215332508087158e-01,2.212972790002822876e-01,2.217986583709716797e-01,2.389028966426849365e-01,2.290935665369033813e-01,2.295580357313156128e-01,2.267716675996780396e-01,2.236480265855789185e-01,2.291853725910186768e-01
7.033286033685460376e-03,4.312177770771086216e-05,2.125203907489776611e-01,2.163923680782318115e-01,2.165487110614776611e-01,2.158103436231613159e-01,2.124727368354797363e-01,2.206721305847167969e-01,2.176712602376937866e-01,2.133629471063613892e-01,2.124257087707519531e-01,2.168521434068679810e-01,2.059545814990997314e-01,2.083917856216430664e-01,2.177259325981140137e-01,2.146395742893218994e-01,2.063217163085937500e-01
7.197462179555379203e-03,4.004698712378740311e-05,2.060812860727310181e-01,2.016350477933883667e-01,1.982832700014114380e-01,2.026578187942504883e-01,2.016529440879821777e-01,1.953689604997634888e-01,1.955174654722213745e-01,2.001872956752777100e-01,1.994082778692245483e-01,1.987127214670181274e-01,1.991714537143707275e-01,1.912290304899215698e-01,1.913107186555862427e-01,1.918209791183471680e-01,2.054199576377868652e-01
7.361638325425298029e-03,3.781360646826215088e-05,1.864881962537765503e-01,1.913568675518035889e-01,1.912009716033935547e-01,1.872668564319610596e-01,1.915400177240371704e-01,1.907010674476623535e-01,1.870365291833877563e-01,1.873972564935684204e-01,1.818567067384719849e-01,1.855913549661636353e-01,1.918998360633850098e-01,1.850929707288742065e-01,1.865668892860412598e-01,1.806999742984771729e-01,1.830072104930877686e-01
7.525814471295218591e-03,3.564126018318347633e-05,1.816453188657760620e-01,1.723562031984329224e-01,1.803651005029678345e-01,1.808617711067199707e-01,1.771810203790664673e-01,1.807809025049209595e-01,1.742746233940124512e-01,1.757523864507675171e-01,1.691357791423797607e-01,1.774339526891708374e-01,1.764190793037414551e-01,1.726142317056655884e-01,1.742531508207321167e-01,1.757149845361709595e-01,1.756520420312881470e-01
7.689990617165137418e-03,3.358632966410368681e-05,1.675418466329574585e-01,1.715645194053649902e-01,1.722269952297210693e-01,1.671202480792999268e-01,1.675002425909042358e-01,1.646937429904937744e-01,1.654603779315948486e-01,1.654611974954605103e-01,1.698321700096130371e-01,1.671334952116012573e-01,1.620741337537765503e-01,1.653087735176086426e-01,1.620871871709823608e-01,1.638037711381912231e-01,1.658552736043930054e-01
7.854166763035057980e-03,3.160003689117729664e-05,1.618058532476425171e-01,1.546104699373245239e-01,1.582039594650268555e-01,1.612221151590347290e-01,1.621147394180297852e-01,1.563170850276947021e-01,1.576596200466156006e-01,1.536216139793395996e-01,1.596983373165130615e-01,1.596751213073730469e-01,1.489806622266769409e-01,1.561350226402282715e-01,1.550778001546859741e-01,1.531805247068405151e-01,1.519865989685058594e-01
8.018342908904976807e-03,2.955816125904675573e-05,1.512549668550491333e-01,1.437418758869171143e-01,1.468516886234283447e-01,1.510295569896697998e-01,1.481706351041793823e-01,1.488785296678543091e-01,1.493583768606185913e-01,1.487956345081329346e-01,1.443359851837158203e-01,1.457246690988540649e-01,1.434138268232345581e-01,1.441773176193237305e-01,1.445968449115753174e-01,1.460582613945007324e-01,1.438947170972824097e-01
8.182519054774895634e-03,2.812468483170960099e-05,1.358041316270828247e-01,1.420741379261016846e-01,1.461880952119827271e-01,1.362406760454177856e-01,1.384009867906570435e-01,1.403023302555084229e-01,1.360189467668533325e-01,1.420719772577285767e-01,1.402696967124938965e-01,1.409588605165481567e-01,1.411393731832504272e-01,1.343007236719131470e-01,1.423598825931549072e-01,1.387454420328140259e-01,1.342310011386871338e-01
8.346695200644816195e-03,2.663039958861190826e-05,1.285109966993331909e-01,1.316894143819808960e-01,1.371120065450668335e-01,1.377738863229751587e-01,1.291401535272598267e-01,1.358578503131866455e-01,1.290029436349868774e-01,1.327698081731796265e-01,1.369302421808242798e-01,1.290457397699356079e-01,1.310634762048721313e-01,1.274024248123168945e-01,1.322458684444427490e-01,1.330870985984802246e-01,1.279861181974411011e-01
8.510871346514735022e-03,2.534213854232802987e-05,1.313026547431945801e-01,1.268062442541122437e-01,1.162655353546142578e-01,1.279107928276062012e-01,1.286645978689193726e-01,1.273642033338546753e-01,1.235600784420967102e-01,1.273967772722244263e-01,1.239989325404167175e-01,1.257129013538360596e-01,1.284855902194976807e-01,1.219994723796844482e-01,1.228386163711547852e-01,1.256263107061386108e-01,1.250606477260589600e-01
8.675047492384653849e-03,2.440701609884854406e-05,1.215577721595764160e-01,1.231286972761154175e-01,1.232467964291572571e-01,1.233111992478370667e-01,1.184147670865058899e-01,1.200223639607429504e-01,1.215860173106193542e-01,1.212398856878280640e-01,1.213811263442039490e-01,1.182980909943580627e-01,1.228766068816184998e-01,1.237495467066764832e-01,1.179074421525001526e-01,1.247728541493415833e-01,1.168661862611770630e-01
8.839223638254574411e-03,2.290652446390595287e-05,1.155594736337661743e-01,1.143585219979286194e-01,1.160211116075515747e-01,1.105284616351127625e-01,1.120827272534370422e-01,1.140396445989608765e-01,1.104689389467239380e-01,1.162128448486328125e-01,1.150759086012840271e-01,1.161443218588829041e-01,1.127003282308578491e-01,1.132675409317016602e-01,1.140258312225341797e-01,1.110810488462448120e-01,1.137449741363525391e-01
9.003399784124493238e-03,2.210704769822768867e-05,1.085494160652160645e-01,1.113636270165443420e-01,1.091443747282028198e-01,1.102613806724548340e-01,1.124268174171447754e-01,1.137776523828506470e-01,1.070151180028915405e-01,1.099639907479286194e-01,1.064546555280685425e-01,1.076819598674774170e-01,1.080312803387641907e-01,1.084350273013114929e-01,1.095379739999771118e-01,1.080840975046157837e-01,1.137061566114425659e-01
9.167575929994413800e-03,2.150399996025953442e-05,1.010747998952865601e-01,1.063878759741783142e-01,1.090947315096855164e-01,1.065904349088668823e-01,1.055015772581100464e-01,1.065572649240493774e-01,1.075579971075057983e-01,1.058361902832984924e-01,1.068563759326934814e-01,1.069304421544075012e-01,1.099033430218696594e-01,1.091307550668716431e-01,1.018225848674774170e-01,1.097386255860328674e-01,1.039975360035896301e-01
9.331752075864332627e-03,2.044333450612612069e-05,1.058277487754821777e-01,1.032131463289260864e-01,1.037200689315795898e-01,9.672080725431442261e-02,1.007629707455635071e-01,1.032866314053535461e-01,1.015251800417900085e-01,1.012990176677703857e-01,9.716007113456726074e-02,9.939280152320861816e-02,1.001196950674057007e-01,1.011145412921905518e-01,1.028532236814498901e-01,1.012616828083992004e-01,1.041581109166145325e-01
9.495928221734251454e-03,1.954783328983467072e-05,9.790864586830139160e-02,9.416037797927856445e-02,1.006905138492584229e-01,9.944904595613479614e-02,9.426806122064590454e-02,9.904176741838455200e-02,9.699625521898269653e-02,9.466984122991561890e-02,1.004897877573966980e-01,9.500376135110855103e-02,9.831174463033676147e-02,9.338935464620590210e-02,9.570461511611938477e-02,9.249995648860931396e-02,9.799517691135406494e-02
9.660104367604172015e-03,1.910915307234972715e-05,9.520895034074783325e-02,9.210591018199920654e-02,9.672409296035766602e-02,9.632688015699386597e-02,9.488437324762344360e-02,9.580607712268829346e-02,9.343450516462326050e-02,9.358597546815872192e-02,9.474419057369232178e-02,9.573132544755935669e-02,9.392116963863372803e-02,9.625914692878723145e-02,9.405583143234252930e-02,9.415131062269210815e-02,9.337126463651657104e-02
9.824280513474090842e-03,1.837654417613521218e-05,9.001211822032928467e-02,8.800708502531051636e-02,9.354019165039062500e-02,9.268589317798614502e-02,9.105119109153747559e-02,8.999835699796676636e-02,9.291651844978332520e-02,9.243127703666687012e-02,9.463176876306533813e-02,9.177485853433609009e-02,9.007841348648071289e-02,9.012623131275177002e-02,8.741421997547149658e-02,9.126026183366775513e-02,9.069853276014328003e-02
9.988456659344011404e-03,1.788279587344732136e-05,8.746390044689178467e-02,8.976984769105911255e-02,8.754951506853103638e-02,9.068705141544342041e-02,8.442044258117675781e-02,9.036349505186080933e-02,9.095074981451034546e-02,8.761142194271087646e-02,8.940077573060989380e-02,8.872026205062866211e-02,9.184439480304718018e-02,8.779589086771011353e-02,8.696638047695159912e-02,8.847355842590332031e-02,8.480081707239151001e-02
1.015263280521393023e-02,1.745852023304905742e-05,8.940421044826507568e-02,8.416823297739028931e-02,8.633524179458618164e-02,8.751484751701354980e-02,8.582426607608795166e-02,8.795302361249923706e-02,8.654526621103286743e-02,8.690287172794342041e-02,8.633433282375335693e-02,8.392449468374252319e-02,8.623212575912475586e-02,8.693601936101913452e-02,8.867947012186050415e-02,8.699201047420501709e-02,8.567897230386734009e-02
1.031680895108384906e-02,1.694602724455762655e-05,8.303000032901763916e-02,8.419285714626312256e-02,8.484858274459838867e-02,8.015302568674087524e-02,8.429812639951705933e-02,8.567214012145996094e-02,8.594730496406555176e-02,8.302984386682510376e-02,8.421599119901657104e-02,8.299709856510162354e-02,8.216839283704757690e-02,8.363596349954605103e-02,8.398354798555374146e-02,8.554218709468841553e-02,8.840075880289077759e-02
1.048098509695376962e-02,1.623329626454506069e-05,8.000018447637557983e-02,7.649116963148117065e-02,7.863606512546539307e-02,8.125935494899749756e-02,8.316732197999954224e-02,7.985133677721023560e-02,8.029939979314804077e-02,8.273344486951828003e-02,8.012024313211441040e-02,8.049576729536056519e-02,8.207534998655319214e-02,7.864166051149368286e-02,7.877692580223083496e-02,8.184512704610824585e-02,8.223830163478851318e-02
1.064516124282369018e-02,1.600947143742814660e-05,8.289630711078643799e-02,8.076711744070053101e-02,8.095271885395050049e-02,7.940083742141723633e-02,7.998848706483840942e-02,8.020465821027755737e-02,7.649496942758560181e-02,7.885458320379257202e-02,7.789953052997589111e-02,8.004654943943023682e-02,7.726536691188812256e-02,7.731846719980239868e-02,7.779885083436965942e-02,8.045312762260437012e-02,7.755549997091293335e-02
1.080933738869360901e-02,1.557735959067940712e-05,7.735832035541534424e-02,7.859166711568832397e-02,7.858003675937652588e-02,7.610008120536804199e-02,7.823042571544647217e-02,7.872613519430160522e-02,7.588609308004379272e-02,7.735832035541534424e-02,7.603836804628372192e-02,7.839610427618026733e-02,7.680489122867584229e-02,7.727261632680892944e-02,7.924950122833251953e-02,7.581704109907150269e-02,7.567714154720306396e-02
1.097351353456352784e-02,1.544332371850032359e-05,7.527819275856018066e-02,7.968126982450485229e-02,7.862471789121627808e-02,7.277330011129379272e-02,7.504610717296600342e-02,7.569095492362976074e-02,7.531076669692993164e-02,7.610858231782913208e-02,7.422680407762527466e-02,7.576052844524383545e-02,7.696494460105895996e-02,8.091942220926284790e-02,7.532708346843719482e-02,7.726234197616577148e-02,7.677756249904632568e-02
1.113768968043344666e-02,1.497016637586057186e-05,7.435281574726104736e-02,7.288362830877304077e-02,7.506046444177627563e-02,7.420813292264938354e-02,7.347597926855087280e-02,7.338257879018783569e-02,7.386440038681030273e-02,7.232497632503509521e-02,7.282275706529617310e-02,7.529024779796600342e-02,7.447486370801925659e-02,7.419151067733764648e-02,7.587599754333496094e-02,7.379642874002456665e-02,7.549480348825454712e-02
1.130186582630336549e-02,1.476526176702463999e-05,7.268179953098297119e-02,7.206124812364578247e-02,7.244899123907089233e-02,7.330138981342315674e-02,7.521485537290573120e-02,7.758872956037521362e-02,7.120144367218017578e-02,7.353530824184417725e-02,7.598211616277694702e-02,7.317790389060974121e-02,7.328457385301589966e-02,7.207453995943069458e-02,7.048542052507400513e-02,7.305514067411422729e-02,7.270447909832000732e-02
1.146604197217328605e-02,1.434343630535295233e-05,6.919130682945251465e-02,7.333412021398544312e-02,7.146311551332473755e-02,7.234898954629898071e-02,7.001990824937820435e-02,7.422679662704467773e-02,7.329840213060379028e-02,7.047910988330841064e-02,7.113821804523468018e-02,6.991271674633026123e-02,7.094706594944000244e-02,6.996152549982070923e-02,7.085947692394256592e-02,7.191119343042373657e-02,6.813710927963256836e-02
1.163021811804320661e-02,1.411717767041409388e-05,7.305509597063064575e-02,6.870795041322708130e-02,6.704550236463546753e-02,7.129650563001632690e-02,6.916019320487976074e-02,6.971489638090133667e-02,7.368419319391250610e-02,6.773217022418975830e-02,7.000043988227844238e-02,6.850881129503250122e-02,7.124105840921401978e-02,6.878808140754699707e-02,7.203187793493270874e-02,6.971174478530883789e-02,6.815406680107116699e-02
1.179439426391312544e-02,1.382420850859489292e-05,6.820951402187347412e-02,6.972093135118484497e-02,6.457088887691497803e-02,6.581000983715057373e-02,6.956953555345535278e-02,6.985722482204437256e-02,6.856458634138107300e-02,6.838880479335784912e-02,6.489550322294235229e-02,7.018547505140304565e-02,6.971877813339233398e-02,7.060538232326507568e-02,6.760114431381225586e-02,6.907656788825988770e-02,6.975301355123519897e-02
1.195857040978304427e-02,1.371812777506420389e-05,6.805951893329620361e-02,7.156193256378173828e-02,6.524606049060821533e-02,6.910284608602523804e-02,6.709239631891250610e-02,6.780028343200683594e-02,6.974226981401443481e-02,6.765764951705932617e-02,7.059873640537261963e-02,6.729001551866531372e-02,6.714805960655212402e-02,6.619627773761749268e-02,6.776192784309387207e-02,6.857202947139739990e-02,6.578856706619262695e-02
1.212274655565296309e-02,1.350867205474060029e-05,6.578385084867477417e-02,6.830635666847229004e-02,6.508307904005050659e-02,6.313757598400115967e-02,6.517294049263000488e-02,6.822126358747482300e-02,6.693172454833984375e-02,6.877692788839340210e-02,6.770403683185577393e-02,6.650394201278686523e-02,6.519784033298492432e-02,6.720802932977676392e-02,6.632677465677261353e-02,6.847093254327774048e-02,6.656200438737869263e-02
1.228692270152288366e-02,1.307089314650511369e-05,6.369121372699737549e-02,6.291422992944717407e-02,6.694760918617248535e-02,6.379061937332153320e-02,6.437361985445022583e-02,6.319877505302429199e-02,6.553643196821212769e-02,6.652214378118515015e-02,6.672281771898269653e-02,6.382223963737487793e-02,6.346615403890609741e-02,6.661766767501831055e-02,6.219095736742019653e-02,6.503687798976898193e-02,6.489300727844238281e-02
1.245109884739280422e-02,1.290926229557953775e-05,6.342167407274246216e-02,6.258915364742279053e-02,6.297847628593444824e-02,6.461262702941894531e-02,6.509701162576675415e-02,6.396394968032836914e-02,6.376428902149200439e-02,6.379572302103042603e-02,6.572077423334121704e-02,6.628394871950149536e-02,6.315623968839645386e-02,6.486355513334274292e-02,6.056826561689376831e-02,6.417439877986907959e-02,6.649200618267059326e-02
1.261527499326272304e-02,1.290895488637033850e-05,6.460028141736984253e-02,6.423155218362808228e-02,6.332140415906906128e-02,6.569771468639373779e-02,6.315413117408752441e-02,6.435620039701461792e-02,6.494249403476715088e-02,6.270975619554519653e-02,6.526213139295578003e-02,6.288748234510421753e-02,6.426516175270080566e-02,6.362691521644592285e-02,6.393737345933914185e-02,6.386727839708328247e-02,6.244817748665809631e-02
1.277945113913264187e-02,1.271542350878007710e-05,6.143957749009132385e-02,6.349208205938339233e-02,6.144221499562263489e-02,6.301394104957580566e-02,6.280657649040222168e-02,6.074377149343490601e-02,6.289888173341751099e-02,6.440182030200958252e-02,6.280905008316040039e-02,6.605329364538192749e-02,6.462803483009338379e-02,6.119544431567192078e-02,6.269969046115875244e-02,6.296268850564956665e-02,6.526511907577514648e-02
1.294362728500256070e-02,1.263929425476817414e-05,6.460545957088470459e-02,6.019716709852218628e-02,6.258322298526763916e-02,6.675036251544952393e-02,6.100067123770713806e-02,6.285981088876724243e-02,6.379879266023635864e-02,6.366165727376937866e-02,6.071191653609275818e-02,6.524720042943954468e-02,5.944000184535980225e-02,6.105725839734077454e-02,6.275480240583419800e-02,6.043815240263938904e-02,6.308266520500183105e-02
1.310780343087248126e-02,1.244790564669528976e-05,6.408269703388214111e-02,6.319224834442138672e-02,6.344712525606155396e-02,6.505995988845825195e-02,6.127459928393363953e-02,6.237392500042915344e-02,6.223202869296073914e-02,5.877414345741271973e-02,6.118148937821388245e-02,6.118050962686538696e-02,5.956616997718811035e-02,6.011261045932769775e-02,6.201288849115371704e-02,6.134058907628059387e-02,6.007969379425048828e-02
1.327197957674240182e-02,1.229497502208687365e-05,5.760861933231353760e-02,6.105940788984298706e-02,5.924856662750244141e-02,6.282480061054229736e-02,6.081638112664222717e-02,6.131342425942420959e-02,6.383671611547470093e-02,5.860782414674758911e-02,6.184823065996170044e-02,5.909503251314163208e-02,5.873095989227294922e-02,6.523635983467102051e-02,5.753161385655403137e-02,6.301782280206680298e-02,6.172130256891250610e-02
1.343615572261232065e-02,1.217769022332504392e-05,5.981885269284248352e-02,5.938190594315528870e-02,5.763859301805496216e-02,5.846756696701049805e-02,5.823221430182456970e-02,6.053254008293151855e-02,6.106708943843841553e-02,6.263100355863571167e-02,6.182656809687614441e-02,5.836385115981101990e-02,6.045893207192420959e-02,6.329688429832458496e-02,6.144291535019874573e-02,6.066237390041351318e-02,6.210234761238098145e-02
1.360033186848223948e-02,1.185644032375421375e-05,6.380255520343780518e-02,5.763291195034980774e-02,5.765029415488243103e-02,5.712113156914710999e-02,6.166061386466026306e-02,5.646120011806488037e-02,5.829181522130966187e-02,5.723431706428527832e-02,5.757120996713638306e-02,5.890792980790138245e-02,5.772460997104644775e-02,5.545871332287788391e-02,6.079654768109321594e-02,6.031570583581924438e-02,5.889873206615447998e-02
1.376450801435215830e-02,1.188010264741024002e-05,6.048157438635826111e-02,5.756254494190216064e-02,5.925647541880607605e-02,5.697278678417205811e-02,6.079262495040893555e-02,5.773971229791641235e-02,5.811674520373344421e-02,5.883219465613365173e-02,5.954712256789207458e-02,5.908083543181419373e-02,5.887632071971893311e-02,5.811218172311782837e-02,5.749582126736640930e-02,6.066042929887771606e-02,5.768399685621261597e-02
1.392868416022207886e-02,1.181459174404153600e-05,5.595831573009490967e-02,5.880139395594596863e-02,5.867197737097740173e-02,6.018338724970817566e-02,5.864990502595901489e-02,5.707736685872077942e-02,5.937675386667251587e-02,5.628630891442298889e-02,5.654225125908851624e-02,6.017224490642547607e-02,5.830906704068183899e-02,5.772941932082176208e-02,6.015942245721817017e-02,6.025476753711700439e-02,6.101124733686447144e-02
1.409286030609199943e-02,1.169104143627919257e-05,5.798906460404396057e-02,5.966926738619804382e-02,5.784415081143379211e-02,5.933342874050140381e-02,5.534863844513893127e-02,5.431296303868293762e-02,5.645132437348365784e-02,5.811619013547897339e-02,5.608463287353515625e-02,6.027584150433540344e-02,5.961427837610244751e-02,5.928216874599456787e-02,5.785622820258140564e-02,5.899823457002639771e-02,5.854701995849609375e-02
1.425703645196191825e-02,1.146361228165915236e-05,5.920940265059471130e-02,5.691065266728401184e-02,5.379572883248329163e-02,5.412707105278968811e-02,5.821662768721580505e-02,5.539084598422050476e-02,5.664618685841560364e-02,5.514086037874221802e-02,5.574098601937294006e-02,5.546935275197029114e-02,5.529889836907386780e-02,5.696399882435798645e-02,5.945237353444099426e-02,5.678247660398483276e-02,6.100704520940780640e-02
1.442121259783183708e-02,1.146253089245874435e-05,5.601219460368156433e-02,5.840129405260086060e-02,5.627641454339027405e-02,5.566888302564620972e-02,5.893297493457794189e-02,5.770941078662872314e-02,5.337884277105331421e-02,5.785319581627845764e-02,5.817034840583801270e-02,5.669277906417846680e-02,5.671738460659980774e-02,5.792595073580741882e-02,5.670856311917304993e-02,5.530930683016777039e-02,5.712075904011726379e-02
1.458538874370175591e-02,1.161032196250744164e-05,5.860402062535285950e-02,5.707050487399101257e-02,5.595114082098007202e-02,5.606586858630180359e-02,5.757580697536468506e-02,5.469165742397308350e-02,5.873410776257514954e-02,5.619108676910400391e-02,5.693235620856285095e-02,5.996606498956680298e-02,5.634825676679611206e-02,5.897725000977516174e-02,6.071663275361061096e-02,5.556057766079902649e-02,5.726069957017898560e-02
1.474956488957167647e-02,1.129594238591380417e-05,5.446832254528999329e-02,5.344712361693382263e-02,5.645897984504699707e-02,5.510620400309562683e-02,5.671557411551475525e-02,5.740001052618026733e-02,5.805701762437820435e-02,5.643111839890480042e-02,5.587584525346755981e-02,5.756895989179611206e-02,5.711110308766365051e-02,5.574776604771614075e-02,5.490722507238388062e-02,5.508381500840187073e-02,5.557485669851303101e-02
1.491374103544159703e-02,1.132601573772262782e-05,5.597141385078430176e-02,5.836855992674827576e-02,5.569899827241897583e-02,5.439756065607070923e-02,5.653079226613044739e-02,5.456339567899703979e-02,5.356102436780929565e-02,5.586031451821327209e-02,5.661268532276153564e-02,5.607634782791137695e-02,5.675031989812850952e-02,5.660843104124069214e-02,5.614919215440750122e-02,5.762744694948196411e-02,5.758176743984222412e-02
1.507791718131151586e-02,1.129064094129716977e-05,5.707414820790290833e-02,5.589108914136886597e-02,5.397372692823410034e-02,5.340372025966644287e-02,5.531244352459907532e-02,5.741670727729797363e-02,5.760068446397781372e-02,5.544737353920936584e-02,5.430671200156211853e-02,5.735037475824356079e-02,5.560170486569404602e-02,5.730211734771728516e-02,5.798417702317237854e-02,5.582395568490028381e-02,5.412738397717475891e-02
1.524209332718143468e-02,1.106379204429686069e-05,5.310793220996856689e-02,5.736126005649566650e-02,5.366476252675056458e-02,5.544556677341461182e-02,5.209864303469657898e-02,5.145858600735664368e-02,5.635791271924972534e-02,5.216138064861297607e-02,5.698706582188606262e-02,5.464943125844001770e-02,5.276925489306449890e-02,5.602159723639488220e-02,5.617512762546539307e-02,5.690376833081245422e-02,5.698302388191223145e-02
1.540626947305135351e-02,1.115252689487533644e-05,5.495304614305496216e-02,5.056188255548477173e-02,5.560105666518211365e-02,5.531601607799530029e-02,5.629577487707138062e-02,5.518949031829833984e-02,5.236188322305679321e-02,5.587136000394821167e-02,5.866711959242820740e-02,5.344551429152488708e-02,5.653019994497299194e-02,5.867592617869377136e-02,5.658055841922760010e-02,5.450785905122756958e-02,5.368347093462944031e-02
1.557044561892127407e-02,1.098490338335977867e-05,5.538027361035346985e-02,5.330990254878997803e-02,5.369661748409271240e-02,5.594215169548988342e-02,5.427087843418121338e-02,5.472111329436302185e-02,5.294513329863548279e-02,5.483418703079223633e-02,5.760470405220985413e-02,5.301267281174659729e-02,5.458468198776245117e-02,5.477473884820938110e-02,5.038511753082275391e-02,5.377412587404251099e-02,5.682291463017463684e-02
1.573462176479119290e-02,1.085165513359243050e-05,5.509372055530548096e-02,5.259668827056884766e-02,5.332517623901367188e-02,5.357109755277633667e-02,5.589626729488372803e-02,5.164862051606178284e-02,5.181899666786193848e-02,5.349314212799072266e-02,5.601562932133674622e-02,5.336609855294227600e-02,5.460810288786888123e-02,5.395914241671562195e-02,5.623437464237213135e-02,5.139988288283348083e-02,5.388593673706054688e-02
1.589879791066111520e-02,1.096058531402377412e-05,5.517176166176795959e-02,5.147217586636543274e-02,5.304782092571258545e-02,5.423927307128906250e-02,5.705137178301811218e-02,5.449703335762023926e-02,5.541689693927764893e-02,5.555751174688339233e-02,5.282172933220863342e-02,5.402639508247375488e-02,5.451488867402076721e-02,5.214116722345352173e-02,5.502507463097572327e-02,5.512175336480140686e-02,5.596339330077171326e-02
1.606297405653103055e-02,1.080340553016867489e-05,5.474289879202842712e-02,5.086572095751762390e-02,5.492771416902542114e-02,4.971006885170936584e-02,5.281787738204002380e-02,5.472687631845474243e-02,5.377785488963127136e-02,4.985761269927024841e-02,5.268440395593643188e-02,5.414715036749839783e-02,5.343737825751304626e-02,5.572602152824401855e-02,5.339889600872993469e-02,5.627055466175079346e-02,5.383155122399330139e-02
1.622715020240095285e-02,1.068382334779016674e-05,5.402307584881782532e-02,5.096010491251945496e-02,5.241591483354568481e-02,5.214251205325126648e-02,5.044581368565559387e-02,5.170628428459167480e-02,5.388620495796203613e-02,5.219343677163124084e-02,5.325672775506973267e-02,5.414845794439315796e-02,5.211769789457321167e-02,5.358335375785827637e-02,5.539802834391593933e-02,5.370457097887992859e-02,5.239038914442062378e-02
1.639132634827087168e-02,1.060037629940779880e-05,5.057266727089881897e-02,5.268682539463043213e-02,4.979605972766876221e-02,5.232170969247817993e-02,5.139187350869178772e-02,5.417439341545104980e-02,5.555388331413269043e-02,5.289426818490028381e-02,5.211880430579185486e-02,5.304899066686630249e-02,5.077998340129852295e-02,5.386304855346679688e-02,5.322853848338127136e-02,4.950553551316261292e-02,5.487002432346343994e-02
1.655550249414079050e-02,1.072628037945833057e-05,5.153221264481544495e-02,5.270896479487419128e-02,5.217620357871055603e-02,5.350498482584953308e-02,5.199316889047622681e-02,5.037611722946166992e-02,5.287362262606620789e-02,5.467304214835166931e-02,5.294742807745933533e-02,5.393686518073081970e-02,5.294337868690490723e-02,5.168966576457023621e-02,5.599642917513847351e-02,5.454660579562187195e-02,5.427183210849761963e-02
1.671967864001071280e-02,1.059558144334005192e-05,5.253843218088150024e-02,5.270605534315109253e-02,5.210605263710021973e-02,5.157356336712837219e-02,5.242926254868507385e-02,5.011601001024246216e-02,5.272980779409408569e-02,5.226968973875045776e-02,5.525045469403266907e-02,5.387056991457939148e-02,5.263809859752655029e-02,5.106816068291664124e-02,5.148782581090927124e-02,5.251720920205116272e-02,5.421974509954452515e-02
1.688385478588062816e-02,1.050133960234234110e-05,5.181485787034034729e-02,5.114544555544853210e-02,5.289387330412864685e-02,5.276062339544296265e-02,5.176079273223876953e-02,5.177810788154602051e-02,5.168844014406204224e-02,5.219105258584022522e-02,5.132882297039031982e-02,5.077379569411277771e-02,5.272640287876129150e-02,5.120133236050605774e-02,5.341342091560363770e-02,5.258906260132789612e-02,4.900540038943290710e-02
1.704803093175055045e-02,1.038631671690382063e-05,4.911125823855400085e-02,4.950252175331115723e-02,5.258429422974586487e-02,5.144485458731651306e-02,5.091502517461776733e-02,5.072463303804397583e-02,5.421493947505950928e-02,5.185251682996749878e-02,5.008976906538009644e-02,5.213895812630653381e-02,5.379744991660118103e-02,5.190021172165870667e-02,4.912981763482093811e-02,5.215710029006004333e-02,5.272708833217620850e-02
1.721220707762046928e-02,1.041117229760857299e-05,5.120952799916267395e-02,5.091590434312820435e-02,5.060247331857681274e-02,5.325995385646820068e-02,5.107792094349861145e-02,4.987948387861251831e-02,4.981634765863418579e-02,5.316695198416709900e-02,5.341124162077903748e-02,5.077965557575225830e-02,5.120312422513961792e-02,5.122479051351547241e-02,5.179144814610481262e-02,5.248445644974708557e-02,5.327058210968971252e-02
1.737638322349038811e-02,1.044874170474940911e-05,4.959920048713684082e-02,4.890196397900581360e-02,5.062856525182723999e-02,5.017825588583946228e-02,5.283689498901367188e-02,5.294130742549896240e-02,5.209274217486381531e-02,5.528719723224639893e-02,5.165275931358337402e-02,5.279925465583801270e-02,5.052239447832107544e-02,5.319010838866233826e-02,5.049297213554382324e-02,5.247091874480247498e-02,5.341878533363342285e-02
1.754055936936031040e-02,1.049735965352738276e-05,5.306526273488998413e-02,5.023870617151260376e-02,5.197170376777648926e-02,5.212966352701187134e-02,5.416479334235191345e-02,5.106881260871887207e-02,5.108850821852684021e-02,5.033215135335922241e-02,5.138494819402694702e-02,5.114183574914932251e-02,5.084261670708656311e-02,5.345662310719490051e-02,5.443525686860084534e-02,5.158502981066703796e-02,5.163042992353439331e-02
1.770473551523022576e-02,1.037639231071807444e-05,5.235839262604713440e-02,5.159056931734085083e-02,5.064979195594787598e-02,5.131470412015914917e-02,5.244147777557373047e-02,5.084217339754104614e-02,4.905692487955093384e-02,5.291363969445228577e-02,5.170417949557304382e-02,4.933258146047592163e-02,5.073945596814155579e-02,5.173330381512641907e-02,5.180192366242408752e-02,5.384673923254013062e-02,5.137435719370841980e-02
1.786891166110014806e-02,1.020456875266972929e-05,5.033841356635093689e-02,5.227474123239517212e-02,5.242226645350456238e-02,4.959106072783470154e-02,5.078751966357231140e-02,5.136254057288169861e-02,4.861392825841903687e-02,4.942519590258598328e-02,5.131644755601882935e-02,4.959036037325859070e-02,5.096679180860519409e-02,4.904159903526306152e-02,5.089587718248367310e-02,5.106746032834053040e-02,4.987499117851257324e-02
1.803308780697006689e-02,1.023581808112794533e-05,4.837165400385856628e-02,5.121291056275367737e-02,5.107991024851799011e-02,5.048461258411407471e-02,5.097661912441253662e-02,4.886624217033386230e-02,5.180151760578155518e-02,4.807278513908386230e-02,5.009464174509048462e-02,5.075621977448463440e-02,4.956369102001190186e-02,5.402426421642303467e-02,5.198220163583755493e-02,5.096396431326866150e-02,5.200024694204330444e-02
1.819726395283998571e-02,1.027792404784122482e-05,5.131874978542327881e-02,4.945190995931625366e-02,5.188385024666786194e-02,4.983637481927871704e-02,5.174157395958900452e-02,5.140136554837226868e-02,4.999724403023719788e-02,5.173936113715171814e-02,5.008833482861518860e-02,5.099711194634437561e-02,5.278434976935386658e-02,5.068667232990264893e-02,5.134216323494911194e-02,5.166379362344741821e-02,5.041448026895523071e-02
1.836144009870990801e-02,1.027656162477796897e-05,5.078731104731559753e-02,5.057604238390922546e-02,4.865135252475738525e-02,5.043765529990196228e-02,5.032402649521827698e-02,5.234706401824951172e-02,4.993563145399093628e-02,4.979513585567474365e-02,5.201222747564315796e-02,5.107260867953300476e-02,5.312312394380569458e-02,4.927230626344680786e-02,5.201252177357673645e-02,5.138926953077316284e-02,5.196619406342506409e-02
1.852561624457982337e-02,1.005275316856568679e-05,4.935375973582267761e-02,5.008452385663986206e-02,5.066995322704315186e-02,4.862768948078155518e-02,4.653809592127799988e-02,5.236614495515823364e-02,5.022666230797767639e-02,5.058220773935317993e-02,5.003305524587631226e-02,4.882034659385681152e-02,4.869776964187622070e-02,4.986764118075370789e-02,5.066608637571334839e-02,4.859188199043273926e-02,5.100598558783531189e-02
1.868979239044974566e-02,9.990919352276250720e-06,5.157582834362983704e-02,4.919543489813804626e-02,4.894673824310302734e-02,4.872846975922584534e-02,4.748481139540672302e-02,4.979259893298149109e-02,4.865216836333274841e-02,4.978919774293899536e-02,4.899647086858749390e-02,4.930749163031578064e-02,5.226710066199302673e-02,4.919225350022315979e-02,4.935243725776672363e-02,5.064469948410987854e-02,4.853457212448120117e-02
1.885396853631966796e-02,1.006752972898539156e-05,4.981296882033348083e-02,4.901034757494926453e-02,5.106050148606300354e-02,4.739321023225784302e-02,4.918842390179634094e-02,4.829940572381019592e-02,5.112902447581291199e-02,4.973832890391349792e-02,5.040197074413299561e-02,5.187267437577247620e-02,4.905080795288085938e-02,5.031017959117889404e-02,5.218894034624099731e-02,5.040834844112396240e-02,4.985705390572547913e-02
1.901814468218958332e-02,9.928240615408867598e-06,4.869541153311729431e-02,4.922724887728691101e-02,4.810130223631858826e-02,4.818107187747955322e-02,4.930794611573219299e-02,5.047734454274177551e-02,4.931466653943061829e-02,5.038699880242347717e-02,4.989532753825187683e-02,4.882631450891494751e-02,4.795251414179801941e-02,4.810322821140289307e-02,5.186090245842933655e-02,4.899673536419868469e-02,4.947736114263534546e-02
1.918232082805950561e-02,1.003216584649635479e-05,4.827920347452163696e-02,4.750786721706390381e-02,4.822241887450218201e-02,4.868923127651214600e-02,5.118263885378837585e-02,5.171339586377143860e-02,5.079796910285949707e-02,4.914870858192443848e-02,5.076373368501663208e-02,4.862117767333984375e-02,5.003351718187332153e-02,5.015541240572929382e-02,4.863464087247848511e-02,5.002665892243385315e-02,5.118154361844062805e-02
1.934649697392942097e-02,1.012387383525492623e-05,4.835819080471992493e-02,4.818942397832870483e-02,4.957862570881843567e-02,4.992991685867309570e-02,5.089603364467620850e-02,5.076668784022331238e-02,4.882536083459854126e-02,5.257150530815124512e-02,5.116274952888488770e-02,4.931787773966789246e-02,4.782886058092117310e-02,5.213185772299766541e-02,5.003013461828231812e-02,5.095914006233215332e-02,5.186260491609573364e-02
1.951067311979934327e-02,9.968735867005307227e-06,4.670155420899391174e-02,4.732089862227439880e-02,4.996134713292121887e-02,4.993276298046112061e-02,5.064435675740242004e-02,4.977452009916305542e-02,4.722331091761589050e-02,5.020247399806976318e-02,5.180871486663818359e-02,4.907439276576042175e-02,4.962797090411186218e-02,5.014784261584281921e-02,5.068334564566612244e-02,4.921737685799598694e-02,5.042287334799766541e-02
1.967484926566926556e-02,1.002692351903533563e-05,5.005023255944252014e-02,4.906339198350906372e-02,4.845790565013885498e-02,5.127634480595588684e-02,4.814760014414787292e-02,4.793339967727661133e-02,5.170312151312828064e-02,4.932586476206779480e-02,4.914276674389839172e-02,4.767924919724464417e-02,5.062274634838104248e-02,4.952962324023246765e-02,4.972092434763908386e-02,5.036063864827156067e-02,5.059049278497695923e-02
1.983902541153918092e-02,9.923981451720464975e-06,4.898552596569061279e-02,4.870450124144554138e-02,4.609214141964912415e-02,4.771282523870468140e-02,5.222573876380920410e-02,4.978706687688827515e-02,4.767470806837081909e-02,4.857865348458290100e-02,4.873022437095642090e-02,4.955961555242538452e-02,4.973205924034118652e-02,5.108974874019622803e-02,4.875674843788146973e-02,4.940981045365333557e-02,4.888709262013435364e-02
2.000320155740910322e-02,9.937406503013335168e-06,4.873752593994140625e-02,4.977783933281898499e-02,4.889163747429847717e-02,4.961971566081047058e-02,4.926018044352531433e-02,4.825447872281074524e-02,5.099631845951080322e-02,5.025948584079742432e-02,4.832160100340843201e-02,4.917516559362411499e-02,4.923361167311668396e-02,4.722625017166137695e-02,4.835267364978790283e-02,4.981048032641410828e-02,4.989913105964660645e-02
2.016737770327901857e-02,9.870015674096066505e-06,4.767235368490219116e-02,4.845067113637924194e-02,4.890127480030059814e-02,4.702698439359664917e-02,5.037525296211242676e-02,4.828084260225296021e-02,5.052350088953971863e-02,4.921399056911468506e-02,4.685637727379798889e-02,4.922034591436386108e-02,4.709297791123390198e-02,5.238625779747962952e-02,4.737350344657897949e-02,4.706621170043945312e-02,5.058325827121734619e-02
2.033155384914894087e-02,9.967011465050745755e-06,4.838780313730239868e-02,4.739207774400711060e-02,4.964986070990562439e-02,5.153540149331092834e-02,5.033897235989570618e-02,4.995937645435333252e-02,4.825991392135620117e-02,5.033623427152633667e-02,4.951220005750656128e-02,4.869038984179496765e-02,4.963171482086181641e-02,4.867764934897422791e-02,4.944212734699249268e-02,4.962906241416931152e-02,5.011269450187683105e-02
2.049572999501885970e-02,9.924804544425569475e-06,4.814150929450988770e-02,4.890252277255058289e-02,4.892376065254211426e-02,5.008996278047561646e-02,4.911905899643898010e-02,4.865876957774162292e-02,5.004126206040382385e-02,5.089582502841949463e-02,4.891718924045562744e-02,4.933278635144233704e-02,4.870815202593803406e-02,4.852068796753883362e-02,5.109002068638801575e-02,4.944963008165359497e-02,4.849383234977722168e-02
2.065990614088877853e-02,9.761448382050730288e-06,4.722430184483528137e-02,4.659489169716835022e-02,4.774698615074157715e-02,4.745656251907348633e-02,4.788820073008537292e-02,4.835868254303932190e-02,4.673694819211959839e-02,4.874598607420921326e-02,5.140222981572151184e-02,4.887168109416961670e-02,4.946442693471908569e-02,4.814928397536277771e-02,4.874287545680999756e-02,4.865484312176704407e-02,4.925155267119407654e-02
2.082408228675870082e-02,9.926098755386192352e-06,4.748538881540298462e-02,4.920188710093498230e-02,4.843659698963165283e-02,5.056869238615036011e-02,5.083950608968734741e-02,4.815448075532913208e-02,4.890521988272666931e-02,4.867069050669670105e-02,5.056609958410263062e-02,4.900324717164039612e-02,5.014364048838615417e-02,4.953851923346519470e-02,4.941590502858161926e-02,5.011921375989913940e-02,4.922320321202278137e-02
2.098825843262861618e-02,9.833559488470200449e-06,4.983207210898399353e-02,4.999735578894615173e-02,4.787472635507583618e-02,4.893928393721580505e-02,4.708787053823471069e-02,4.990981891751289368e-02,4.827447235584259033e-02,4.622234776616096497e-02,4.706791415810585022e-02,4.994780942797660828e-02,5.084599554538726807e-02,4.711679369211196899e-02,4.791995510458946228e-02,4.760219156742095947e-02,4.972174018621444702e-02
2.115243457849853848e-02,9.748533557285554707e-06,4.659608751535415649e-02,4.901042580604553223e-02,4.747617244720458984e-02,4.666188359260559082e-02,4.751297086477279663e-02,4.945136234164237976e-02,4.857837036252021790e-02,5.073897168040275574e-02,4.603943228721618652e-02,4.885382205247879028e-02,4.993361979722976685e-02,4.851695150136947632e-02,4.789057001471519470e-02,4.854734987020492554e-02,4.777518659830093384e-02
2.131661072436845730e-02,9.791235243028495461e-06,4.604854807257652283e-02,4.913968965411186218e-02,4.679099097847938538e-02,4.675339534878730774e-02,4.893891140818595886e-02,4.753116890788078308e-02,4.998751729726791382e-02,4.719645529985427856e-02,4.736097529530525208e-02,4.789435863494873047e-02,5.186877772212028503e-02,4.977796226739883423e-02,4.770267009735107422e-02,5.033398792147636414e-02,4.907283931970596313e-02
2.148078687023837613e-02,9.790924195840489119e-06,4.766773805022239685e-02,4.635349288582801819e-02,4.904222115874290466e-02,4.871710389852523804e-02,4.758478328585624695e-02,4.711821302771568298e-02,4.989130422472953796e-02,4.818417876958847046e-02,4.885576665401458740e-02,4.927419871091842651e-02,4.731641709804534912e-02,4.788581281900405884e-02,4.832898452877998352e-02,4.952250793576240540e-02,5.049069598317146301e-02
2.164496301610829843e-02,9.693702850199770182e-06,4.859807342290878296e-02,4.875402525067329407e-02,4.642743989825248718e-02,4.646922647953033447e-02,4.669614508748054504e-02,4.805387929081916809e-02,4.884870722889900208e-02,4.687328264117240906e-02,4.788864776492118835e-02,4.834278672933578491e-02,4.935598745942115784e-02,4.800191149115562439e-02,4.780875518918037415e-02,4.641546681523323059e-02,5.016665905714035034e-02
2.180913916197821378e-02,9.804151886783074588e-06,4.700021818280220032e-02,4.609258845448493958e-02,4.768878221511840820e-02,4.750699549913406372e-02,4.661288484930992126e-02,4.952264204621315002e-02,4.816949367523193359e-02,4.979996010661125183e-02,4.975974187254905701e-02,4.850738868117332458e-02,4.821139574050903320e-02,5.057898536324501038e-02,5.035730078816413879e-02,4.787207767367362976e-02,4.988778382539749146e-02
2.197331530784813608e-02,9.833285730564966798e-06,4.879261180758476257e-02,4.911350831389427185e-02,4.798777773976325989e-02,5.039912834763526917e-02,4.790609702467918396e-02,4.828808456659317017e-02,4.737578332424163818e-02,4.728450998663902283e-02,4.997156560420989990e-02,5.060596391558647156e-02,4.758449643850326538e-02,4.722059518098831177e-02,4.980002716183662415e-02,4.982250928878784180e-02,4.929840564727783203e-02
2.213749145371805491e-02,9.637784387450665236e-06,4.759608209133148193e-02,4.641935974359512329e-02,4.453343152999877930e-02,4.822495207190513611e-02,4.883762076497077942e-02,4.617960751056671143e-02,4.851759970188140869e-02,4.749805107712745667e-02,4.635546728968620300e-02,4.727708175778388977e-02,4.761075973510742188e-02,4.827816784381866455e-02,5.247312039136886597e-02,4.756615310907363892e-02,4.785390570759773254e-02
2.230166759958797373e-02,9.627315193938557059e-06,4.881305620074272156e-02,4.724332317709922791e-02,4.689119756221771240e-02,4.655454307794570923e-02,4.688809067010879517e-02,4.666660726070404053e-02,4.820013046264648438e-02,4.645572230219841003e-02,4.694695770740509033e-02,4.811357334256172180e-02,4.788789898157119751e-02,4.931899905204772949e-02,4.850358888506889343e-02,4.848569259047508240e-02,4.756511747837066650e-02
2.246584374545789603e-02,9.782057531992904842e-06,4.791255667805671692e-02,4.605263099074363708e-02,4.734434187412261963e-02,4.736131057143211365e-02,4.954686760902404785e-02,4.855172336101531982e-02,4.831057786941528320e-02,4.886671900749206543e-02,4.842770844697952271e-02,4.932957142591476440e-02,4.811721667647361755e-02,4.955817759037017822e-02,5.049612745642662048e-02,4.859621822834014893e-02,4.914348199963569641e-02
2.263001989132781139e-02,9.746102477947715670e-06,4.766740649938583374e-02,4.898446053266525269e-02,4.832917451858520508e-02,4.801324754953384399e-02,4.715904593467712402e-02,4.635828733444213867e-02,4.879512637853622437e-02,4.758885130286216736e-02,4.926787316799163818e-02,4.919319227337837219e-02,4.763406887650489807e-02,4.950987547636032104e-02,4.856735840439796448e-02,4.810734093189239502e-02,4.894906282424926758e-02
2.279419603719773368e-02,9.781132575881201774e-06,4.728287458419799805e-02,4.708738252520561218e-02,4.718049988150596619e-02,4.716066643595695496e-02,4.843659698963165283e-02,5.077938362956047058e-02,4.965574666857719421e-02,4.793063551187515259e-02,4.786445200443267822e-02,4.934823140501976013e-02,5.058502033352851868e-02,5.004393681883811951e-02,4.848446324467658997e-02,4.794827848672866821e-02,4.675174504518508911e-02
2.295837218306765251e-02,9.674259672465268523e-06,4.932039603590965271e-02,4.552111029624938965e-02,4.714344441890716553e-02,4.844964295625686646e-02,4.770187661051750183e-02,4.771074280142784119e-02,4.811800271272659302e-02,4.663989320397377014e-02,4.817331954836845398e-02,4.795786738395690918e-02,4.819451272487640381e-02,4.811001196503639221e-02,4.810850694775581360e-02,4.917257651686668396e-02,4.841870814561843872e-02
2.312254832893757134e-02,9.710101039672736079e-06,4.791993647813796997e-02,4.766752943396568298e-02,4.944366961717605591e-02,4.774178192019462585e-02,4.777544364333152771e-02,4.784046113491058350e-02,4.661680385470390320e-02,4.799723997712135315e-02,4.900492355227470398e-02,4.701882600784301758e-02,4.892822355031967163e-02,4.750639572739601135e-02,4.731567949056625366e-02,4.884661361575126648e-02,4.831349104642868042e-02
2.328672447480749363e-02,9.673896784079261124e-06,4.746963828802108765e-02,4.661758989095687866e-02,4.591266438364982605e-02,4.474055394530296326e-02,4.633345082402229309e-02,4.818938300013542175e-02,4.763704910874366760e-02,4.885756224393844604e-02,4.849860444664955139e-02,4.891430586576461792e-02,4.902385920286178589e-02,4.856427386403083801e-02,5.048048868775367737e-02,4.883897304534912109e-02,4.781368374824523926e-02
2.345090062067740899e-02,9.566371772962156683e-06,4.606335237622261047e-02,4.726808890700340271e-02,4.664774984121322632e-02,4.598286375403404236e-02,4.693419486284255981e-02,4.622848704457283020e-02,4.727529734373092651e-02,4.562291130423545837e-02,4.968165233731269836e-02,4.772024601697921753e-02,4.922591894865036011e-02,4.855543002486228943e-02,4.762870073318481445e-02,4.869537428021430969e-02,4.660888016223907471e-02
2.361507676654733129e-02,9.593393770046532154e-06,4.608937352895736694e-02,4.730996862053871155e-02,4.718506336212158203e-02,4.544008523225784302e-02,4.735846817493438721e-02,4.754443466663360596e-02,4.782719910144805908e-02,4.960605129599571228e-02,4.716887697577476501e-02,4.823333397507667542e-02,4.759294912219047546e-02,4.648411273956298828e-02,4.797692969441413879e-02,4.746187478303909302e-02,4.949370771646499634e-02
2.377925291241725012e-02,9.619130651117302477e-06,4.756984487175941467e-02,4.707148671150207520e-02,4.611350595951080322e-02,4.871634393930435181e-02,4.734519869089126587e-02,4.713709279894828796e-02,4.835170879960060120e-02,4.623037204146385193e-02,4.589518532156944275e-02,4.817578941583633423e-02,4.865543171763420105e-02,4.759577661752700806e-02,4.872174561023712158e-02,4.825261235237121582e-02,4.808405414223670959e-02
2.394342905828716894e-02,9.660697287472430617e-06,4.556077346205711365e-02,4.654623195528984070e-02,4.717650637030601501e-02,4.719021171331405640e-02,4.876729473471641541e-02,4.800593480467796326e-02,4.666413366794586182e-02,4.753157868981361389e-02,4.922825843095779419e-02,4.812954366207122803e-02,4.733953624963760376e-02,4.971562325954437256e-02,4.780756682157516479e-02,4.854808375239372253e-02,4.965543374419212341e-02
2.410760520415709124e-02,9.637275070417672396e-06,4.687851294875144958e-02,4.775714501738548279e-02,4.818950220942497253e-02,4.521634057164192200e-02,4.986970126628875732e-02,4.905337840318679810e-02,4.679172858595848083e-02,4.634858667850494385e-02,4.758335277438163757e-02,4.785705357789993286e-02,4.833022505044937134e-02,4.721224308013916016e-02,4.771208018064498901e-02,4.828749969601631165e-02,4.750793054699897766e-02
2.427178135002700660e-02,9.604253136785700917e-06,4.692215472459793091e-02,4.766722023487091064e-02,4.624677449464797974e-02,4.748310148715972900e-02,4.703083261847496033e-02,4.629769921302795410e-02,4.799669981002807617e-02,4.741102084517478943e-02,4.694097116589546204e-02,4.777984693646430969e-02,4.862930625677108765e-02,4.792353883385658264e-02,4.702929034829139709e-02,4.860205203294754028e-02,4.852884635329246521e-02
2.443595749589692889e-02,9.733525985211599618e-06,4.618180543184280396e-02,4.938985407352447510e-02,4.634732753038406372e-02,4.674734175205230713e-02,4.778327792882919312e-02,4.773364961147308350e-02,4.748799651861190796e-02,4.747989028692245483e-02,5.063903331756591797e-02,4.933897778391838074e-02,4.870614781975746155e-02,4.783938452601432800e-02,4.764423146843910217e-02,5.020231381058692932e-02,4.962385818362236023e-02
2.460013364176684772e-02,9.735221283335704356e-06,4.803817346692085266e-02,4.756146669387817383e-02,4.805492982268333435e-02,4.753044992685317993e-02,4.701554402709007263e-02,4.847459867596626282e-02,4.673873260617256165e-02,4.862929880619049072e-02,4.908165335655212402e-02,4.822867363691329956e-02,4.827247187495231628e-02,4.902876168489456177e-02,4.837721586227416992e-02,4.895497485995292664e-02,4.891926422715187073e-02
2.476430978763676655e-02,9.592872629582416266e-06,4.496696591377258301e-02,4.608674719929695129e-02,4.867788404226303101e-02,4.450111463665962219e-02,4.583340138196945190e-02,4.671267420053482056e-02,4.643065109848976135e-02,4.787307232618331909e-02,4.906915873289108276e-02,4.806624352931976318e-02,4.936936497688293457e-02,4.752038046717643738e-02,4.956588521599769592e-02,4.781364649534225464e-02,4.977428913116455078e-02
2.492848593350668884e-02,9.544982276565860957e-06,4.680974036455154419e-02,4.844677448272705078e-02,4.824009910225868225e-02,4.790655151009559631e-02,4.545495286583900452e-02,4.711411148309707642e-02,4.677790403366088867e-02,4.749509692192077637e-02,4.690298438072204590e-02,4.753912612795829773e-02,4.585908725857734680e-02,4.675270244479179382e-02,4.746032133698463440e-02,4.645038023591041565e-02,4.857261851429939270e-02
2.509266207937660420e-02,9.581443009665235877e-06,4.724192246794700623e-02,4.626239836215972900e-02,4.815237596631050110e-02,4.547907784581184387e-02,4.694243520498275757e-02,4.853697121143341064e-02,4.586443305015563965e-02,4.804099351167678833e-02,4.801933094859123230e-02,4.716076329350471497e-02,4.573086649179458618e-02,4.783787950873374939e-02,4.885492101311683655e-02,4.917865619063377380e-02,4.750361666083335876e-02
2.525683822524652650e-02,9.555224096402525902e-06,4.607244580984115601e-02,4.688146710395812988e-02,4.669098556041717529e-02,4.781361669301986694e-02,4.831587523221969604e-02,4.729004204273223877e-02,4.618287459015846252e-02,4.802505299448966980e-02,4.647517576813697815e-02,4.837751016020774841e-02,4.739999398589134216e-02,4.701212421059608459e-02,4.601309448480606079e-02,4.759779945015907288e-02,5.015348643064498901e-02
2.542101437111644532e-02,9.629637133912183344e-06,4.723942279815673828e-02,4.885162785649299622e-02,4.974604770541191101e-02,4.849553853273391724e-02,4.772594571113586426e-02,4.461000114679336548e-02,4.755783081054687500e-02,4.878653213381767273e-02,4.792423173785209656e-02,4.804942011833190918e-02,4.844947904348373413e-02,4.584081843495368958e-02,4.716245085000991821e-02,4.800342768430709839e-02,4.677009955048561096e-02
2.558519051698636415e-02,9.632150977267883718e-06,4.653619974851608276e-02,4.660815745592117310e-02,4.790603369474411011e-02,4.632784798741340637e-02,4.846815764904022217e-02,4.790736734867095947e-02,4.651302471756935120e-02,4.740377143025398254e-02,4.675074666738510132e-02,4.959128051996231079e-02,4.547834396362304688e-02,4.855601117014884949e-02,5.014825239777565002e-02,4.698504135012626648e-02,4.904346540570259094e-02
2.574936666285628645e-02,9.638936717237811536e-06,4.668223112821578979e-02,4.802064970135688782e-02,4.729881510138511658e-02,4.891478270292282104e-02,4.700496047735214233e-02,4.542780295014381409e-02,4.788600653409957886e-02,4.805503413081169128e-02,4.715372249484062195e-02,4.814292117953300476e-02,4.881695657968521118e-02,4.849528893828392029e-02,4.694847762584686279e-02,4.786970838904380798e-02,4.836985841393470764e-02
2.591354280872620180e-02,9.557248631608672440e-06,4.551953077316284180e-02,4.773340374231338501e-02,4.744781926274299622e-02,4.789742082357406616e-02,4.655857011675834656e-02,4.637126997113227844e-02,4.792606830596923828e-02,4.931277036666870117e-02,4.760344699025154114e-02,4.669002443552017212e-02,4.726136475801467896e-02,4.767595976591110229e-02,4.706344380974769592e-02,4.763491824269294739e-02,4.719154164195060730e-02
2.607771895459612410e-02,9.583097380527760834e-06,4.571935161948204041e-02,4.664779081940650940e-02,4.607311263680458069e-02,4.555799067020416260e-02,4.716858640313148499e-02,4.771634191274642944e-02,4.875671863555908203e-02,4.698972776532173157e-02,4.699206724762916565e-02,4.701355472207069397e-02,4.932625219225883484e-02,4.863100126385688782e-02,4.826879873871803284e-02,4.986370354890823364e-02,4.783945158123970032e-02
2.624189510046604293e-02,9.677099114924203604e-06,4.795690253376960754e-02,4.611542075872421265e-02,4.686658084392547607e-02,4.779213666915893555e-02,4.726310446858406067e-02,4.749900475144386292e-02,4.675457999110221863e-02,4.715311527252197266e-02,4.818873107433319092e-02,4.895230382680892944e-02,4.851981997489929199e-02,4.969751089811325073e-02,5.012695863842964172e-02,4.687763005495071411e-02,4.864139109849929810e-02
2.640607124633596176e-02,9.507166396360844374e-06,4.479805007576942444e-02,4.889448732137680054e-02,4.683531075716018677e-02,4.558022692799568176e-02,4.655066505074501038e-02,4.471980407834053040e-02,4.665045440196990967e-02,4.449129477143287659e-02,4.751486331224441528e-02,4.820927232503890991e-02,4.855667054653167725e-02,4.739880189299583435e-02,4.830314218997955322e-02,4.963840916752815247e-02,4.673274978995323181e-02
2.657024739220588405e-02,9.518508704786654562e-06,4.635458067059516907e-02,4.673587158322334290e-02,4.616722837090492249e-02,4.687714204192161560e-02,4.794869944453239441e-02,4.538785666227340698e-02,4.730223119258880615e-02,4.685527458786964417e-02,4.718921333551406860e-02,4.652900621294975281e-02,4.733404517173767090e-02,4.837139695882797241e-02,4.810981452465057373e-02,4.757095128297805786e-02,4.911025241017341614e-02
2.673442353807579941e-02,9.646284524933435023e-06,4.470129311084747314e-02,4.683370143175125122e-02,4.807097464799880981e-02,4.683034121990203857e-02,4.559355974197387695e-02,4.770569130778312683e-02,4.824631661176681519e-02,4.724369198083877563e-02,4.833921417593955994e-02,4.932720586657524109e-02,4.961430653929710388e-02,4.897001758217811584e-02,4.785278439521789551e-02,4.716903343796730042e-02,4.856032133102416992e-02
2.689859968394572171e-02,9.522227628622204065e-06,4.515758529305458069e-02,4.575289040803909302e-02,4.649962484836578369e-02,4.658507183194160461e-02,4.667473956942558289e-02,4.695090278983116150e-02,4.919160902500152588e-02,4.773985594511032104e-02,4.806610941886901855e-02,4.707143083214759827e-02,4.861478507518768311e-02,4.807412251830101013e-02,4.794596135616302490e-02,4.687588289380073547e-02,4.580968245863914490e-02
2.706277582981563706e-02,9.578619938110932708e-06,4.572178050875663757e-02,4.792259633541107178e-02,4.659561812877655029e-02,4.809609428048133850e-02,4.612818732857704163e-02,4.715080559253692627e-02,4.767696931958198547e-02,4.529073834419250488e-02,4.784939810633659363e-02,4.802295565605163574e-02,4.803634062409400940e-02,4.796409979462623596e-02,4.896363243460655212e-02,4.723786190152168274e-02,4.743825271725654602e-02
2.722695197568555936e-02,9.591205525794066489e-06,4.640697687864303589e-02,4.810840263962745667e-02,4.570377618074417114e-02,4.731754586100578308e-02,4.618991166353225708e-02,4.804787412285804749e-02,4.743366688489913940e-02,4.740434139966964722e-02,4.749690741300582886e-02,4.711097106337547302e-02,4.654289036989212036e-02,4.834216088056564331e-02,4.746388271450996399e-02,4.901115223765373230e-02,4.863259941339492798e-02
2.739112812155548166e-02,9.591051821189466864e-06,4.722727090120315552e-02,4.612118378281593323e-02,4.691115394234657288e-02,4.783850163221359253e-02,4.705809056758880615e-02,4.775959998369216919e-02,4.866654053330421448e-02,4.770405590534210205e-02,4.677877575159072876e-02,4.827161505818367004e-02,4.819867014884948730e-02,4.685831442475318909e-02,4.774034023284912109e-02,4.783905297517776489e-02,4.854162782430648804e-02
2.755530426742539701e-02,9.469568794884253293e-06,4.525398835539817810e-02,4.764765501022338867e-02,4.608989879488945007e-02,4.714857041835784912e-02,4.791795462369918823e-02,4.639847204089164734e-02,4.621075093746185303e-02,4.509192705154418945e-02,4.822016134858131409e-02,4.578879103064537048e-02,4.676410183310508728e-02,4.682950675487518311e-02,4.821221157908439636e-02,4.756089672446250916e-02,4.627271741628646851e-02
2.771948041329531931e-02,9.570177098794374615e-06,4.626489058136940002e-02,4.575183242559432983e-02,4.634774476289749146e-02,4.599412158131599426e-02,4.759429022669792175e-02,4.605857282876968384e-02,4.717493057250976562e-02,4.761611670255661011e-02,4.708896577358245850e-02,4.871005564928054810e-02,4.915409162640571594e-02,4.662340879440307617e-02,4.770123213529586792e-02,4.835812747478485107e-02,4.952747002243995667e-02
2.788365655916523467e-02,9.576281627232674509e-06,4.611968621611595154e-02,4.594374075531959534e-02,4.726419225335121155e-02,4.700341448187828064e-02,4.536411911249160767e-02,4.612581804394721985e-02,4.995104670524597168e-02,4.839485511183738708e-02,4.716407135128974915e-02,4.755987226963043213e-02,4.838277027010917664e-02,4.751540720462799072e-02,4.862694069743156433e-02,4.817246273159980774e-02,4.650941118597984314e-02
2.804783270503515696e-02,9.588686225470155478e-06,4.600019007921218872e-02,4.837317019701004028e-02,4.786478728055953979e-02,4.813287034630775452e-02,4.691490903496742249e-02,4.610372707247734070e-02,4.873870685696601868e-02,4.752045869827270508e-02,4.760145395994186401e-02,4.866728559136390686e-02,4.669589921832084656e-02,4.781813919544219971e-02,4.783995449542999268e-02,4.787315800786018372e-02,4.576073586940765381e-02
2.821200885090507926e-02,9.578884601069148630e-06,4.636358097195625305e-02,4.773803427815437317e-02,4.594193771481513977e-02,4.603053629398345947e-02,4.653719812631607056e-02,4.805838316679000854e-02,4.768211767077445984e-02,4.792204126715660095e-02,4.690128192305564880e-02,4.905572533607482910e-02,4.606636613607406616e-02,4.681550711393356323e-02,4.959977418184280396e-02,4.959734529256820679e-02,4.799985513091087341e-02
2.837618499677499462e-02,9.509622941550333053e-06,4.675627872347831726e-02,4.632742702960968018e-02,4.682471230626106262e-02,4.788768291473388672e-02,4.742751643061637878e-02,4.573668539524078369e-02,4.688632115721702576e-02,4.679724574089050293e-02,4.694018885493278503e-02,4.688526317477226257e-02,4.738090932369232178e-02,4.648049548268318176e-02,4.750725626945495605e-02,4.933315888047218323e-02,4.675320163369178772e-02
2.854036114264491691e-02,9.480131666350644082e-06,4.744994640350341797e-02,4.513493552803993225e-02,4.620923101902008057e-02,4.582931101322174072e-02,4.690189287066459656e-02,4.868624731898307800e-02,4.651045426726341248e-02,4.586093500256538391e-02,4.667416587471961975e-02,4.758191853761672974e-02,4.792692512273788452e-02,4.699861258268356323e-02,4.707823693752288818e-02,4.765961319208145142e-02,4.836902394890785217e-02
2.870453728851483227e-02,9.588560715201310813e-06,4.755071550607681274e-02,4.408144205808639526e-02,4.840262234210968018e-02,4.750730097293853760e-02,4.652423784136772156e-02,4.780653864145278931e-02,4.772301018238067627e-02,4.894376173615455627e-02,4.836636781692504883e-02,4.769324138760566711e-02,4.691499844193458557e-02,4.550362750887870789e-02,4.880825802683830261e-02,4.795728251338005066e-02,4.869149997830390930e-02
2.886871343438475457e-02,9.488938303547911346e-06,4.705180227756500244e-02,4.751141369342803955e-02,4.665327072143554688e-02,4.628675803542137146e-02,4.676955193281173706e-02,4.583811387419700623e-02,4.671612009406089783e-02,4.704204574227333069e-02,4.743337258696556091e-02,4.610148444771766663e-02,4.659620299935340881e-02,4.678401723504066467e-02,4.740414023399353027e-02,4.766077175736427307e-02,4.752972349524497986e-02
2.903288958025467686e-02,9.519398190604988486e-06,4.743316769599914551e-02,4.613572359085083008e-02,4.709900543093681335e-02,4.643340781331062317e-02,4.760476946830749512e-02,4.499955847859382629e-02,4.550469294190406799e-02,4.730936884880065918e-02,4.653457924723625183e-02,4.716357216238975525e-02,4.678659513592720032e-02,4.788232222199440002e-02,4.914036020636558533e-02,4.864289239048957825e-02,4.794161766767501831e-02
2.919706572612459222e-02,9.569546818966045976e-06,4.678359627723693848e-02,4.704220965504646301e-02,4.620634764432907104e-02,4.646081849932670593e-02,4.660790041089057922e-02,4.698799550533294678e-02,4.733177274465560913e-02,4.831783846020698547e-02,4.718248173594474792e-02,4.684089869260787964e-02,4.884920269250869751e-02,4.858263581991195679e-02,4.811011254787445068e-02,4.724224284291267395e-02,4.895301163196563721e-02
2.936124187199451452e-02,9.477970706939231604e-06,4.471565037965774536e-02,4.540353640913963318e-02,4.654266685247421265e-02,4.678641259670257568e-02,4.554371163249015808e-02,4.629265516996383667e-02,4.485924169421195984e-02,4.831901192665100098e-02,4.530226439237594604e-02,5.031612887978553772e-02,4.879932850599288940e-02,4.784452915191650391e-02,4.704530909657478333e-02,4.627608880400657654e-02,4.841835424304008484e-02
2.952541801786442988e-02,9.562118066241964698e-06,4.528966546058654785e-02,4.541457444429397583e-02,4.822926223278045654e-02,4.793523997068405151e-02,4.636020585894584656e-02,4.670963436365127563e-02,4.633955284953117371e-02,4.705246910452842712e-02,4.670184105634689331e-02,4.720844328403472900e-02,4.892933368682861328e-02,4.994566738605499268e-02,4.797608405351638794e-02,4.820009320974349976e-02,4.852204024791717529e-02
2.968959416373435217e-02,9.529866474622394890e-06,4.668628051877021790e-02,4.550565034151077271e-02,4.777045547962188721e-02,4.689373075962066650e-02,4.635852202773094177e-02,4.578828811645507812e-02,4.674115777015686035e-02,4.585647955536842346e-02,4.695070534944534302e-02,4.794182255864143372e-02,4.640358686447143555e-02,4.899095371365547180e-02,4.864932596683502197e-02,4.850098863244056702e-02,4.883055388927459717e-02
2.985377030960427447e-02,9.539814527670387179e-06,4.646035656332969666e-02,4.735426232218742371e-02,4.689387977123260498e-02,4.604618623852729797e-02,4.555924236774444580e-02,4.672962799668312073e-02,4.700442776083946228e-02,4.645586013793945312e-02,4.951740056276321411e-02,4.733875393867492676e-02,4.786476120352745056e-02,4.698842391371726990e-02,4.817666113376617432e-02,4.597894102334976196e-02,4.906478151679039001e-02
3.001794645547418983e-02,9.504421541350893676e-06,4.709660634398460388e-02,4.651735723018646240e-02,4.573924094438552856e-02,4.768440127372741699e-02,4.642808064818382263e-02,4.575292393565177917e-02,4.737490043044090271e-02,4.661136120557785034e-02,4.712541028857231140e-02,4.739075899124145508e-02,4.662816226482391357e-02,4.737088456749916077e-02,4.861268028616905212e-02,4.739595204591751099e-02,4.838899523019790649e-02
3.018212260134411212e-02,9.446340300200972706e-06,4.709517210721969604e-02,4.779951646924018860e-02,4.569661244750022888e-02,4.678169265389442444e-02,4.601182788610458374e-02,4.554083570837974548e-02,4.767620936036109924e-02,4.621970653533935547e-02,4.584108293056488037e-02,4.699306935071945190e-02,4.818207398056983948e-02,4.740272462368011475e-02,4.632838442921638489e-02,4.920377582311630249e-02,4.612503200769424438e-02
3.034629874721402748e-02,9.525478162686340511e-06,4.663193970918655396e-02,4.745792597532272339e-02,4.671271517872810364e-02,4.727407172322273254e-02,4.750204086303710938e-02,4.632848873734474182e-02,4.584532976150512695e-02,4.772416129708290100e-02,4.660703986883163452e-02,4.726102948188781738e-02,4.839034751057624817e-02,4.820726811885833740e-02,4.588226228952407837e-02,4.785927012562751770e-02,4.808299243450164795e-02
3.051047489308394978e-02,9.505958587396889925e-06,4.579895362257957458e-02,4.493241757154464722e-02,4.548150300979614258e-02,4.760184884071350098e-02,4.709395393729209900e-02,4.656452313065528870e-02,4.696199297904968262e-02,4.702008515596389771e-02,4.666379094123840332e-02,4.795337840914726257e-02,4.744635894894599915e-02,4.898298904299736023e-02,4.664448276162147522e-02,4.874109104275703430e-02,4.786544665694236755e-02
3.067465103895387207e-02,9.548205525788944215e-06,4.662940651178359985e-02,4.775828123092651367e-02,4.684282466769218445e-02,4.518973454833030701e-02,4.668321833014488220e-02,4.786109551787376404e-02,4.658034071326255798e-02,4.716813564300537109e-02,4.507192969322204590e-02,4.762804880738258362e-02,4.681795835494995117e-02,4.823788255453109741e-02,4.909501597285270691e-02,4.922335594892501831e-02,4.844086617231369019e-02
3.083882718482378743e-02,9.502342436462640762e-06,4.608673229813575745e-02,4.695484042167663574e-02,4.680131003260612488e-02,4.444209858775138855e-02,4.705492779612541199e-02,4.684223607182502747e-02,4.973166808485984802e-02,4.684202000498771667e-02,4.841984808444976807e-02,4.647109657526016235e-02,4.805339872837066650e-02,4.736119881272315979e-02,4.708286002278327942e-02,4.737175256013870239e-02,4.563520848751068115e-02
3.100300333069370973e-02,9.496316124568693340e-06,4.597459733486175537e-02,4.642732813954353333e-02,4.637338966131210327e-02,4.715531319379806519e-02,4.733047634363174438e-02,4.600968584418296814e-02,4.537449032068252563e-02,4.786109924316406250e-02,4.728980362415313721e-02,4.804535955190658569e-02,4.705892503261566162e-02,4.722242429852485657e-02,4.911661520600318909e-02,4.840319231152534485e-02,4.664869233965873718e-02
3.116717947656362508e-02,9.557274097460322082e-06,4.556844010949134827e-02,4.710280150175094604e-02,4.657038301229476929e-02,4.882800579071044922e-02,4.584211483597755432e-02,4.692510887980461121e-02,4.814301803708076477e-02,4.725517332553863525e-02,4.684779793024063110e-02,4.638559743762016296e-02,4.832155629992485046e-02,4.742484539747238159e-02,4.687403514981269836e-02,4.861537367105484009e-02,4.876021295785903931e-02
3.133135562243354738e-02,9.587685781298205256e-06,4.603533446788787842e-02,4.694244265556335449e-02,4.660354182124137878e-02,4.733452200889587402e-02,4.716901481151580811e-02,4.834753647446632385e-02,4.663100466132164001e-02,4.745427146553993225e-02,4.644215479493141174e-02,4.795247688889503479e-02,4.767929017543792725e-02,4.688298702239990234e-02,4.873101785778999329e-02,4.832695797085762024e-02,4.816420003771781921e-02
3.149553176830346968e-02,9.612440408091060817e-06,4.832780361175537109e-02,4.706156253814697266e-02,4.771781340241432190e-02,4.741580039262771606e-02,4.715598374605178833e-02,4.572394490242004395e-02,4.625757411122322083e-02,4.749901220202445984e-02,4.711115732789039612e-02,4.845955222845077515e-02,4.904923215508460999e-02,4.651996120810508728e-02,4.779715836048126221e-02,4.940330982208251953e-02,4.768335074186325073e-02
3.165970791417338503e-02,9.527757356408983469e-06,4.561343416571617126e-02,4.750683158636093140e-02,4.700271412730216980e-02,4.732848331332206726e-02,4.752610996365547180e-02,4.788090661168098450e-02,4.802931845188140869e-02,4.658118635416030884e-02,4.697944223880767822e-02,4.586615040898323059e-02,4.724030941724777222e-02,4.807912558317184448e-02,4.883684590458869934e-02,4.601131007075309753e-02,4.743070900440216064e-02
3.182388406004330039e-02,9.456727639189921319e-06,4.581982269883155823e-02,4.545753821730613708e-02,4.647338017821311951e-02,4.606594517827033997e-02,4.732936993241310120e-02,4.586499556899070740e-02,4.559488594532012939e-02,4.672301188111305237e-02,4.656808450818061829e-02,4.671461880207061768e-02,4.825542867183685303e-02,4.835575819015502930e-02,4.838920384645462036e-02,4.810732603073120117e-02,4.730450734496116638e-02
3.198806020591322269e-02,9.537347068544477224e-06,4.550977051258087158e-02,4.648068547248840332e-02,4.761687666177749634e-02,4.666847363114356995e-02,4.707635939121246338e-02,4.701025411486625671e-02,4.771824926137924194e-02,4.854639619588851929e-02,4.886042699217796326e-02,4.629292711615562439e-02,4.705030843615531921e-02,4.613643139600753784e-02,4.806671291589736938e-02,4.838853329420089722e-02,4.688211157917976379e-02
3.215223635178314499e-02,9.544415661366656423e-06,4.540285468101501465e-02,4.655822739005088806e-02,4.658701270818710327e-02,4.859062284231185913e-02,4.757108539342880249e-02,4.605378955602645874e-02,4.672766849398612976e-02,4.573241993784904480e-02,4.761593788862228394e-02,4.729471355676651001e-02,4.817834869027137756e-02,4.815891757607460022e-02,4.680189490318298340e-02,4.764696210622787476e-02,4.922997206449508667e-02
3.231641249765306034e-02,9.540236533212009817e-06,4.686831310391426086e-02,4.608964547514915466e-02,4.579281434416770935e-02,4.794864729046821594e-02,4.797434434294700623e-02,4.806639999151229858e-02,4.657043889164924622e-02,4.648057371377944946e-02,4.692964255809783936e-02,4.789252951741218567e-02,4.575609788298606873e-02,4.748605936765670776e-02,4.902418702840805054e-02,4.826722666621208191e-02,4.687659814953804016e-02
3.248058864352298264e-02,9.559983482176903635e-06,4.590039700269699097e-02,4.680944234132766724e-02,4.842865467071533203e-02,4.819642752408981323e-02,4.772999510169029236e-02,4.478895664215087891e-02,4.711162298917770386e-02,4.732226207852363586e-02,4.731444269418716431e-02,4.875173792243003845e-02,4.703935980796813965e-02,4.529585316777229309e-02,4.771626368165016174e-02,4.838519915938377380e-02,4.921163618564605713e-02
3.264476478939290494e-02,9.549460628477390856e-06,4.575167596340179443e-02,4.802019521594047546e-02,4.589048400521278381e-02,4.832175374031066895e-02,4.579981043934822083e-02,4.665429145097732544e-02,4.808449000120162964e-02,4.760810732841491699e-02,4.679000005125999451e-02,4.802284389734268188e-02,4.776550456881523132e-02,4.559433460235595703e-02,4.946739599108695984e-02,4.805161803960800171e-02,4.797424748539924622e-02
3.280894093526282029e-02,9.597853932064026594e-06,4.873653501272201538e-02,4.644200578331947327e-02,4.672197252511978149e-02,4.924429208040237427e-02,4.713405668735504150e-02,4.806134849786758423e-02,4.531951248645782471e-02,4.771175235509872437e-02,4.787574708461761475e-02,4.713148623704910278e-02,4.730096831917762756e-02,4.736167192459106445e-02,4.679087549448013306e-02,4.928728938102722168e-02,4.809704050421714783e-02
3.297311708113273565e-02,9.566824701323639601e-06,4.879271239042282104e-02,4.604068025946617126e-02,4.551909118890762329e-02,4.819588363170623779e-02,4.766349494457244873e-02,4.641828685998916626e-02,4.734880104660987854e-02,4.851666465401649475e-02,4.908034205436706543e-02,4.569409042596817017e-02,4.733185097575187683e-02,4.765678569674491882e-02,4.849272221326828003e-02,4.736161604523658752e-02,4.636596888303756714e-02
3.313729322700266489e-02,9.571365808369591832e-06,4.472155123949050903e-02,4.792612791061401367e-02,4.864350333809852600e-02,4.665929451584815979e-02,4.852303117513656616e-02,4.641907662153244019e-02,4.792021587491035461e-02,4.697161912918090820e-02,4.748074710369110107e-02,4.812894761562347412e-02,4.748625308275222778e-02,4.710479080677032471e-02,4.817414656281471252e-02,4.794900119304656982e-02,4.791733995079994202e-02
3.330146937287258024e-02,9.574474461260251701e-06,4.506802186369895935e-02,4.711391031742095947e-02,4.818497970700263977e-02,4.831398278474807739e-02,4.645600542426109314e-02,4.864906147122383118e-02,4.599991813302040100e-02,4.717555642127990723e-02,4.718470945954322815e-02,4.701592773199081421e-02,4.734615981578826904e-02,4.773892462253570557e-02,4.823429509997367859e-02,4.623863101005554199e-02,4.975013807415962219e-02
3.346564551874249560e-02,9.602153113519307226e-06,4.502372816205024719e-02,4.791793599724769592e-02,4.669425264000892639e-02,4.627809301018714905e-02,4.753788188099861145e-02,4.753803461790084839e-02,4.705594107508659363e-02,4.816796258091926575e-02,4.918252676725387573e-02,4.786118119955062866e-02,4.735115915536880493e-02,4.707514867186546326e-02,4.844920337200164795e-02,4.846549406647682190e-02,4.883845522999763489e-02
3.362982166461241790e-02,9.568947461957577616e-06,4.596558958292007446e-02,4.704805091023445129e-02,4.637613147497177124e-02,4.796973988413810730e-02,4.715683311223983765e-02,4.601393640041351318e-02,4.810362309217453003e-02,4.712851345539093018e-02,4.834416136145591736e-02,4.850427061319351196e-02,4.775524511933326721e-02,4.772480577230453491e-02,4.915846139192581177e-02,4.641223698854446411e-02,4.790240898728370667e-02
3.379399781048234019e-02,9.535565368423704058e-06,4.607233032584190369e-02,4.708283022046089172e-02,4.514605924487113953e-02,4.705637693405151367e-02,4.767727106809616089e-02,4.664775729179382324e-02,4.767076298594474792e-02,4.575555399060249329e-02,4.876435548067092896e-02,4.828138276934623718e-02,4.793984442949295044e-02,4.855541512370109558e-02,4.763615503907203674e-02,4.755957424640655518e-02,4.739227518439292908e-02
3.395817395635225555e-02,9.452593076275661588e-06,4.601882770657539368e-02,4.656767472624778748e-02,4.575586691498756409e-02,4.453906789422035217e-02,4.668132215738296509e-02,4.749374836683273315e-02,4.585071653127670288e-02,4.733776301145553589e-02,4.722405970096588135e-02,4.752106964588165283e-02,4.758989065885543823e-02,4.795829579234123230e-02,4.677828401327133179e-02,4.672663286328315735e-02,4.831015318632125854e-02
3.412235010222217091e-02,9.609045264369342476e-06,4.686128348112106323e-02,4.771874472498893738e-02,4.665035754442214966e-02,4.681504517793655396e-02,4.822800308465957642e-02,4.748871177434921265e-02,4.668550938367843628e-02,4.671648144721984863e-02,4.691928252577781677e-02,4.897566884756088257e-02,4.755615815520286560e-02,4.895342513918876648e-02,4.833760485053062439e-02,4.812522605061531067e-02,4.768889769911766052e-02
3.428652624809210014e-02,9.576689990353770554e-06,4.774957150220870972e-02,4.770459234714508057e-02,4.701014608144760132e-02,4.627470299601554871e-02,4.649465158581733704e-02,4.777305200695991516e-02,4.733575135469436646e-02,4.643683135509490967e-02,4.904772713780403137e-02,4.772632196545600891e-02,4.815103858709335327e-02,4.712310805916786194e-02,4.610179737210273743e-02,4.876184090971946716e-02,4.791485890746116638e-02
3.445070239396201550e-02,9.539276106806937605e-06,4.585210606455802917e-02,4.590336978435516357e-02,4.522972553968429565e-02,4.680793359875679016e-02,4.682262986898422241e-02,4.673209786415100098e-02,4.590510204434394836e-02,4.929247871041297913e-02,4.733950272202491760e-02,4.793454334139823914e-02,4.821208119392395020e-02,4.754808917641639709e-02,4.800811037421226501e-02,4.841316491365432739e-02,4.835688695311546326e-02
3.461487853983193086e-02,9.652980224927887321e-06,4.571794718503952026e-02,4.754480719566345215e-02,4.505834355950355530e-02,4.691608622670173645e-02,4.740340262651443481e-02,4.857700690627098083e-02,4.729665070772171021e-02,4.824054241180419922e-02,4.868862777948379517e-02,4.813057556748390198e-02,4.857790842652320862e-02,4.826246201992034912e-02,5.003270134329795837e-02,4.873191565275192261e-02,4.775633290410041809e-02
3.477905468570185316e-02,9.689744729257654399e-06,4.723110049962997437e-02,4.813213273882865906e-02,4.703056812286376953e-02,4.724537953734397888e-02,4.864845052361488342e-02,4.688588902354240417e-02,4.788093641400337219e-02,4.880888760089874268e-02,4.807435721158981323e-02,4.759675264358520508e-02,4.737012088298797607e-02,4.821056872606277466e-02,4.939980059862136841e-02,4.852771759033203125e-02,4.933568090200424194e-02
3.494323083157177545e-02,9.550801223667804152e-06,4.738105088472366333e-02,4.614391177892684937e-02,4.556023702025413513e-02,4.499528557062149048e-02,4.824952036142349243e-02,4.597611725330352783e-02,4.728020727634429932e-02,4.676136001944541931e-02,4.815972596406936646e-02,4.726238176226615906e-02,4.754780232906341553e-02,4.912717267870903015e-02,4.909835755825042725e-02,4.854811355471611023e-02,4.777348041534423828e-02
3.510740697744169081e-02,9.570970178174320608e-06,4.783942550420761108e-02,4.788805171847343445e-02,4.794567823410034180e-02,4.648287966847419739e-02,4.699569195508956909e-02,4.611192643642425537e-02,4.589298367500305176e-02,4.896037280559539795e-02,4.796264320611953735e-02,4.749970883131027222e-02,4.822535812854766846e-02,4.674347117543220520e-02,4.713961854577064514e-02,4.805870354175567627e-02,4.818357899785041809e-02
3.527158312331161311e-02,9.679679351393133402e-06,4.730366170406341553e-02,4.739157482981681824e-02,4.798999056220054626e-02,4.723045229911804199e-02,4.747481644153594971e-02,4.784302413463592529e-02,4.749853909015655518e-02,4.750004783272743225e-02,4.793310537934303284e-02,4.676305502653121948e-02,4.869646206498146057e-02,4.895162209868431091e-02,4.701251536607742310e-02,4.879479110240936279e-02,5.005766823887825012e-02
3.543575926918153540e-02,9.570530892233364284e-06,4.672161117196083069e-02,4.795145615935325623e-02,4.786619544029235840e-02,4.788595810532569885e-02,4.881662502884864807e-02,4.650362953543663025e-02,4.655688628554344177e-02,4.719745367765426636e-02,4.673091322183609009e-02,4.800732061266899109e-02,4.571425169706344604e-02,4.655847698450088501e-02,4.745298996567726135e-02,5.066793784499168396e-02,4.747438803315162659e-02
3.559993541505145076e-02,9.544242857373319566e-06,4.629645124077796936e-02,4.689056053757667542e-02,4.753648117184638977e-02,4.627027735114097595e-02,4.902112483978271484e-02,4.787029698491096497e-02,4.991549253463745117e-02,4.739153385162353516e-02,4.766545817255973816e-02,4.747878387570381165e-02,4.623142257332801819e-02,4.658507928252220154e-02,4.683364927768707275e-02,4.803222790360450745e-02,4.673128202557563782e-02
3.576411156092136612e-02,9.610346751287579536e-06,4.723399505019187927e-02,4.665178433060646057e-02,4.858788102865219116e-02,4.699343442916870117e-02,4.888492077589035034e-02,4.784709587693214417e-02,4.597305878996849060e-02,4.679580032825469971e-02,4.775587841868400574e-02,4.862000793218612671e-02,4.892095923423767090e-02,4.755476117134094238e-02,4.797296226024627686e-02,4.770309105515480042e-02,4.656517505645751953e-02
3.592828770679129535e-02,9.604641491023357958e-06,4.519614949822425842e-02,4.812217503786087036e-02,4.747954756021499634e-02,4.790002480149269104e-02,4.697844386100769043e-02,4.651844501495361328e-02,4.600557312369346619e-02,4.785062000155448914e-02,4.704118892550468445e-02,4.824586957693099976e-02,4.801833629608154297e-02,4.628877341747283936e-02,4.833585396409034729e-02,4.901190102100372314e-02,5.059020221233367920e-02
3.609246385266121071e-02,9.577317541697993875e-06,4.781592264771461487e-02,4.572019353508949280e-02,4.679505899548530579e-02,4.711562395095825195e-02,4.739513248205184937e-02,4.651224985718727112e-02,4.771019145846366882e-02,4.748635739088058472e-02,4.732700437307357788e-02,4.888880625367164612e-02,4.703571647405624390e-02,4.773104563355445862e-02,4.683215543627738953e-02,4.857786744832992554e-02,4.786972701549530029e-02
3.625663999853112607e-02,9.575586773280519992e-06,4.714506492018699646e-02,4.754447937011718750e-02,4.835999384522438049e-02,4.634720832109451294e-02,4.578993842005729675e-02,4.738036170601844788e-02,4.912940040230751038e-02,4.836192727088928223e-02,4.597174748778343201e-02,4.832886531949043274e-02,4.597512632608413696e-02,4.627117142081260681e-02,4.621848836541175842e-02,4.947840422391891479e-02,4.780865833163261414e-02
3.642081614440104836e-02,9.622416655474808067e-06,4.515748843550682068e-02,4.668111354112625122e-02,4.838091880083084106e-02,4.757093265652656555e-02,4.921855032444000244e-02,4.639773070812225342e-02,4.718402028083801270e-02,4.910808056592941284e-02,4.701681435108184814e-02,4.688426107168197632e-02,4.909615218639373779e-02,4.861206188797950745e-02,4.713126271963119507e-02,4.831131920218467712e-02,4.757784679532051086e-02
3.658499229027097066e-02,9.608258551452308893e-06,4.647709801793098450e-02,4.662523046135902405e-02,4.636857658624649048e-02,4.731190949678421021e-02,4.709065705537796021e-02,4.690869152545928955e-02,4.832922667264938354e-02,4.857687652111053467e-02,4.642704501748085022e-02,4.922241717576980591e-02,4.805890843272209167e-02,4.798099398612976074e-02,4.744312912225723267e-02,4.800306260585784912e-02,4.976484924554824829e-02
3.674916843614088602e-02,9.654635505285114050e-06,4.763013496994972229e-02,4.823670908808708191e-02,4.712570458650588989e-02,4.830073937773704529e-02,4.667571932077407837e-02,4.856598749756813049e-02,4.639313742518424988e-02,4.847679287195205688e-02,4.804059863090515137e-02,4.793881997466087341e-02,4.868699610233306885e-02,4.609701037406921387e-02,4.736814647912979126e-02,4.957042261958122253e-02,4.891598597168922424e-02
3.691334458201080831e-02,9.623525329516269267e-06,4.752096533775329590e-02,4.674949869513511658e-02,4.761193320155143738e-02,4.807063564658164978e-02,4.737189412117004395e-02,4.680866375565528870e-02,4.762145504355430603e-02,4.709668830037117004e-02,4.831038415431976318e-02,4.606690630316734314e-02,4.823368787765502930e-02,4.689846187829971313e-02,4.767649620771408081e-02,4.944428056478500366e-02,4.836337640881538391e-02
3.707752072788073061e-02,9.601961210137233138e-06,4.702351242303848267e-02,4.654223471879959106e-02,4.799161478877067566e-02,4.540999606251716614e-02,4.813590645790100098e-02,4.822375625371932983e-02,4.786675795912742615e-02,4.664406552910804749e-02,4.803568497300148010e-02,4.738397151231765747e-02,4.822142794728279114e-02,4.754289612174034119e-02,4.700456559658050537e-02,4.832734912633895874e-02,4.919832572340965271e-02
3.724169687375064597e-02,9.691286322777159512e-06,4.884331673383712769e-02,4.659802466630935669e-02,4.753068834543228149e-02,4.813975840806961060e-02,4.671644791960716248e-02,4.845133051276206970e-02,4.803083837032318115e-02,4.864036291837692261e-02,4.829494282603263855e-02,4.686646163463592529e-02,4.904244467616081238e-02,4.864161089062690735e-02,4.850504919886589050e-02,4.761897772550582886e-02,4.908280819654464722e-02
3.740587301962056133e-02,9.537970981909893453e-06,4.662863537669181824e-02,4.613260924816131592e-02,4.601075127720832825e-02,4.657580703496932983e-02,4.682648926973342896e-02,4.829168319702148438e-02,4.762772098183631897e-02,4.669493436813354492e-02,4.697415605187416077e-02,4.619124159216880798e-02,4.762286692857742310e-02,4.653414711356163025e-02,4.945798218250274658e-02,4.821910709142684937e-02,4.831256717443466187e-02
3.757004916549048362e-02,9.634513844503089786e-06,4.792852327227592468e-02,4.628555104136466980e-02,4.812708869576454163e-02,4.687788337469100952e-02,4.896252602338790894e-02,4.835600033402442932e-02,4.857974871993064880e-02,4.783118143677711487e-02,4.680513963103294373e-02,4.816611483693122864e-02,4.655212536454200745e-02,4.903388768434524536e-02,4.781621322035789490e-02,4.739237204194068909e-02,4.795037582516670227e-02
3.773422531136040592e-02,9.657039299781899899e-06,4.700627550482749939e-02,4.650079458951950073e-02,4.630951210856437683e-02,4.683274775743484497e-02,4.608094692230224609e-02,4.782139509916305542e-02,4.776110127568244934e-02,4.815436527132987976e-02,4.819721356034278870e-02,4.761664941906929016e-02,4.702542349696159363e-02,4.864127561450004578e-02,4.977329820394515991e-02,4.958320781588554382e-02,4.905253648757934570e-02
3.789840145723032128e-02,9.620352102501783520e-06,4.565560445189476013e-02,4.837571457028388977e-02,4.890367388725280762e-02,4.815974459052085876e-02,4.788362979888916016e-02,4.679195210337638855e-02,4.636482894420623779e-02,4.688673466444015503e-02,4.694226011633872986e-02,4.847519472241401672e-02,4.750250279903411865e-02,4.793516919016838074e-02,4.801468551158905029e-02,4.703334718942642212e-02,4.941767454147338867e-02
3.806257760310024357e-02,9.672700798546429724e-06,4.774847999215126038e-02,4.895906522870063782e-02,4.717411100864410400e-02,4.835394769906997681e-02,4.892984405159950256e-02,4.699686169624328613e-02,4.669602215290069580e-02,4.752971976995468140e-02,4.635181650519371033e-02,4.864080995321273804e-02,4.813524335622787476e-02,4.866559058427810669e-02,4.887560382485389709e-02,4.647351428866386414e-02,4.788135364651679993e-02
3.822675374897016587e-02,9.754097845871001482e-06,4.718547314405441284e-02,4.770964011549949646e-02,4.812027141451835632e-02,4.730169847607612610e-02,4.864775389432907104e-02,4.809364303946495056e-02,4.769891873002052307e-02,4.816862940788269043e-02,4.795280098915100098e-02,4.794382303953170776e-02,4.794884100556373596e-02,4.894981160759925842e-02,4.962354153394699097e-02,4.860024154186248779e-02,4.944793507456779480e-02
3.839092989484008123e-02,9.694074833532795310e-06,4.762419313192367554e-02,4.816238954663276672e-02,4.718395322561264038e-02,4.762117937207221985e-02,4.672304168343544006e-02,4.955488070845603943e-02,4.858861863613128662e-02,4.847200959920883179e-02,4.992540553212165833e-02,4.742357134819030762e-02,4.763558134436607361e-02,4.756772518157958984e-02,4.689485952258110046e-02,4.827416688203811646e-02,4.871283471584320068e-02
3.855510604070999658e-02,9.733375918585807085e-06,4.723183438181877136e-02,4.792690277099609375e-02,4.757300391793251038e-02,4.902493581175804138e-02,4.863162338733673096e-02,4.805724322795867920e-02,4.816630110144615173e-02,4.840513318777084351e-02,4.770816862583160400e-02,4.811418801546096802e-02,4.812336340546607971e-02,4.748711362481117249e-02,4.830901697278022766e-02,4.966044798493385315e-02,4.895133525133132935e-02
3.871928218657992582e-02,9.605873856344260275e-06,4.782196134328842163e-02,4.511049389839172363e-02,4.624929651618003845e-02,4.815364629030227661e-02,4.650163650512695312e-02,4.778506606817245483e-02,4.883818328380584717e-02,4.881746694445610046e-02,4.825902730226516724e-02,4.705647006630897522e-02,4.782321304082870483e-02,4.839617386460304260e-02,4.789808392524719238e-02,4.812398925423622131e-02,4.745027422904968262e-02
3.888345833244984118e-02,9.581016456650104374e-06,4.744524136185646057e-02,4.628059267997741699e-02,4.801360890269279480e-02,4.684849083423614502e-02,4.722578823566436768e-02,4.516538977622985840e-02,4.779662191867828369e-02,4.828474670648574829e-02,4.678668081760406494e-02,4.718136414885520935e-02,4.802028089761734009e-02,4.876410588622093201e-02,4.782085493206977844e-02,4.815315455198287964e-02,4.765690118074417114e-02
3.904763447831975653e-02,9.686014891485683620e-06,4.715918377041816711e-02,4.814011976122856140e-02,4.701362177729606628e-02,4.866970330476760864e-02,4.787434637546539307e-02,4.741424694657325745e-02,4.702943935990333557e-02,4.710168763995170593e-02,4.774731397628784180e-02,4.880584031343460083e-02,4.849990829825401306e-02,4.875709861516952515e-02,4.858880862593650818e-02,4.824033752083778381e-02,4.865403473377227783e-02
3.921181062418967883e-02,9.644143574405461550e-06,4.688875004649162292e-02,4.528414458036422729e-02,4.697021842002868652e-02,4.741418361663818359e-02,4.961641505360603333e-02,4.709276929497718811e-02,4.756845533847808838e-02,4.756027087569236755e-02,4.729373008012771606e-02,4.890213906764984131e-02,4.761290922760963440e-02,5.026762560009956360e-02,4.734042286872863770e-02,4.892230406403541565e-02,4.850724339485168457e-02
3.937598677005960113e-02,9.562478226143866777e-06,4.523254558444023132e-02,4.713641852140426636e-02,4.751299321651458740e-02,4.736103117465972900e-02,4.820278286933898926e-02,4.761883988976478577e-02,4.618941992521286011e-02,4.590928554534912109e-02,4.898564517498016357e-02,4.872038960456848145e-02,4.784638807177543640e-02,4.829056560993194580e-02,4.718017205595970154e-02,4.741454869508743286e-02,4.700494557619094849e-02
3.954016291592951649e-02,9.562614650349132717e-06,4.626565799117088318e-02,4.775786772370338440e-02,4.686977714300155640e-02,4.817857593297958374e-02,4.717037081718444824e-02,4.627921432256698608e-02,4.671657830476760864e-02,4.750401899218559265e-02,4.872471839189529419e-02,4.824402555823326111e-02,4.671883210539817810e-02,4.813330620527267456e-02,4.620079696178436279e-02,4.835929721593856812e-02,4.691754654049873352e-02
3.970433906179943878e-02,9.553554264130070806e-06,4.671735316514968872e-02,4.714858531951904297e-02,4.590712860226631165e-02,4.609473422169685364e-02,4.733470082283020020e-02,4.804865643382072449e-02,4.808945208787918091e-02,4.799789935350418091e-02,4.827031120657920837e-02,4.669618979096412659e-02,4.694735258817672729e-02,4.856692254543304443e-02,4.711866006255149841e-02,4.696437716484069824e-02,4.899949952960014343e-02
3.986851520766936108e-02,9.605533705325797200e-06,4.639085009694099426e-02,4.726802557706832886e-02,4.730102047324180603e-02,4.785010591149330139e-02,4.728987812995910645e-02,4.833442345261573792e-02,4.795105382800102234e-02,4.757192730903625488e-02,4.821654781699180603e-02,4.727100580930709839e-02,4.650272801518440247e-02,4.667533934116363525e-02,4.939587786793708801e-02,4.766269773244857788e-02,4.832863435149192810e-02
4.003269135353927644e-02,9.620592209103051573e-06,4.818701371550559998e-02,4.721083119511604309e-02,4.482840374112129211e-02,4.665557667613029480e-02,4.836249724030494690e-02,4.747356474399566650e-02,4.849081486463546753e-02,4.805868491530418396e-02,4.781888052821159363e-02,4.690233245491981506e-02,4.735950753092765808e-02,4.796509072184562683e-02,4.795808345079421997e-02,4.912135004997253418e-02,4.815313220024108887e-02
4.019686749940919179e-02,9.527340807835571468e-06,4.732801020145416260e-02,4.702997580170631409e-02,4.660438373684883118e-02,4.641482606530189514e-02,4.614302888512611389e-02,4.612552374601364136e-02,4.700570926070213318e-02,4.870784282684326172e-02,4.880273342132568359e-02,4.817498475313186646e-02,4.791082814335823059e-02,4.797822609543800354e-02,4.741908609867095947e-02,4.627914726734161377e-02,4.740631952881813049e-02
4.036104364527912103e-02,9.590483387000858784e-06,4.694059491157531738e-02,4.640954360365867615e-02,4.660471901297569275e-02,4.574128612875938416e-02,4.786163195967674255e-02,4.927995055913925171e-02,4.702357202768325806e-02,4.625159502029418945e-02,4.774923250079154968e-02,4.849376529455184937e-02,4.835469275712966919e-02,4.720671847462654114e-02,4.805070534348487854e-02,4.806907847523689270e-02,5.037464201450347900e-02
4.052521979114903639e-02,9.607823812984861434e-06,4.699648171663284302e-02,4.712045192718505859e-02,4.852484166622161865e-02,4.769097268581390381e-02,4.776376858353614807e-02,4.639893770217895508e-02,4.791617020964622498e-02,4.731013253331184387e-02,4.820170998573303223e-02,4.783784225583076477e-02,4.749727621674537659e-02,4.828762263059616089e-02,4.840450733900070190e-02,4.695821925997734070e-02,4.772946611046791077e-02
4.068939593701895174e-02,9.651859727455303073e-06,4.797846823930740356e-02,4.781372472643852234e-02,4.883242025971412659e-02,4.844103753566741943e-02,4.718814790248870850e-02,4.712828248739242554e-02,4.766995459794998169e-02,4.636096954345703125e-02,4.761616513133049011e-02,4.631594195961952209e-02,4.973224550485610962e-02,4.915481060743331909e-02,4.744936153292655945e-02,4.702020436525344849e-02,4.828334972262382507e-02
4.085357208288887404e-02,9.562405466567724943e-06,4.795137047767639160e-02,4.523187503218650818e-02,4.646693542599678040e-02,4.841172695159912109e-02,4.496867209672927856e-02,4.878112301230430603e-02,4.696075990796089172e-02,4.815070703625679016e-02,4.683995619416236877e-02,4.735286161303520203e-02,4.799928888678550720e-02,4.797672852873802185e-02,4.643062502145767212e-02,4.820802807807922363e-02,4.698896780610084534e-02
4.101774822875879634e-02,9.597285497875418514e-06,4.729852452874183655e-02,4.630696401000022888e-02,4.769600555300712585e-02,4.603520780801773071e-02,4.744571819901466370e-02,4.805044084787368774e-02,4.717959091067314148e-02,4.772993922233581543e-02,4.811624437570571899e-02,4.721722006797790527e-02,4.775558412075042725e-02,4.843488708138465881e-02,4.945171996951103210e-02,4.772714897990226746e-02,4.673084244132041931e-02
4.118192437462871169e-02,9.557492376188747585e-06,4.627167433500289917e-02,4.788438603281974792e-02,4.733448475599288940e-02,4.922351613640785217e-02,4.615750536322593689e-02,4.682825505733489990e-02,4.861136525869369507e-02,4.626299813389778137e-02,4.722882434725761414e-02,4.883103072643280029e-02,4.803264141082763672e-02,4.846506565809249878e-02,4.646750912070274353e-02,4.623877629637718201e-02,4.610769078135490417e-02
4.134610052049863399e-02,9.616821444069501013e-06,4.690298810601234436e-02,4.705239832401275635e-02,4.768334701657295227e-02,4.742149263620376587e-02,4.536685720086097717e-02,4.725437611341476440e-02,4.773296415805816650e-02,4.828316345810890198e-02,4.713492840528488159e-02,4.857287928462028503e-02,4.732346162199974060e-02,4.809329286217689514e-02,4.944187775254249573e-02,4.919378086924552917e-02,4.818175360560417175e-02
4.151027666636855629e-02,9.564763786329422146e-06,4.674388095736503601e-02,4.609885439276695251e-02,4.752071574330329895e-02,4.639676213264465332e-02,4.690630361437797546e-02,4.799330607056617737e-02,4.702647402882575989e-02,4.781811684370040894e-02,4.771984368562698364e-02,4.787275195121765137e-02,4.829773306846618652e-02,4.841625690460205078e-02,4.684774205088615417e-02,4.783885180950164795e-02,4.776795208454132080e-02
4.167445281223847164e-02,9.656688234827015549e-06,4.717117920517921448e-02,4.883574321866035461e-02,4.792603477835655212e-02,4.583450406789779663e-02,4.863026738166809082e-02,4.690961539745330811e-02,4.824345558881759644e-02,4.643703624606132507e-02,4.932398349046707153e-02,4.883733764290809631e-02,4.770170152187347412e-02,4.836386069655418396e-02,4.837082698941230774e-02,4.759646579623222351e-02,4.881937429308891296e-02
4.183862895810838700e-02,9.616410352464299649e-06,4.763415455818176270e-02,4.770751670002937317e-02,4.730619490146636963e-02,4.679001122713088989e-02,4.775038734078407288e-02,4.701044782996177673e-02,4.804725199937820435e-02,4.950721934437751770e-02,4.807823523879051208e-02,4.670922830700874329e-02,4.790082946419715881e-02,4.727419838309288025e-02,4.808608070015907288e-02,4.776867479085922241e-02,4.819314554333686829e-02
4.200280510397831624e-02,9.525386303721461445e-06,4.764324054121971130e-02,4.692024365067481995e-02,4.635659977793693542e-02,4.811765998601913452e-02,4.711448401212692261e-02,4.670604690909385681e-02,4.753758385777473450e-02,4.718613252043724060e-02,4.677150025963783264e-02,4.754173755645751953e-02,4.843362048268318176e-02,4.702277854084968567e-02,4.753283038735389709e-02,4.694547876715660095e-02,4.651949927210807800e-02
4.216698124984823159e-02,9.580602636560797691e-06,4.644450917840003967e-02,4.857172071933746338e-02,4.563211277127265930e-02,4.817149415612220764e-02,4.667031392455101013e-02,4.775888100266456604e-02,4.737810418009757996e-02,4.656410217285156250e-02,4.754773527383804321e-02,4.924722760915756226e-02,4.687543585896492004e-02,4.820322617888450623e-02,4.721776768565177917e-02,4.699142649769783020e-02,4.824496433138847351e-02
4.233115739571814695e-02,9.689370926935225725e-06,4.689210280776023865e-02,4.704754799604415894e-02,4.593373462557792664e-02,4.662638157606124878e-02,4.794026911258697510e-02,4.660094529390335083e-02,4.842305928468704224e-02,4.915775358676910400e-02,4.795334860682487488e-02,4.831334203481674194e-02,4.874235019087791443e-02,4.900756105780601501e-02,4.855093732476234436e-02,4.763653501868247986e-02,5.020603165030479431e-02
4.249533354158806925e-02,9.640568350732792169e-06,4.785318672657012939e-02,4.795499518513679504e-02,4.781826213002204895e-02,4.614256694912910461e-02,4.828451573848724365e-02,4.678050056099891663e-02,4.679840430617332458e-02,4.756677150726318359e-02,4.858579859137535095e-02,4.861034452915191650e-02,4.871818050742149353e-02,4.752592742443084717e-02,4.906969144940376282e-02,4.747160524129867554e-02,4.792255908250808716e-02
4.265950968745799154e-02,9.512446922599337995e-06,4.790885373950004578e-02,4.594014957547187805e-02,4.564938321709632874e-02,4.727346077561378479e-02,4.681252315640449524e-02,4.751626774668693542e-02,4.562209174036979675e-02,4.642597958445549011e-02,4.790794849395751953e-02,4.633346199989318848e-02,4.851414635777473450e-02,4.785919189453125000e-02,4.903336614370346069e-02,4.747328162193298340e-02,4.772096127271652222e-02
4.282368583332790690e-02,9.594176844984758645e-06,4.848084971308708191e-02,4.731074348092079163e-02,4.658606275916099548e-02,4.802275821566581726e-02,4.811359196901321411e-02,4.834891855716705322e-02,4.775415360927581787e-02,4.777061194181442261e-02,4.829917475581169128e-02,4.596828296780586243e-02,4.633314535021781921e-02,4.794983193278312683e-02,4.665990918874740601e-02,4.676271229982376099e-02,4.888947308063507080e-02
4.298786197919782920e-02,9.616849638405255973e-06,4.596414789557456970e-02,4.644470661878585815e-02,4.701295122504234314e-02,4.579812660813331604e-02,4.866654053330421448e-02,5.069474130868911743e-02,4.810738936066627502e-02,4.913055151700973511e-02,4.797387495636940002e-02,4.734608903527259827e-02,4.791247472167015076e-02,4.753934592008590698e-02,4.658025130629539490e-02,4.894137009978294373e-02,4.756294935941696167e-02
4.315203812506775150e-02,9.735138519317843020e-06,4.762085154652595520e-02,4.768240824341773987e-02,4.842149093747138977e-02,4.737389460206031799e-02,4.951298981904983521e-02,4.801883548498153687e-02,4.888422787189483643e-02,4.623119160532951355e-02,4.793326184153556824e-02,4.982573166489601135e-02,4.813117906451225281e-02,4.895494878292083740e-02,4.876799881458282471e-02,4.876061528921127319e-02,4.743833094835281372e-02
4.331621427093766685e-02,9.576084266882389784e-06,4.882850497961044312e-02,4.562078416347503662e-02,4.772792756557464600e-02,4.566041380167007446e-02,4.772385209798812866e-02,4.721856862306594849e-02,4.839913547039031982e-02,4.568484053015708923e-02,4.671581462025642395e-02,4.783098027110099792e-02,4.711166396737098694e-02,4.711429029703140259e-02,4.790560901165008545e-02,4.895293712615966797e-02,4.805791005492210388e-02
4.348039041680758221e-02,9.571322152623906732e-06,4.706234112381935120e-02,4.735023900866508484e-02,4.671452566981315613e-02,4.714035242795944214e-02,4.708879813551902771e-02,4.585653916001319885e-02,4.743797704577445984e-02,4.816927388310432434e-02,4.571986570954322815e-02,4.803439974784851074e-02,4.780076816678047180e-02,4.721942916512489319e-02,4.873845353722572327e-02,4.819222539663314819e-02,4.780760779976844788e-02
4.364456656267751145e-02,9.585019142832607031e-06,4.663125425577163696e-02,4.846665263175964355e-02,4.733128845691680908e-02,4.712679237127304077e-02,4.761040210723876953e-02,4.616483673453330994e-02,4.734576120972633362e-02,4.740317538380622864e-02,4.690464958548545837e-02,4.889454320073127747e-02,4.759752750396728516e-02,4.752227663993835449e-02,4.747932776808738708e-02,4.703805223107337952e-02,4.855680838227272034e-02
4.380874270854742680e-02,9.578024219081271440e-06,4.754038155078887939e-02,4.668624326586723328e-02,4.712869971990585327e-02,4.738872870802879333e-02,4.750168323516845703e-02,4.839496314525604248e-02,4.712144285440444946e-02,4.797555506229400635e-02,4.729936271905899048e-02,4.777838662266731262e-02,4.665470495820045471e-02,4.623479768633842468e-02,4.746724665164947510e-02,4.812427237629890442e-02,4.815614968538284302e-02
4.397291885441734216e-02,9.591195521352346987e-06,4.841854795813560486e-02,4.776923358440399170e-02,4.748960211873054504e-02,4.691268503665924072e-02,4.632266238331794739e-02,4.790596291422843933e-02,4.775782674551010132e-02,4.566710814833641052e-02,4.669772461056709290e-02,4.780833050608634949e-02,4.907058924436569214e-02,4.871252924203872681e-02,4.704504460096359253e-02,4.780969396233558655e-02,4.820091649889945984e-02
4.413709500028726446e-02,9.729937119118403643e-06,4.707503691315650940e-02,4.916456341743469238e-02,4.914727434515953064e-02,4.756593704223632812e-02,4.739963263273239136e-02,4.722457379102706909e-02,4.889272898435592651e-02,4.680898785591125488e-02,4.599438980221748352e-02,4.753560572862625122e-02,4.865862056612968445e-02,4.983659088611602783e-02,4.870473220944404602e-02,4.902017116546630859e-02,4.913914948701858521e-02
4.430127114615718675e-02,9.607010724721476436e-06,4.675082862377166748e-02,4.852671176195144653e-02,4.554012417793273926e-02,4.781716316938400269e-02,4.623400419950485229e-02,4.713495448231697083e-02,4.840827733278274536e-02,4.809143766760826111e-02,4.701794311404228210e-02,4.661054536700248718e-02,4.778381437063217163e-02,4.940425232052803040e-02,4.888615384697914124e-02,4.765497893095016479e-02,4.853814467787742615e-02
4.446544729202710211e-02,9.658406270318664610e-06,4.885774478316307068e-02,4.809714853763580322e-02,4.771404713392257690e-02,4.706893488764762878e-02,4.597520455718040466e-02,4.805787280201911926e-02,4.679167270660400391e-02,4.917409271001815796e-02,4.640921205282211304e-02,4.753526672720909119e-02,4.942306503653526306e-02,4.771238192915916443e-02,4.877312853932380676e-02,4.825615137815475464e-02,4.819423332810401917e-02
4.462962343789702441e-02,9.659791430749464780e-06,4.787962511181831360e-02,4.688443988561630249e-02,4.690727218985557556e-02,4.721748083829879761e-02,4.780244454741477966e-02,4.695361107587814331e-02,4.857305809855461121e-02,4.799839109182357788e-02,4.773573204874992371e-02,4.868519678711891174e-02,4.860910400748252869e-02,4.849604517221450806e-02,4.760459810495376587e-02,4.791948944330215454e-02,4.780553653836250305e-02
4.479379958376694670e-02,9.587699423718731850e-06,4.684595018625259399e-02,4.640220850706100464e-02,4.806152358651161194e-02,4.584909602999687195e-02,4.770117998123168945e-02,4.834649711847305298e-02,4.614520817995071411e-02,4.691195860505104065e-02,4.685494303703308105e-02,4.820600152015686035e-02,4.879729822278022766e-02,4.656989499926567078e-02,4.844188317656517029e-02,4.814571514725685120e-02,4.962753877043724060e-02
4.495797572963686206e-02,9.666462574386969209e-06,4.759043455123901367e-02,4.888741299510002136e-02,4.829439520835876465e-02,4.806421697139739990e-02,4.701366648077964783e-02,4.722153767943382263e-02,4.929165542125701904e-02,4.773848503828048706e-02,4.762477800250053406e-02,4.538794606924057007e-02,4.801909253001213074e-02,4.904550686478614807e-02,5.014873296022415161e-02,4.843904078006744385e-02,4.715128988027572632e-02
4.512215187550677742e-02,9.692546882433816791e-06,4.563761129975318909e-02,4.841672256588935852e-02,4.851688444614410400e-02,4.859090596437454224e-02,4.839769005775451660e-02,4.753286018967628479e-02,4.898512363433837891e-02,4.843270778656005859e-02,4.762799665331840515e-02,4.922529309988021851e-02,4.752578958868980408e-02,4.822108522057533264e-02,4.793601855635643005e-02,4.696923866868019104e-02,4.940408840775489807e-02
4.528632802137670665e-02,9.609924745745956898e-06,4.816086590290069580e-02,4.909375309944152832e-02,4.839446395635604858e-02,4.610793665051460266e-02,4.592337086796760559e-02,4.754667356610298157e-02,4.637328535318374634e-02,4.858651384711265564e-02,4.772069305181503296e-02,4.906857386231422424e-02,4.653695225715637207e-02,4.729850962758064270e-02,4.821618273854255676e-02,4.690524563193321228e-02,4.791665822267532349e-02
4.545050416724662201e-02,9.648692866903729737e-06,4.799921810626983643e-02,4.760413616895675659e-02,4.704534262418746948e-02,4.671393334865570068e-02,4.918087273836135864e-02,4.795043170452117920e-02,4.844859242439270020e-02,4.778574407100677490e-02,4.684972763061523438e-02,4.913929849863052368e-02,4.726210609078407288e-02,4.717126488685607910e-02,4.757988452911376953e-02,4.774910956621170044e-02,4.761296883225440979e-02
4.561468031311653737e-02,9.705242518975865096e-06,4.897785559296607971e-02,4.699361324310302734e-02,4.774311929941177368e-02,4.848928004503250122e-02,4.763936623930931091e-02,4.836233705282211304e-02,4.844608157873153687e-02,4.881124570965766907e-02,4.824180528521537781e-02,4.911709204316139221e-02,4.806176573038101196e-02,4.800964146852493286e-02,4.931558668613433838e-02,4.711940139532089233e-02,4.614783823490142822e-02
4.577885645898645967e-02,9.673932254372630268e-06,4.935792833566665649e-02,4.765182361006736755e-02,4.842352494597434998e-02,4.707460850477218628e-02,4.779931157827377319e-02,4.778581112623214722e-02,4.822378233075141907e-02,4.804835096001625061e-02,4.721344262361526489e-02,4.737034067511558533e-02,4.878884553909301758e-02,4.767059162259101868e-02,4.836005717515945435e-02,4.812592267990112305e-02,4.760488495230674744e-02
4.594303260485638196e-02,9.502004104433581233e-06,4.717798531055450439e-02,4.661173373460769653e-02,4.617840796709060669e-02,4.581886157393455505e-02,4.688495025038719177e-02,4.540465027093887329e-02,4.874909296631813049e-02,4.724915698170661926e-02,4.673030972480773926e-02,4.745493829250335693e-02,4.702607542276382446e-02,4.781442508101463318e-02,4.742320254445075989e-02,4.672832414507865906e-02,4.792571812868118286e-02
4.610720875072629732e-02,9.651730579207651317e-06,4.765988513827323914e-02,4.802867397665977478e-02,4.714274778962135315e-02,4.797738045454025269e-02,4.824648052453994751e-02,4.657344520092010498e-02,4.615103825926780701e-02,4.740020260214805603e-02,4.798756539821624756e-02,4.699387028813362122e-02,4.872940853238105774e-02,5.070184543728828430e-02,4.894495010375976562e-02,4.731699824333190918e-02,4.802592098712921143e-02
4.627138489659621962e-02,9.565010259393602610e-06,4.766839370131492615e-02,4.688740894198417664e-02,4.785340279340744019e-02,4.652598500251770020e-02,4.681570455431938171e-02,4.756126552820205688e-02,4.821152985095977783e-02,4.861878231167793274e-02,4.575760662555694580e-02,4.775141552090644836e-02,4.703822359442710876e-02,4.859272763133049011e-02,4.769855365157127380e-02,4.725762456655502319e-02,4.885406047105789185e-02
4.643556104246614191e-02,9.628898624214343727e-06,4.697691649198532104e-02,4.684893786907196045e-02,4.703378677368164062e-02,4.849168658256530762e-02,4.812895506620407104e-02,4.780691489577293396e-02,4.709610715508460999e-02,4.797229543328285217e-02,4.886573180556297302e-02,4.687409102916717529e-02,4.718578979372978210e-02,4.745263606309890747e-02,4.963374882936477661e-02,4.870888963341712952e-02,4.823419079184532166e-02
4.659973718833605727e-02,9.613827387511264533e-06,4.688960686326026917e-02,4.745958000421524048e-02,4.744787141680717468e-02,4.962589591741561890e-02,4.888931289315223694e-02,4.821905121207237244e-02,4.877381026744842529e-02,4.727341607213020325e-02,4.655620455741882324e-02,4.750325158238410950e-02,4.755146428942680359e-02,4.789818078279495239e-02,4.787441343069076538e-02,4.774738103151321411e-02,4.701868817210197449e-02
4.676391333420597263e-02,9.584010513208340853e-06,4.602909088134765625e-02,4.707293212413787842e-02,4.798084869980812073e-02,4.722768440842628479e-02,4.859235137701034546e-02,4.721853882074356079e-02,4.604030027985572815e-02,4.815465211868286133e-02,4.539617523550987244e-02,4.719165712594985962e-02,4.792749881744384766e-02,4.760253429412841797e-02,4.678148403763771057e-02,4.921346530318260193e-02,4.819994419813156128e-02
4.692808948007590186e-02,9.610960660211276263e-06,4.851586744189262390e-02,4.555230587720870972e-02,4.664770886301994324e-02,4.855500534176826477e-02,4.708939790725708008e-02,4.814988747239112854e-02,4.775764793157577515e-02,4.683589935302734375e-02,4.838468879461288452e-02,4.962197691202163696e-02,4.805475845932960510e-02,4.636066034436225891e-02,4.819161817431449890e-02,4.699200019240379333e-02,4.719906300306320190e-02
4.709226562594581722e-02,9.594126822776161134e-06,4.781669750809669495e-02,4.692751914262771606e-02,4.764840379357337952e-02,4.758017137646675110e-02,4.645899683237075806e-02,4.644311219453811646e-02,4.895804449915885925e-02,4.809892922639846802e-02,4.820875078439712524e-02,4.612800106406211853e-02,4.770263656973838806e-02,4.668057709932327271e-02,4.805506020784378052e-02,4.765516892075538635e-02,4.873792454600334167e-02
4.725644177181573258e-02,9.625990969652775675e-06,4.726402088999748230e-02,4.634530469775199890e-02,4.804547131061553955e-02,4.656089097261428833e-02,4.831294715404510498e-02,4.849820956587791443e-02,4.745558649301528931e-02,4.857101663947105408e-02,4.822940379381179810e-02,4.693779349327087402e-02,4.623925313353538513e-02,4.717230424284934998e-02,4.950039461255073547e-02,4.635494947433471680e-02,4.854634031653404236e-02
4.742061791768565487e-02,9.622777724871411920e-06,4.796311631798744202e-02,4.770186170935630798e-02,4.747428745031356812e-02,4.868992790579795837e-02,4.640106856822967529e-02,4.639031365513801575e-02,4.664454981684684753e-02,4.647045582532882690e-02,4.915969446301460266e-02,4.876078292727470398e-02,4.856012761592864990e-02,4.703573510050773621e-02,4.773807525634765625e-02,4.739537462592124939e-02,4.866116493940353394e-02
4.758479406355557717e-02,9.594233233656268567e-06,4.661474004387855530e-02,4.838049784302711487e-02,4.786312952637672424e-02,4.594936221837997437e-02,4.907679930329322815e-02,4.795337840914726257e-02,4.714754596352577209e-02,4.842466861009597778e-02,4.812586307525634766e-02,4.766565933823585510e-02,4.788488894701004028e-02,4.799994453787803650e-02,4.519879817962646484e-02,4.741126671433448792e-02,4.823307693004608154e-02
4.774897020942549253e-02,9.595975825504865497e-06,4.776360839605331421e-02,4.724333435297012329e-02,4.681271314620971680e-02,4.750474169850349426e-02,4.884107038378715515e-02,4.880074411630630493e-02,4.725195840001106262e-02,4.512170702219009399e-02,4.759371653199195862e-02,4.772506654262542725e-02,4.583798348903656006e-02,4.841484129428863525e-02,4.856387153267860413e-02,4.787716642022132874e-02,4.775096476078033447e-02
4.791314635529541482e-02,9.636438335292041302e-06,4.766647890210151672e-02,4.690464586019515991e-02,4.820838943123817444e-02,4.762798920273780823e-02,4.802732914686203003e-02,4.809660464525222778e-02,4.737777262926101685e-02,4.832773283123970032e-02,4.638547450304031372e-02,4.734348133206367493e-02,4.926594719290733337e-02,4.769134521484375000e-02,4.857238754630088806e-02,4.728310927748680115e-02,4.779814556241035461e-02
4.807732250116533712e-02,9.529589988233055919e-06,4.764774441719055176e-02,4.577771574258804321e-02,4.667887091636657715e-02,4.898715764284133911e-02,4.873877763748168945e-02,4.679634794592857361e-02,4.764435440301895142e-02,4.555783048272132874e-02,4.626455530524253845e-02,4.561479017138481140e-02,4.818691313266754150e-02,4.701950401067733765e-02,4.835022985935211182e-02,4.658444225788116455e-02,4.749463126063346863e-02
4.824149864703525248e-02,9.547936315357219428e-06,4.808546975255012512e-02,4.617834463715553284e-02,4.736661911010742188e-02,4.660966247320175171e-02,4.763412103056907654e-02,4.747197777032852173e-02,4.578008875250816345e-02,4.593575373291969299e-02,4.734669625759124756e-02,4.810461401939392090e-02,4.755248874425888062e-02,4.721066355705261230e-02,4.858475178480148315e-02,4.684612154960632324e-02,4.770601540803909302e-02
4.840567479290516784e-02,9.503271030553150922e-06,4.653780534863471985e-02,4.621072486042976379e-02,4.815691336989402771e-02,4.521801695227622986e-02,4.574092105031013489e-02,4.794074222445487976e-02,4.617316275835037231e-02,4.860547184944152832e-02,4.777499660849571228e-02,4.756820201873779297e-02,4.586233571171760559e-02,4.571861401200294495e-02,4.946856945753097534e-02,4.779987409710884094e-02,4.842981696128845215e-02
4.856985093877509707e-02,9.632887667976319790e-06,4.589146003127098083e-02,4.843587428331375122e-02,4.693207144737243652e-02,4.874555394053459167e-02,4.781267046928405762e-02,4.702819883823394775e-02,4.852274432778358459e-02,4.602060467004776001e-02,4.750018566846847534e-02,4.699089378118515015e-02,4.714325442910194397e-02,4.842451214790344238e-02,4.776713252067565918e-02,4.881825670599937439e-02,4.845381155610084534e-02
4.873402708464501243e-02,9.627487997931893915e-06,4.906369745731353760e-02,4.905234277248382568e-02,4.852658882737159729e-02,4.805694147944450378e-02,4.719546437263488770e-02,4.751347005367279053e-02,4.618276655673980713e-02,4.755339026451110840e-02,4.861193150281906128e-02,4.856302589178085327e-02,4.881088808178901672e-02,4.770271107554435730e-02,4.626775532960891724e-02,4.688532277941703796e-02,4.716260358691215515e-02
4.889820323051492779e-02,9.636230970500037074e-06,5.008977279067039490e-02,4.898142442107200623e-02,4.639029875397682190e-02,4.833047464489936829e-02,4.738009721040725708e-02,4.786938428878784180e-02,4.674013704061508179e-02,4.751218855381011963e-02,4.853885993361473083e-02,4.866551980376243591e-02,4.634978249669075012e-02,4.696620255708694458e-02,4.750825092196464539e-02,4.836125671863555908e-02,4.713778942823410034e-02
4.906237937638485008e-02,9.650174433772917837e-06,4.634750634431838989e-02,4.635647311806678772e-02,4.936870560050010681e-02,4.884147271513938904e-02,4.744067788124084473e-02,4.726336151361465454e-02,4.802960157394409180e-02,4.740872979164123535e-02,4.812910780310630798e-02,4.898636788129806519e-02,4.776030033826828003e-02,4.810120910406112671e-02,4.812762141227722168e-02,4.744638875126838684e-02,4.767617210745811462e-02
4.922655552225477238e-02,9.516005775367375463e-06,4.677464440464973450e-02,4.788939654827117920e-02,4.635647684335708618e-02,4.753178358078002930e-02,4.569866508245468140e-02,4.841698333621025085e-02,4.651103913784027100e-02,4.640728980302810669e-02,4.714944958686828613e-02,4.663904756307601929e-02,4.608204960823059082e-02,4.781023785471916199e-02,4.718250781297683716e-02,4.931573569774627686e-02,4.809324815869331360e-02
4.939073166812468774e-02,9.502145985607057810e-06,4.749162867665290833e-02,4.747190326452255249e-02,4.687936976552009583e-02,4.745151102542877197e-02,4.489389061927795410e-02,4.773049056529998779e-02,4.746120795607566833e-02,4.844721406698226929e-02,4.689776152372360229e-02,4.689896479249000549e-02,4.606118425726890564e-02,4.708055406808853149e-02,4.797007888555526733e-02,4.622047021985054016e-02,4.840075224637985229e-02
4.955490781399461003e-02,9.674776265455875546e-06,4.883255437016487122e-02,4.561098292469978333e-02,4.919429868459701538e-02,4.784251376986503601e-02,4.663770273327827454e-02,4.806229472160339355e-02,4.688606038689613342e-02,4.819337278604507446e-02,4.715614020824432373e-02,4.808012768626213074e-02,4.808042198419570923e-02,4.736524447798728943e-02,4.768765345215797424e-02,4.931862279772758484e-02,4.792024195194244385e-02
4.971908395986453233e-02,9.538607628201134503e-06,4.757971316576004028e-02,4.729488864541053772e-02,4.585778340697288513e-02,4.602248221635818481e-02,4.600094631314277649e-02,4.729434847831726074e-02,4.713487625122070312e-02,4.636189341545104980e-02,4.738946259021759033e-02,4.818014428019523621e-02,4.691883176565170288e-02,4.828140884637832642e-02,4.847108572721481323e-02,4.724457114934921265e-02,4.820832982659339905e-02
4.988326010573444769e-02,9.616266652301419526e-06,4.896613582968711853e-02,4.645594581961631775e-02,4.726685583591461182e-02,4.720332473516464233e-02,4.782380163669586182e-02,4.651327058672904968e-02,4.832345619797706604e-02,4.662553220987319946e-02,4.693537950515747070e-02,4.712036624550819397e-02,4.812961071729660034e-02,4.748167470097541809e-02,4.866557568311691284e-02,4.756422340869903564e-02,4.881959408521652222e-02
5.004743625160436304e-02,9.550061804475262761e-06,4.635179787874221802e-02,4.727046564221382141e-02,4.477203637361526489e-02,4.888717457652091980e-02,4.633241519331932068e-02,4.815428331494331360e-02,4.700556024909019470e-02,4.774896055459976196e-02,4.935519397258758545e-02,4.645264521241188049e-02,4.696020111441612244e-02,4.756149277091026306e-02,4.819334298372268677e-02,4.736372083425521851e-02,4.793168604373931885e-02
5.021161239747429228e-02,9.527904694550670683e-06,4.753395915031433105e-02,4.696556180715560913e-02,4.531744867563247681e-02,4.695245251059532166e-02,4.753416776657104492e-02,4.596283659338951111e-02,4.549453034996986389e-02,4.786513000726699829e-02,4.770520329475402832e-02,4.732495918869972229e-02,4.839293658733367920e-02,4.722823947668075562e-02,4.719778895378112793e-02,4.683012142777442932e-02,4.818823933601379395e-02
5.037578854334420764e-02,9.569954272592440248e-06,4.637358710169792175e-02,4.585880786180496216e-02,4.835710301995277405e-02,4.772811755537986755e-02,4.787386581301689148e-02,4.827562347054481506e-02,4.831457510590553284e-02,4.891324788331985474e-02,4.703240096569061279e-02,4.892477020621299744e-02,4.825194180011749268e-02,4.642003402113914490e-02,4.618719220161437988e-02,4.760485142469406128e-02,4.590785503387451172e-02
5.053996468921412299e-02,9.573446732247248292e-06,4.815331846475601196e-02,4.704724624752998352e-02,4.552249982953071594e-02,4.831834882497787476e-02,4.797881096601486206e-02,4.841793701052665710e-02,4.743842035531997681e-02,4.882800579071044922e-02,4.664132744073867798e-02,4.796987026929855347e-02,4.633553326129913330e-02,4.721498489379882812e-02,4.637749865651130676e-02,4.853809997439384460e-02,4.699318483471870422e-02
5.070414083508404529e-02,9.598765245755203068e-06,4.777599498629570007e-02,4.690058901906013489e-02,4.698080569505691528e-02,4.789343103766441345e-02,4.720520228147506714e-02,4.663009941577911377e-02,4.625388979911804199e-02,4.912366718053817749e-02,4.961083456873893738e-02,4.837946593761444092e-02,4.809952899813652039e-02,4.741475358605384827e-02,4.769244417548179626e-02,4.610281065106391907e-02,4.841814935207366943e-02
5.086831698095396759e-02,9.645994396123569459e-06,4.742848500609397888e-02,4.691235721111297607e-02,4.776997119188308716e-02,4.768242314457893372e-02,4.615082219243049622e-02,4.850189760327339172e-02,4.798867553472518921e-02,4.793903231620788574e-02,4.916925355792045593e-02,4.806634783744812012e-02,4.771845415234565735e-02,4.783201590180397034e-02,4.906609654426574707e-02,4.783685877919197083e-02,4.746843501925468445e-02
5.103249312682388295e-02,9.560491889715194702e-06,4.650716856122016907e-02,4.805036634206771851e-02,4.875249415636062622e-02,4.874427244067192078e-02,4.727254807949066162e-02,4.796950891613960266e-02,4.691563919186592102e-02,4.845816642045974731e-02,4.677233472466468811e-02,4.789245128631591797e-02,4.582890123128890991e-02,4.847947880625724792e-02,4.586343839764595032e-02,4.797464236617088318e-02,4.684298858046531677e-02
5.119666927269380524e-02,9.525811947241891176e-06,4.802285879850387573e-02,4.778217151761054993e-02,4.607816040515899658e-02,4.656811803579330444e-02,4.709357023239135742e-02,4.717257246375083923e-02,4.796078056097030640e-02,4.600818082690238953e-02,4.892916977405548096e-02,4.634791985154151917e-02,4.756066948175430298e-02,4.728268086910247803e-02,4.643598571419715881e-02,4.748224094510078430e-02,4.770697280764579773e-02
5.136084541856372754e-02,9.641903488954994828e-06,4.753002896904945374e-02,4.759357124567031860e-02,4.562677815556526184e-02,4.665543884038925171e-02,4.644586145877838135e-02,4.757540673017501831e-02,4.901609197258949280e-02,4.813139885663986206e-02,4.924991726875305176e-02,4.741209372878074646e-02,4.678928107023239136e-02,4.931474104523658752e-02,4.907624050974845886e-02,4.908217489719390869e-02,4.708569124341011047e-02
5.152502156443364290e-02,9.601472811482381076e-06,4.824034869670867920e-02,4.808426275849342346e-02,4.885553941130638123e-02,4.896619170904159546e-02,4.710253700613975525e-02,4.885457083582878113e-02,4.687474295496940613e-02,4.635516181588172913e-02,4.803185164928436279e-02,4.825272783637046814e-02,4.729720950126647949e-02,4.556639865040779114e-02,4.810858890414237976e-02,4.808704927563667297e-02,4.738942161202430725e-02
5.168919771030355825e-02,9.560035323374904692e-06,4.884287714958190918e-02,4.688547924160957336e-02,4.686339199542999268e-02,4.744036123156547546e-02,4.717515781521797180e-02,4.703631624579429626e-02,4.744844883680343628e-02,4.763190448284149170e-02,4.595322906970977783e-02,4.734685271978378296e-02,4.759026691317558289e-02,4.836274310946464539e-02,4.704044759273529053e-02,4.741119965910911560e-02,4.714441299438476562e-02
5.185337385617348055e-02,9.530792340228799731e-06,4.592096805572509766e-02,4.818011820316314697e-02,4.816161096096038818e-02,4.824724420905113220e-02,4.804159328341484070e-02,4.666400328278541565e-02,4.720287770032882690e-02,4.767649620771408081e-02,4.781366139650344849e-02,4.680243879556655884e-02,4.608701542019844055e-02,4.632783308625221252e-02,4.687345772981643677e-02,4.879235848784446716e-02,4.699737206101417542e-02
5.201755000204340285e-02,9.507915819995105267e-06,4.635105282068252563e-02,4.922236502170562744e-02,4.766333848237991333e-02,4.670315980911254883e-02,4.637143760919570923e-02,4.695546254515647888e-02,4.746848344802856445e-02,4.632428288459777832e-02,4.674539342522621155e-02,4.766796529293060303e-02,4.794236272573471069e-02,4.625992104411125183e-02,4.701636359095573425e-02,4.751125350594520569e-02,4.808583855628967285e-02
5.218172614791331820e-02,9.485879672865848988e-06,4.804269224405288696e-02,4.639896750450134277e-02,4.690960422158241272e-02,4.669871553778648376e-02,4.557600989937782288e-02,4.825771972537040710e-02,4.652155563235282898e-02,4.733118414878845215e-02,4.745205119252204895e-02,4.733137413859367371e-02,4.781538620591163635e-02,4.532714560627937317e-02,4.576155543327331543e-02,4.812905192375183105e-02,4.695107415318489075e-02
5.234590229378324050e-02,9.508281436865217984e-06,4.774609580636024475e-02,4.542232677340507507e-02,4.731953889131546021e-02,4.783213511109352112e-02,4.765885323286056519e-02,4.825356602668762207e-02,4.723570495843887329e-02,4.490902647376060486e-02,4.802103340625762939e-02,4.692949354648590088e-02,4.671210795640945435e-02,4.800802096724510193e-02,4.798575490713119507e-02,4.673796147108078003e-02,4.779233783483505249e-02
5.251007843965316280e-02,9.483342182647902519e-06,4.812550172209739685e-02,4.552928730845451355e-02,4.798158630728721619e-02,4.782817140221595764e-02,4.793179407715797424e-02,4.494883492588996887e-02,4.806640744209289551e-02,4.667205736041069031e-02,4.676911607384681702e-02,4.655924066901206970e-02,4.560484364628791809e-02,4.784910753369331360e-02,4.698965698480606079e-02,4.541561752557754517e-02,4.809450730681419373e-02
5.267425458552307815e-02,9.564357242197729647e-06,4.679838195443153381e-02,4.732070490717887878e-02,4.819759353995323181e-02,4.728472605347633362e-02,4.868936538696289062e-02,4.825393483042716980e-02,4.731520637869834900e-02,4.675271362066268921e-02,4.805655777454376221e-02,4.712197557091712952e-02,4.612844064831733704e-02,4.674954712390899658e-02,4.619289562106132507e-02,4.719331860542297363e-02,4.821619763970375061e-02
5.283843073139299351e-02,9.475919796386733651e-06,4.896462336182594299e-02,4.688244313001632690e-02,4.666433483362197876e-02,4.513970762491226196e-02,4.639271274209022522e-02,4.666048660874366760e-02,4.679606109857559204e-02,4.594567045569419861e-02,4.822938516736030579e-02,4.735080152750015259e-02,4.630246385931968689e-02,4.736461490392684937e-02,4.822510108351707458e-02,4.710383713245391846e-02,4.698464274406433105e-02
5.300260687726292275e-02,9.431629223399795592e-06,4.577576741576194763e-02,4.611927643418312073e-02,5.066491663455963135e-02,4.684980586171150208e-02,4.648331180214881897e-02,4.472176730632781982e-02,4.745256900787353516e-02,4.667227715253829956e-02,4.672190546989440918e-02,4.495676234364509583e-02,4.594084620475769043e-02,4.733556136488914490e-02,4.735371842980384827e-02,4.717025905847549438e-02,4.757483303546905518e-02
5.316678302313283810e-02,9.444536772207356989e-06,4.575362801551818848e-02,4.772799834609031677e-02,4.786242172122001648e-02,4.594488441944122314e-02,4.724359512329101562e-02,4.677509516477584839e-02,4.718770086765289307e-02,4.839183017611503601e-02,4.635294526815414429e-02,4.708448052406311035e-02,4.656613245606422424e-02,4.735783487558364868e-02,4.755939915776252747e-02,4.645054787397384644e-02,4.579826444387435913e-02
5.333095916900275346e-02,9.448095624975394458e-06,4.729235917329788208e-02,4.706377163529396057e-02,4.830677807331085205e-02,4.600086435675621033e-02,4.875612258911132812e-02,4.851158335804939270e-02,4.680979624390602112e-02,4.725920408964157104e-02,4.619807004928588867e-02,4.472107067704200745e-02,4.512376338243484497e-02,4.562128335237503052e-02,4.735096544027328491e-02,4.743525758385658264e-02,4.764038696885108948e-02
5.349513531487267576e-02,9.461926310905255377e-06,4.641089960932731628e-02,4.831204935908317566e-02,4.500404372811317444e-02,4.844866693019866943e-02,4.530386626720428467e-02,4.661677405238151550e-02,4.841094836592674255e-02,4.656706750392913818e-02,4.684945940971374512e-02,4.568778350949287415e-02,4.740800708532333374e-02,4.785981401801109314e-02,4.650229960680007935e-02,4.696166142821311951e-02,4.749420285224914551e-02
5.365931146074259805e-02,9.443087947147432715e-06,4.640106856822967529e-02,4.834206402301788330e-02,4.793768003582954407e-02,4.759003967046737671e-02,4.662979766726493835e-02,4.527424275875091553e-02,4.797570779919624329e-02,4.539574682712554932e-02,4.616365209221839905e-02,4.599467292428016663e-02,4.681851714849472046e-02,4.705096781253814697e-02,4.713205248117446899e-02,4.675185307860374451e-02,4.705435410141944885e-02
5.382348760661251341e-02,9.424544259672984481e-06,4.599125683307647705e-02,4.562703892588615417e-02,4.649091139435768127e-02,4.725837334990501404e-02,4.685992747545242310e-02,4.739308729767799377e-02,4.660527035593986511e-02,4.698311537504196167e-02,4.828457534313201904e-02,4.845461249351501465e-02,4.682920873165130615e-02,4.488224163651466370e-02,4.728306084871292114e-02,4.657056927680969238e-02,4.542439430952072144e-02
5.398766375248243571e-02,9.437538210477214307e-06,4.630993679165840149e-02,4.698050767183303833e-02,4.914817959070205688e-02,4.689521715044975281e-02,4.585050418972969055e-02,4.655472934246063232e-02,4.690228775143623352e-02,4.689957946538925171e-02,4.696926474571228027e-02,4.444586485624313354e-02,4.758974909782409668e-02,4.598248749971389771e-02,4.746412485837936401e-02,4.663996398448944092e-02,4.736984521150588989e-02
5.415183989835235800e-02,9.449820936424657702e-06,4.576847702264785767e-02,4.794522747397422791e-02,4.895208030939102173e-02,4.650151357054710388e-02,4.751590639352798462e-02,4.860351234674453735e-02,4.697225242853164673e-02,4.645168036222457886e-02,4.772510752081871033e-02,4.713825508952140808e-02,4.495349153876304626e-02,4.594257473945617676e-02,4.657262191176414490e-02,4.469662904739379883e-02,4.673286527395248413e-02
5.431601604422227336e-02,9.426520591659937054e-06,4.632870480418205261e-02,4.690866172313690186e-02,4.520175606012344360e-02,4.785640910267829895e-02,4.745459929108619690e-02,4.722578823566436768e-02,4.696806520223617554e-02,4.677513241767883301e-02,4.694199934601783752e-02,4.655302315950393677e-02,4.559822008013725281e-02,4.735919833183288574e-02,4.660996049642562866e-02,4.625610262155532837e-02,4.607590660452842712e-02
5.448019219009218872e-02,9.351860171591397375e-06,4.416318610310554504e-02,4.715573042631149292e-02,4.745692759752273560e-02,4.419203847646713257e-02,4.721222072839736938e-02,4.644200578331947327e-02,4.625865072011947632e-02,4.600897803902626038e-02,4.638133943080902100e-02,4.624790698289871216e-02,4.576291888952255249e-02,4.552374035120010376e-02,4.661836475133895874e-02,4.769499227404594421e-02,4.701547324657440186e-02
5.464436833596211796e-02,9.349015272164251655e-06,4.468476027250289917e-02,4.640310630202293396e-02,4.759865999221801758e-02,4.672824218869209290e-02,4.549588263034820557e-02,4.578652977943420410e-02,4.527150467038154602e-02,4.652395471930503845e-02,4.676348716020584106e-02,4.678430408239364624e-02,4.831888899207115173e-02,4.608370736241340637e-02,4.581267759203910828e-02,4.629831016063690186e-02,4.691518843173980713e-02
5.480854448183203331e-02,9.433880222786683589e-06,4.537018388509750366e-02,4.635956510901451111e-02,4.808304831385612488e-02,4.716251790523529053e-02,4.812125861644744873e-02,4.678830131888389587e-02,4.793876037001609802e-02,4.752058535814285278e-02,4.606678336858749390e-02,4.559339582920074463e-02,4.541428759694099426e-02,4.705873131752014160e-02,4.616451635956764221e-02,4.696057364344596863e-02,4.722780734300613403e-02
5.497272062770194867e-02,9.434258572582621127e-06,4.784195870161056519e-02,4.516245797276496887e-02,4.633583128452301025e-02,4.692512005567550659e-02,4.580347985029220581e-02,4.577560722827911377e-02,4.737167805433273315e-02,4.592097550630569458e-02,4.881786927580833435e-02,4.681286215782165527e-02,4.817664623260498047e-02,4.639447107911109924e-02,4.453787207603454590e-02,4.659180343151092529e-02,4.706409946084022522e-02
5.513689677357187097e-02,9.374166438647080213e-06,4.706073179841041565e-02,4.645667597651481628e-02,4.354767128825187683e-02,4.768384248018264771e-02,4.744480922818183899e-02,4.632609710097312927e-02,4.619588702917098999e-02,4.647399112582206726e-02,4.510660469532012939e-02,4.518909007310867310e-02,4.717724397778511047e-02,4.721412807703018188e-02,4.770916327834129333e-02,4.640174284577369690e-02,4.795910790562629700e-02
5.530107291944179326e-02,9.326729013992007822e-06,4.657214507460594177e-02,4.559898376464843750e-02,4.768563434481620789e-02,4.721403121948242188e-02,4.705481231212615967e-02,4.532537609338760376e-02,4.655809700489044189e-02,4.558548703789710999e-02,4.792227223515510559e-02,4.562216252088546753e-02,4.486501216888427734e-02,4.655099287629127502e-02,4.587273299694061279e-02,4.672287777066230774e-02,4.437532648444175720e-02
5.546524906531170862e-02,9.372492058901116252e-06,4.597634077072143555e-02,4.664814844727516174e-02,4.578725248575210571e-02,4.520100355148315430e-02,4.615629464387893677e-02,4.526776820421218872e-02,4.538678750395774841e-02,4.634425044059753418e-02,4.799655824899673462e-02,4.796795547008514404e-02,4.732577502727508545e-02,4.547911137342453003e-02,4.652490839362144470e-02,4.620083793997764587e-02,4.696228355169296265e-02
5.562942521118163092e-02,9.430678801436442882e-06,4.582307115197181702e-02,4.847846925258636475e-02,4.742377251386642456e-02,4.757866635918617249e-02,4.760237038135528564e-02,4.718936234712600708e-02,4.699063673615455627e-02,4.632382094860076904e-02,4.563679173588752747e-02,4.685189202427864075e-02,4.516263306140899658e-02,4.715695977210998535e-02,4.673137515783309937e-02,4.590302705764770508e-02,4.558793827891349792e-02
5.579360135705155321e-02,9.303065780841279775e-06,4.723476991057395935e-02,4.710232466459274292e-02,4.615884646773338318e-02,4.653548076748847961e-02,4.503872990608215332e-02,4.647776857018470764e-02,4.546166583895683289e-02,4.653668776154518127e-02,4.635128378868103027e-02,4.494164511561393738e-02,4.623007029294967651e-02,4.669516161084175110e-02,4.536250233650207520e-02,4.535907879471778870e-02,4.600548371672630310e-02
5.595777750292146857e-02,9.387750651512760669e-06,4.618729650974273682e-02,4.601265117526054382e-02,4.635181650519371033e-02,4.520101472735404968e-02,4.543619230389595032e-02,4.633641988039016724e-02,4.798313230276107788e-02,4.552484303712844849e-02,4.641655460000038147e-02,4.808621853590011597e-02,4.622230306267738342e-02,4.559466987848281860e-02,4.653720557689666748e-02,4.833818599581718445e-02,4.711420461535453796e-02
5.612195364879138393e-02,9.310218047176022083e-06,4.532469436526298523e-02,4.883226379752159119e-02,4.613956436514854431e-02,4.576410353183746338e-02,4.709053412079811096e-02,4.590059444308280945e-02,4.481761157512664795e-02,4.700413718819618225e-02,4.552706331014633179e-02,4.568254202604293823e-02,4.588392376899719238e-02,4.666071012616157532e-02,4.712554067373275757e-02,4.506127163767814636e-02,4.570472985506057739e-02
5.628612979466131316e-02,9.312389920523855835e-06,4.684989526867866516e-02,4.573786258697509766e-02,4.754498228430747986e-02,4.521520063281059265e-02,4.632851853966712952e-02,4.748916998505592346e-02,4.631835222244262695e-02,4.580564424395561218e-02,4.755022749304771423e-02,4.724327102303504944e-02,4.435729607939720154e-02,4.751650989055633545e-02,4.565774649381637573e-02,4.564841091632843018e-02,4.515356570482254028e-02
5.645030594053122852e-02,9.335270078736357391e-06,4.642505198717117310e-02,4.603970795869827271e-02,4.783875867724418640e-02,4.757340624928474426e-02,4.690646752715110779e-02,4.621578007936477661e-02,4.716880246996879578e-02,4.402430355548858643e-02,4.808701202273368835e-02,4.576697573065757751e-02,4.678856581449508667e-02,4.543458297848701477e-02,4.514902830123901367e-02,4.499629139900207520e-02,4.439699649810791016e-02
5.661448208640114388e-02,9.346168553747702390e-06,4.616982117295265198e-02,4.597902670502662659e-02,4.632278531789779663e-02,4.862807318568229675e-02,4.720924794673919678e-02,4.646932333707809448e-02,4.602670297026634216e-02,4.650452733039855957e-02,4.614729061722755432e-02,4.622109234333038330e-02,4.677309468388557434e-02,4.556002840399742126e-02,4.624579101800918579e-02,4.536479339003562927e-02,4.654266685247421265e-02
5.677865823227106618e-02,9.265697372029535472e-06,4.483922198414802551e-02,4.638891294598579407e-02,4.605168849229812622e-02,4.585209116339683533e-02,4.635678976774215698e-02,4.753720760345458984e-02,4.593951627612113953e-02,4.763427376747131348e-02,4.366330802440643311e-02,4.679869487881660461e-02,4.534532874822616577e-02,4.787018150091171265e-02,4.584778100252151489e-02,4.520299285650253296e-02,4.433757066726684570e-02
5.694283437814098847e-02,9.305218554800376296e-06,4.678566381335258484e-02,4.647465795278549194e-02,4.603784903883934021e-02,4.619367793202400208e-02,4.502417519688606262e-02,4.668509960174560547e-02,4.571481049060821533e-02,4.504003375768661499e-02,4.787653312087059021e-02,4.544632509350776672e-02,4.734287410974502563e-02,4.580407962203025818e-02,4.495130479335784912e-02,4.692823067307472229e-02,4.479871317744255066e-02
5.710701052401090383e-02,9.310128007200546563e-06,4.616913199424743652e-02,4.483093321323394775e-02,4.635300114750862122e-02,4.822994396090507507e-02,4.561848938465118408e-02,4.708428680896759033e-02,4.822135344147682190e-02,4.605388268828392029e-02,4.533374309539794922e-02,4.643419384956359863e-02,4.589492082595825195e-02,4.413557425141334534e-02,4.635629802942276001e-02,4.493337497115135193e-02,4.667607694864273071e-02
5.727118666988082613e-02,9.279881851398386061e-06,4.782050475478172302e-02,4.738496989011764526e-02,4.714889824390411377e-02,4.725767299532890320e-02,4.605869948863983154e-02,4.534607008099555969e-02,4.831304773688316345e-02,4.582999274134635925e-02,4.375309124588966370e-02,4.551338031888008118e-02,4.657549038529396057e-02,4.451704025268554688e-02,4.635170102119445801e-02,4.536383226513862610e-02,4.412958025932312012e-02
5.743536281575074842e-02,9.227518603438511491e-06,4.607960581779479980e-02,4.629753902554512024e-02,4.485784098505973816e-02,4.728835076093673706e-02,4.698637500405311584e-02,4.580841958522796631e-02,4.588403552770614624e-02,4.609970003366470337e-02,4.513621702790260315e-02,4.515293985605239868e-02,4.570842534303665161e-02,4.513531178236007690e-02,4.673120379447937012e-02,4.454708099365234375e-02,4.528474435210227966e-02
5.759953896162066378e-02,9.328749001724645495e-06,4.568228498101234436e-02,4.596070945262908936e-02,4.677217081189155579e-02,4.721803963184356689e-02,4.493184387683868408e-02,4.758256301283836365e-02,4.644698649644851685e-02,4.611543938517570496e-02,4.751898720860481262e-02,4.787649586796760559e-02,4.673955217003822327e-02,4.645684361457824707e-02,4.402322322130203247e-02,4.667656868696212769e-02,4.508597031235694885e-02
5.776371510749057914e-02,9.244059583579655737e-06,4.553519561886787415e-02,4.683355987071990967e-02,4.655508324503898621e-02,4.615707322955131531e-02,4.490025714039802551e-02,4.599168896675109863e-02,4.609018191695213318e-02,4.692250862717628479e-02,4.676094278693199158e-02,4.688298702239990234e-02,4.467186331748962402e-02,4.515202715992927551e-02,4.438439384102821350e-02,4.395388066768646240e-02,4.654023423790931702e-02
5.792789125336050837e-02,9.237794984073843807e-06,4.543771594762802124e-02,4.609380289912223816e-02,4.659205675125122070e-02,4.376321285963058472e-02,4.658516123890876770e-02,4.698681458830833435e-02,4.595000669360160828e-02,4.598758369684219360e-02,4.626227915287017822e-02,4.590113833546638489e-02,4.648090153932571411e-02,4.629816114902496338e-02,4.482024163007736206e-02,4.722284153103828430e-02,4.390643909573554993e-02
5.809206739923042373e-02,9.195432539854664356e-06,4.812120273709297180e-02,4.552021250128746033e-02,4.624285176396369934e-02,4.519966244697570801e-02,4.513800144195556641e-02,4.416354373097419739e-02,4.425930231809616089e-02,4.488626122474670410e-02,4.542474448680877686e-02,4.555888473987579346e-02,4.558022692799568176e-02,4.497615247964859009e-02,4.616244509816169739e-02,4.648406431078910828e-02,4.585365951061248779e-02
5.825624354510033909e-02,9.129910722549539059e-06,4.683933034539222717e-02,4.622229561209678650e-02,4.772477969527244568e-02,4.434705898165702820e-02,4.526688531041145325e-02,4.489882662892341614e-02,4.622706025838851929e-02,4.516676440834999084e-02,4.450010880827903748e-02,4.500481858849525452e-02,4.509898647665977478e-02,4.465761408209800720e-02,4.490071907639503479e-02,4.584563523530960083e-02,4.365046694874763489e-02
5.842041969097026138e-02,9.237327503797132522e-06,4.710517823696136475e-02,4.581042751669883728e-02,4.577969014644622803e-02,4.608437418937683105e-02,4.487944021821022034e-02,4.459417611360549927e-02,4.527444764971733093e-02,4.573735967278480530e-02,4.620634019374847412e-02,4.714602977037429810e-02,4.580112546682357788e-02,4.504611343145370483e-02,4.549041017889976501e-02,4.602381587028503418e-02,4.629575088620185852e-02
5.858459583684018368e-02,9.213137673214077950e-06,4.566621780395507812e-02,4.489419609308242798e-02,4.543286561965942383e-02,4.642143473029136658e-02,4.500161483883857727e-02,4.819507524371147156e-02,4.512134194374084473e-02,4.710261523723602295e-02,4.469903931021690369e-02,4.506291076540946960e-02,4.482368379831314087e-02,4.595618695020675659e-02,4.652110487222671509e-02,4.539356008172035217e-02,4.485041648149490356e-02
5.874877198271009904e-02,9.089793820749036968e-06,4.609723389148712158e-02,4.464270547032356262e-02,4.367661103606224060e-02,4.398045316338539124e-02,4.532821848988533020e-02,4.514363408088684082e-02,4.603992030024528503e-02,4.466927796602249146e-02,4.558920115232467651e-02,4.454824328422546387e-02,4.386238753795623779e-02,4.603485763072967529e-02,4.494737833738327026e-02,4.524175077676773071e-02,4.520494863390922546e-02
5.891294812858002133e-02,9.152291568170767277e-06,4.550222679972648621e-02,4.439599066972732544e-02,4.587841406464576721e-02,4.499983042478561401e-02,4.512551054358482361e-02,4.541834443807601929e-02,4.431968554854393005e-02,4.709667339920997620e-02,4.529720917344093323e-02,4.512609913945198059e-02,4.681549221277236938e-02,4.493611678481101990e-02,4.639094695448875427e-02,4.499175027012825012e-02,4.349449276924133301e-02
5.907712427444994363e-02,9.199379746860358864e-06,4.692987725138664246e-02,4.600982367992401123e-02,4.486300796270370483e-02,4.642811790108680725e-02,4.560964927077293396e-02,4.536407068371772766e-02,4.461874440312385559e-02,4.687770083546638489e-02,4.525041952729225159e-02,4.466341435909271240e-02,4.672958701848983765e-02,4.558199644088745117e-02,4.437118396162986755e-02,4.486258700489997864e-02,4.615858942270278931e-02
5.924130042031985899e-02,9.130703801929485053e-06,4.805563762784004211e-02,4.655681550502777100e-02,4.527867212891578674e-02,4.425678029656410217e-02,4.404130578041076660e-02,4.452589899301528931e-02,4.558417946100234985e-02,4.577116295695304871e-02,4.458006471395492554e-02,4.450839385390281677e-02,4.424322396516799927e-02,4.474143683910369873e-02,4.605689644813537598e-02,4.617541655898094177e-02,4.421298578381538391e-02
5.940547656618977435e-02,9.051176675711758435e-06,4.528988897800445557e-02,4.660915210843086243e-02,4.533650353550910950e-02,4.434290155768394470e-02,4.440702870488166809e-02,4.566485062241554260e-02,4.642359539866447449e-02,4.587920382618904114e-02,4.379600659012794495e-02,4.478046298027038574e-02,4.409427568316459656e-02,4.459555074572563171e-02,4.352457448840141296e-02,4.465543478727340698e-02,4.483608901500701904e-02
5.956965271205970358e-02,9.145086551143322140e-06,4.404505714774131775e-02,4.805577173829078674e-02,4.609726369380950928e-02,4.472526535391807556e-02,4.650401696562767029e-02,4.429362341761589050e-02,4.752314090728759766e-02,4.634090512990951538e-02,4.427872970700263977e-02,4.471014440059661865e-02,4.636967927217483521e-02,4.543008655309677124e-02,4.449154064059257507e-02,4.463741183280944824e-02,4.311659932136535645e-02
5.973382885792961894e-02,9.121244147536344826e-06,4.663071036338806152e-02,4.612147435545921326e-02,4.621160030364990234e-02,4.549277573823928833e-02,4.530527442693710327e-02,4.583238437771797180e-02,4.528257250785827637e-02,4.664061591029167175e-02,4.444900155067443848e-02,4.613810032606124878e-02,4.545836150646209717e-02,4.397050291299819946e-02,4.429678618907928467e-02,4.471461474895477295e-02,4.322610795497894287e-02
5.989800500379953430e-02,9.125010365096386522e-06,4.376715421676635742e-02,4.638525843620300293e-02,4.613680392503738403e-02,4.569941014051437378e-02,4.630913957953453064e-02,4.585417732596397400e-02,4.569194465875625610e-02,4.410904645919799805e-02,4.358544573187828064e-02,4.498115181922912598e-02,4.441449046134948730e-02,4.624147340655326843e-02,4.561430960893630981e-02,4.471664875745773315e-02,4.470155015587806702e-02
6.006218114966945659e-02,9.058779141923878342e-06,4.463525488972663879e-02,4.713544622063636780e-02,4.461376741528511047e-02,4.625099524855613708e-02,4.475838690996170044e-02,4.466548934578895569e-02,4.423777759075164795e-02,4.443826898932456970e-02,4.412933439016342163e-02,4.453222081065177917e-02,4.530327394604682922e-02,4.527153447270393372e-02,4.533490166068077087e-02,4.424268007278442383e-02,4.446844384074211121e-02
6.022635729553937889e-02,9.018411219585686922e-06,4.428189620375633240e-02,4.430162906646728516e-02,4.500095173716545105e-02,4.349400848150253296e-02,4.397231340408325195e-02,4.633375257253646851e-02,4.667213559150695801e-02,4.558474570512771606e-02,4.603116586804389954e-02,4.360884428024291992e-02,4.476020112633705139e-02,4.379688203334808350e-02,4.512582719326019287e-02,4.432101920247077942e-02,4.487625882029533386e-02
6.039053344140929425e-02,9.080620657186955214e-06,4.576249420642852783e-02,4.535376653075218201e-02,4.645089805126190186e-02,4.652359709143638611e-02,4.465020075440406799e-02,4.497355222702026367e-02,4.454826191067695618e-02,4.670564457774162292e-02,4.406701773405075073e-02,4.522679001092910767e-02,4.489581286907196045e-02,4.485265538096427917e-02,4.441772401332855225e-02,4.345583170652389526e-02,4.501126334071159363e-02
6.055470958727921654e-02,9.045166734722442925e-06,4.673888161778450012e-02,4.354609549045562744e-02,4.535106569528579712e-02,4.472798109054565430e-02,4.455023258924484253e-02,4.769533500075340271e-02,4.407334700226783752e-02,4.547571763396263123e-02,4.488215222954750061e-02,4.445102810859680176e-02,4.559098929166793823e-02,4.591161385178565979e-02,4.430244863033294678e-02,4.389943927526473999e-02,4.291061311960220337e-02
6.071888573314913884e-02,9.040938493853900582e-06,4.620176181197166443e-02,4.525849223136901855e-02,4.565528780221939087e-02,4.479913786053657532e-02,4.679956659674644470e-02,4.350520297884941101e-02,4.412460327148437500e-02,4.389501363039016724e-02,4.433847591280937195e-02,4.532374069094657898e-02,4.617866501212120056e-02,4.410520568490028381e-02,4.425827786326408386e-02,4.416646808385848999e-02,4.439425840973854065e-02
6.088306187901905420e-02,9.048681022250093520e-06,4.428021609783172607e-02,4.411686956882476807e-02,4.276701807975769043e-02,4.468791559338569641e-02,4.517401009798049927e-02,4.493755847215652466e-02,4.588930681347846985e-02,4.588687047362327576e-02,4.422399401664733887e-02,4.418472200632095337e-02,4.583186656236648560e-02,4.611522331833839417e-02,4.588299989700317383e-02,4.266041889786720276e-02,4.575320333242416382e-02
6.104723802488896955e-02,8.964718290371820331e-06,4.616260528564453125e-02,4.342754557728767395e-02,4.363375902175903320e-02,4.464253410696983337e-02,4.409072548151016235e-02,4.290344566106796265e-02,4.518739506602287292e-02,4.592142254114151001e-02,4.309244081377983093e-02,4.422558099031448364e-02,4.399836808443069458e-02,4.415339976549148560e-02,4.464578628540039062e-02,4.508066549897193909e-02,4.510234668850898743e-02
6.121141417075889879e-02,8.944871296989731491e-06,4.337502643465995789e-02,4.565995186567306519e-02,4.459813237190246582e-02,4.468896985054016113e-02,4.492333158850669861e-02,4.374058917164802551e-02,4.499831795692443848e-02,4.391158372163772583e-02,4.628238454461097717e-02,4.373228922486305237e-02,4.358298331499099731e-02,4.524819180369377136e-02,4.324677214026451111e-02,4.463303089141845703e-02,4.389388114213943481e-02
6.137559031662881415e-02,8.917143532016780227e-06,4.481091722846031189e-02,4.448866099119186401e-02,4.472650587558746338e-02,4.418571665883064270e-02,4.330922663211822510e-02,4.487295448780059814e-02,4.483764246106147766e-02,4.252455383539199829e-02,4.524609819054603577e-02,4.425039142370223999e-02,4.416674375534057617e-02,4.661091417074203491e-02,4.123653843998908997e-02,4.466497898101806641e-02,4.466209188103675842e-02
